ISO-10303-21;
HEADER;
FILE_DESCRIPTION(('KiCad electronic assembly'),'2;1');
FILE_NAME('PondPad.step','2026-10-01T20:59:57',('Pcbnew'),('Kicad'),
  'Open CASCADE STEP processor 7.9','KiCad to STEP converter','Unknown'
  );
FILE_SCHEMA(('AUTOMOTIVE_DESIGN { 1 0 10303 214 1 1 1 1 }'));
ENDSEC;
DATA;
#1 = APPLICATION_PROTOCOL_DEFINITION('international standard',
  'automotive_design',2000,#2);
#2 = APPLICATION_CONTEXT(
  'core data for automotive mechanical design processes');
#3 = SHAPE_DEFINITION_REPRESENTATION(#4,#10);
#4 = PRODUCT_DEFINITION_SHAPE('','',#5);
#5 = PRODUCT_DEFINITION('design','',#6,#9);
#6 = PRODUCT_DEFINITION_FORMATION('','',#7);
#7 = PRODUCT('PondPad 1','PondPad 1','',(#8));
#8 = PRODUCT_CONTEXT('',#2,'mechanical');
#9 = PRODUCT_DEFINITION_CONTEXT('part definition',#2,'design');
#10 = SHAPE_REPRESENTATION('',(#11,#15,#19,#23,#27,#31),#35);
#11 = AXIS2_PLACEMENT_3D('',#12,#13,#14);
#12 = CARTESIAN_POINT('',(0.,0.,0.));
#13 = DIRECTION('',(0.,0.,1.));
#14 = DIRECTION('',(1.,0.,-0.));
#15 = AXIS2_PLACEMENT_3D('',#16,#17,#18);
#16 = CARTESIAN_POINT('',(49.,-159.5,1.595));
#17 = DIRECTION('',(0.,-0.,1.));
#18 = DIRECTION('',(1.110223024625E-16,1.,0.));
#19 = AXIS2_PLACEMENT_3D('',#20,#21,#22);
#20 = CARTESIAN_POINT('',(62.,-146.05,-8.5E-02));
#21 = DIRECTION('',(1.499759782662E-32,1.224646799147E-16,-1.));
#22 = DIRECTION('',(-1.,1.224646799147E-16,0.));
#23 = AXIS2_PLACEMENT_3D('',#24,#25,#26);
#24 = CARTESIAN_POINT('',(0.,0.,0.));
#25 = DIRECTION('',(0.,0.,1.));
#26 = DIRECTION('',(1.,0.,-0.));
#27 = AXIS2_PLACEMENT_3D('',#28,#29,#30);
#28 = CARTESIAN_POINT('',(0.,0.,0.));
#29 = DIRECTION('',(0.,0.,1.));
#30 = DIRECTION('',(1.,0.,-0.));
#31 = AXIS2_PLACEMENT_3D('',#32,#33,#34);
#32 = CARTESIAN_POINT('',(0.,0.,0.));
#33 = DIRECTION('',(0.,0.,1.));
#34 = DIRECTION('',(1.,0.,-0.));
#35 = ( GEOMETRIC_REPRESENTATION_CONTEXT(3) 
GLOBAL_UNCERTAINTY_ASSIGNED_CONTEXT((#39)) GLOBAL_UNIT_ASSIGNED_CONTEXT(
(#36,#37,#38)) REPRESENTATION_CONTEXT('Context #1',
  '3D Context with UNIT and UNCERTAINTY') );
#36 = ( LENGTH_UNIT() NAMED_UNIT(*) SI_UNIT(.MILLI.,.METRE.) );
#37 = ( NAMED_UNIT(*) PLANE_ANGLE_UNIT() SI_UNIT($,.RADIAN.) );
#38 = ( NAMED_UNIT(*) SI_UNIT($,.STERADIAN.) SOLID_ANGLE_UNIT() );
#39 = UNCERTAINTY_MEASURE_WITH_UNIT(LENGTH_MEASURE(1.E-07),#36,
  'distance_accuracy_value','confusion accuracy');
#40 = PRODUCT_RELATED_PRODUCT_CATEGORY('part',$,(#7));
#41 = SHAPE_DEFINITION_REPRESENTATION(#42,#48);
#42 = PRODUCT_DEFINITION_SHAPE('','',#43);
#43 = PRODUCT_DEFINITION('design','',#44,#47);
#44 = PRODUCT_DEFINITION_FORMATION('','',#45);
#45 = PRODUCT('JST_PH_S8B-PH-K_1x08_P2.00mm_Horizontal',
  'JST_PH_S8B-PH-K_1x08_P2.00mm_Horizontal','',(#46));
#46 = PRODUCT_CONTEXT('',#2,'mechanical');
#47 = PRODUCT_DEFINITION_CONTEXT('part definition',#2,'design');
#48 = SHAPE_REPRESENTATION('',(#11,#49),#53);
#49 = AXIS2_PLACEMENT_3D('',#50,#51,#52);
#50 = CARTESIAN_POINT('',(0.,0.,0.));
#51 = DIRECTION('',(0.,0.,1.));
#52 = DIRECTION('',(1.,0.,-0.));
#53 = ( GEOMETRIC_REPRESENTATION_CONTEXT(3) 
GLOBAL_UNCERTAINTY_ASSIGNED_CONTEXT((#57)) GLOBAL_UNIT_ASSIGNED_CONTEXT(
(#54,#55,#56)) REPRESENTATION_CONTEXT('Context #1',
  '3D Context with UNIT and UNCERTAINTY') );
#54 = ( LENGTH_UNIT() NAMED_UNIT(*) SI_UNIT(.MILLI.,.METRE.) );
#55 = ( NAMED_UNIT(*) PLANE_ANGLE_UNIT() SI_UNIT($,.RADIAN.) );
#56 = ( NAMED_UNIT(*) SI_UNIT($,.STERADIAN.) SOLID_ANGLE_UNIT() );
#57 = UNCERTAINTY_MEASURE_WITH_UNIT(LENGTH_MEASURE(1.E-07),#54,
  'distance_accuracy_value','confusion accuracy');
#58 = CONTEXT_DEPENDENT_SHAPE_REPRESENTATION(#59,#61);
#59 = ( REPRESENTATION_RELATIONSHIP('','',#48,#10) 
REPRESENTATION_RELATIONSHIP_WITH_TRANSFORMATION(#60) 
SHAPE_REPRESENTATION_RELATIONSHIP() );
#60 = ITEM_DEFINED_TRANSFORMATION('','',#11,#15);
#61 = PRODUCT_DEFINITION_SHAPE('Placement','Placement of an item',#62);
#62 = NEXT_ASSEMBLY_USAGE_OCCURRENCE('2','J1','',#5,#43,$);
#63 = PRODUCT_RELATED_PRODUCT_CATEGORY('part',$,(#45));
#64 = SHAPE_DEFINITION_REPRESENTATION(#65,#71);
#65 = PRODUCT_DEFINITION_SHAPE('','',#66);
#66 = PRODUCT_DEFINITION('design','',#67,#70);
#67 = PRODUCT_DEFINITION_FORMATION('','',#68);
#68 = PRODUCT('JST_S8B_PH_K','JST_S8B_PH_K','',(#69));
#69 = PRODUCT_CONTEXT('',#2,'mechanical');
#70 = PRODUCT_DEFINITION_CONTEXT('part definition',#2,'design');
#71 = ADVANCED_BREP_SHAPE_REPRESENTATION('',(#11,#72),#9218);
#72 = MANIFOLD_SOLID_BREP('',#73);
#73 = CLOSED_SHELL('',(#74,#114,#194,#282,#339,#356,#380,#404,#428,#484,
    #812,#843,#855,#1133,#1147,#1395,#1452,#1476,#1549,#1573,#1606,#1717
    ,#2176,#2216,#2247,#2265,#2282,#2300,#2326,#2357,#2374,#2407,#2431,
    #2462,#2479,#2512,#2536,#2567,#2584,#2617,#2641,#2672,#2689,#2722,
    #2746,#2777,#2794,#2827,#2851,#2882,#2899,#2932,#2956,#2987,#3004,
    #3037,#3077,#3100,#3149,#3173,#3220,#3237,#3254,#3266,#3313,#3344,
    #3361,#3378,#3395,#3412,#3429,#3446,#3463,#3480,#3504,#3528,#3545,
    #3569,#3593,#3610,#3634,#3658,#3675,#3699,#3723,#3740,#3764,#3788,
    #3805,#3829,#3853,#3870,#3894,#3918,#3935,#3952,#3964,#3981,#3993,
    #4017,#4035,#4047,#4059,#4073,#4085,#4097,#4109,#4121,#4133,#4164,
    #4188,#4212,#4229,#4260,#4284,#4308,#4325,#4356,#4380,#4404,#4421,
    #4452,#4476,#4500,#4517,#4548,#4572,#4596,#4613,#4644,#4668,#4692,
    #4709,#4740,#4764,#4788,#4805,#4836,#4860,#4884,#4901,#4947,#4993,
    #5039,#5085,#5131,#5177,#5223,#5269,#5286,#5298,#5329,#5353,#5377,
    #5394,#5425,#5449,#5473,#5490,#5521,#5545,#5569,#5586,#5617,#5641,
    #5665,#5682,#5713,#5737,#5761,#5778,#5809,#5833,#5857,#5874,#5905,
    #5929,#5953,#5970,#6001,#6025,#6049,#6066,#6163,#6187,#6277,#6294,
    #6359,#6383,#6441,#6458,#6523,#6547,#6605,#6622,#6653,#6711,#6735,
    #6786,#6851,#6875,#6933,#6950,#7015,#7039,#7097,#7114,#7179,#7203,
    #7261,#7278,#7309,#7399,#7423,#7506,#7518,#7530,#7542,#7554,#7566,
    #7578,#7590,#7602,#7619,#7636,#7653,#7686,#7726,#7757,#7774,#7791,
    #7803,#7836,#7853,#7870,#7901,#7923,#7935,#7966,#7983,#8000,#8031,
    #8053,#8065,#8096,#8113,#8130,#8147,#8178,#8195,#8226,#8243,#8260,
    #8291,#8313,#8325,#8356,#8373,#8390,#8421,#8443,#8455,#8486,#8503,
    #8520,#8551,#8573,#8585,#8616,#8633,#8650,#8667,#8684,#8717,#8757,
    #8788,#8805,#8817,#8850,#8867,#8884,#8896,#8913,#8930,#8942,#8959,
    #8976,#8988,#9005,#9022,#9034,#9051,#9068,#9080,#9097,#9114,#9126,
    #9143,#9160,#9172,#9189,#9206));
#74 = ADVANCED_FACE('',(#75),#109,.T.);
#75 = FACE_BOUND('',#76,.T.);
#76 = EDGE_LOOP('',(#77,#87,#95,#103));
#77 = ORIENTED_EDGE('',*,*,#78,.F.);
#78 = EDGE_CURVE('',#79,#81,#83,.T.);
#79 = VERTEX_POINT('',#80);
#80 = CARTESIAN_POINT('',(15.95,-4.65,2.5));
#81 = VERTEX_POINT('',#82);
#82 = CARTESIAN_POINT('',(15.95,-6.25,2.5));
#83 = LINE('',#84,#85);
#84 = CARTESIAN_POINT('',(15.95,-4.65,2.5));
#85 = VECTOR('',#86,1.);
#86 = DIRECTION('',(-1.224646799147E-16,-1.,1.110223024625E-16));
#87 = ORIENTED_EDGE('',*,*,#88,.T.);
#88 = EDGE_CURVE('',#79,#89,#91,.T.);
#89 = VERTEX_POINT('',#90);
#90 = CARTESIAN_POINT('',(15.45,-4.65,2.5));
#91 = LINE('',#92,#93);
#92 = CARTESIAN_POINT('',(15.95,-4.65,2.5));
#93 = VECTOR('',#94,1.);
#94 = DIRECTION('',(-1.,1.224646799147E-16,0.));
#95 = ORIENTED_EDGE('',*,*,#96,.T.);
#96 = EDGE_CURVE('',#89,#97,#99,.T.);
#97 = VERTEX_POINT('',#98);
#98 = CARTESIAN_POINT('',(15.45,-6.25,2.5));
#99 = LINE('',#100,#101);
#100 = CARTESIAN_POINT('',(15.45,-5.45,2.5));
#101 = VECTOR('',#102,1.);
#102 = DIRECTION('',(-1.224646799147E-16,-1.,1.110223024625E-16));
#103 = ORIENTED_EDGE('',*,*,#104,.F.);
#104 = EDGE_CURVE('',#81,#97,#105,.T.);
#105 = LINE('',#106,#107);
#106 = CARTESIAN_POINT('',(15.95,-6.25,2.5));
#107 = VECTOR('',#108,1.);
#108 = DIRECTION('',(-1.,1.224646799147E-16,0.));
#109 = PLANE('',#110);
#110 = AXIS2_PLACEMENT_3D('',#111,#112,#113);
#111 = CARTESIAN_POINT('',(15.95,-4.65,2.5));
#112 = DIRECTION('',(1.359631073447E-32,1.110223024625E-16,1.));
#113 = DIRECTION('',(-1.224646799147E-16,-1.,1.110223024625E-16));
#114 = ADVANCED_FACE('',(#115),#189,.T.);
#115 = FACE_BOUND('',#116,.T.);
#116 = EDGE_LOOP('',(#117,#125,#133,#141,#149,#157,#165,#173,#181,#188)
  );
#117 = ORIENTED_EDGE('',*,*,#118,.F.);
#118 = EDGE_CURVE('',#119,#81,#121,.T.);
#119 = VERTEX_POINT('',#120);
#120 = CARTESIAN_POINT('',(15.95,-6.25,0.));
#121 = LINE('',#122,#123);
#122 = CARTESIAN_POINT('',(15.95,-6.25,0.3));
#123 = VECTOR('',#124,1.);
#124 = DIRECTION('',(1.359631073447E-32,1.110223024625E-16,1.));
#125 = ORIENTED_EDGE('',*,*,#126,.F.);
#126 = EDGE_CURVE('',#127,#119,#129,.T.);
#127 = VERTEX_POINT('',#128);
#128 = CARTESIAN_POINT('',(15.95,1.35,0.));
#129 = LINE('',#130,#131);
#130 = CARTESIAN_POINT('',(15.95,1.35,0.));
#131 = VECTOR('',#132,1.);
#132 = DIRECTION('',(-1.224646799147E-16,-1.,0.));
#133 = ORIENTED_EDGE('',*,*,#134,.F.);
#134 = EDGE_CURVE('',#135,#127,#137,.T.);
#135 = VERTEX_POINT('',#136);
#136 = CARTESIAN_POINT('',(15.95,1.35,3.2));
#137 = LINE('',#138,#139);
#138 = CARTESIAN_POINT('',(15.95,1.35,3.2));
#139 = VECTOR('',#140,1.);
#140 = DIRECTION('',(-0.,0.,-1.));
#141 = ORIENTED_EDGE('',*,*,#142,.F.);
#142 = EDGE_CURVE('',#143,#135,#145,.T.);
#143 = VERTEX_POINT('',#144);
#144 = CARTESIAN_POINT('',(15.95,-0.25,4.1));
#145 = LINE('',#146,#147);
#146 = CARTESIAN_POINT('',(15.95,-0.25,4.1));
#147 = VECTOR('',#148,1.);
#148 = DIRECTION('',(1.067372191754E-16,0.871575537124,-0.490261239633)
  );
#149 = ORIENTED_EDGE('',*,*,#150,.T.);
#150 = EDGE_CURVE('',#143,#151,#153,.T.);
#151 = VERTEX_POINT('',#152);
#152 = CARTESIAN_POINT('',(15.95,-0.25,4.8));
#153 = LINE('',#154,#155);
#154 = CARTESIAN_POINT('',(15.95,-0.25,0.3));
#155 = VECTOR('',#156,1.);
#156 = DIRECTION('',(1.359631073447E-32,1.110223024625E-16,1.));
#157 = ORIENTED_EDGE('',*,*,#158,.T.);
#158 = EDGE_CURVE('',#151,#159,#161,.T.);
#159 = VERTEX_POINT('',#160);
#160 = CARTESIAN_POINT('',(15.95,-6.25,4.8));
#161 = LINE('',#162,#163);
#162 = CARTESIAN_POINT('',(15.95,-0.25,4.8));
#163 = VECTOR('',#164,1.);
#164 = DIRECTION('',(-1.224646799147E-16,-1.,1.110223024625E-16));
#165 = ORIENTED_EDGE('',*,*,#166,.F.);
#166 = EDGE_CURVE('',#167,#159,#169,.T.);
#167 = VERTEX_POINT('',#168);
#168 = CARTESIAN_POINT('',(15.95,-6.25,3.3));
#169 = LINE('',#170,#171);
#170 = CARTESIAN_POINT('',(15.95,-6.25,0.3));
#171 = VECTOR('',#172,1.);
#172 = DIRECTION('',(1.359631073447E-32,1.110223024625E-16,1.));
#173 = ORIENTED_EDGE('',*,*,#174,.T.);
#174 = EDGE_CURVE('',#167,#175,#177,.T.);
#175 = VERTEX_POINT('',#176);
#176 = CARTESIAN_POINT('',(15.95,-4.65,3.3));
#177 = LINE('',#178,#179);
#178 = CARTESIAN_POINT('',(15.95,-6.25,3.3));
#179 = VECTOR('',#180,1.);
#180 = DIRECTION('',(1.224646799147E-16,1.,-1.110223024625E-16));
#181 = ORIENTED_EDGE('',*,*,#182,.T.);
#182 = EDGE_CURVE('',#175,#79,#183,.T.);
#183 = CIRCLE('',#184,0.4);
#184 = AXIS2_PLACEMENT_3D('',#185,#186,#187);
#185 = CARTESIAN_POINT('',(15.95,-4.65,2.9));
#186 = DIRECTION('',(-1.,1.224646799147E-16,0.));
#187 = DIRECTION('',(1.359631073446E-32,1.110223024625E-16,1.));
#188 = ORIENTED_EDGE('',*,*,#78,.T.);
#189 = PLANE('',#190);
#190 = AXIS2_PLACEMENT_3D('',#191,#192,#193);
#191 = CARTESIAN_POINT('',(15.95,-2.909897467985,2.368621550033));
#192 = DIRECTION('',(1.,-1.224646799147E-16,-3.096025220137E-32));
#193 = DIRECTION('',(-3.096025220137E-32,3.79153737592E-48,-1.));
#194 = ADVANCED_FACE('',(#195),#277,.T.);
#195 = FACE_BOUND('',#196,.T.);
#196 = EDGE_LOOP('',(#197,#207,#215,#221,#222,#223,#231,#239,#247,#255,
    #263,#271));
#197 = ORIENTED_EDGE('',*,*,#198,.T.);
#198 = EDGE_CURVE('',#199,#201,#203,.T.);
#199 = VERTEX_POINT('',#200);
#200 = CARTESIAN_POINT('',(-0.95,-6.25,0.3));
#201 = VERTEX_POINT('',#202);
#202 = CARTESIAN_POINT('',(14.95,-6.25,0.3));
#203 = LINE('',#204,#205);
#204 = CARTESIAN_POINT('',(-1.95,-6.25,0.3));
#205 = VECTOR('',#206,1.);
#206 = DIRECTION('',(1.,-1.224646799147E-16,0.));
#207 = ORIENTED_EDGE('',*,*,#208,.F.);
#208 = EDGE_CURVE('',#209,#201,#211,.T.);
#209 = VERTEX_POINT('',#210);
#210 = CARTESIAN_POINT('',(14.95,-6.25,0.));
#211 = LINE('',#212,#213);
#212 = CARTESIAN_POINT('',(14.95,-6.25,0.));
#213 = VECTOR('',#214,1.);
#214 = DIRECTION('',(0.,0.,1.));
#215 = ORIENTED_EDGE('',*,*,#216,.F.);
#216 = EDGE_CURVE('',#119,#209,#217,.T.);
#217 = LINE('',#218,#219);
#218 = CARTESIAN_POINT('',(15.95,-6.25,0.));
#219 = VECTOR('',#220,1.);
#220 = DIRECTION('',(-1.,1.224646799147E-16,0.));
#221 = ORIENTED_EDGE('',*,*,#118,.T.);
#222 = ORIENTED_EDGE('',*,*,#104,.T.);
#223 = ORIENTED_EDGE('',*,*,#224,.F.);
#224 = EDGE_CURVE('',#225,#97,#227,.T.);
#225 = VERTEX_POINT('',#226);
#226 = CARTESIAN_POINT('',(15.45,-6.25,0.8));
#227 = LINE('',#228,#229);
#228 = CARTESIAN_POINT('',(15.45,-6.25,0.8));
#229 = VECTOR('',#230,1.);
#230 = DIRECTION('',(1.359631073447E-32,1.110223024625E-16,1.));
#231 = ORIENTED_EDGE('',*,*,#232,.F.);
#232 = EDGE_CURVE('',#233,#225,#235,.T.);
#233 = VERTEX_POINT('',#234);
#234 = CARTESIAN_POINT('',(-1.45,-6.25,0.8));
#235 = LINE('',#236,#237);
#236 = CARTESIAN_POINT('',(-1.45,-6.25,0.8));
#237 = VECTOR('',#238,1.);
#238 = DIRECTION('',(1.,-1.224646799147E-16,0.));
#239 = ORIENTED_EDGE('',*,*,#240,.F.);
#240 = EDGE_CURVE('',#241,#233,#243,.T.);
#241 = VERTEX_POINT('',#242);
#242 = CARTESIAN_POINT('',(-1.45,-6.25,2.5));
#243 = LINE('',#244,#245);
#244 = CARTESIAN_POINT('',(-1.45,-6.25,4.2));
#245 = VECTOR('',#246,1.);
#246 = DIRECTION('',(-1.359631073447E-32,-1.110223024625E-16,-1.));
#247 = ORIENTED_EDGE('',*,*,#248,.T.);
#248 = EDGE_CURVE('',#241,#249,#251,.T.);
#249 = VERTEX_POINT('',#250);
#250 = CARTESIAN_POINT('',(-1.95,-6.25,2.5));
#251 = LINE('',#252,#253);
#252 = CARTESIAN_POINT('',(15.95,-6.25,2.5));
#253 = VECTOR('',#254,1.);
#254 = DIRECTION('',(-1.,1.224646799147E-16,0.));
#255 = ORIENTED_EDGE('',*,*,#256,.T.);
#256 = EDGE_CURVE('',#249,#257,#259,.T.);
#257 = VERTEX_POINT('',#258);
#258 = CARTESIAN_POINT('',(-1.95,-6.25,0.));
#259 = LINE('',#260,#261);
#260 = CARTESIAN_POINT('',(-1.95,-6.25,4.8));
#261 = VECTOR('',#262,1.);
#262 = DIRECTION('',(-1.359631073447E-32,-1.110223024625E-16,-1.));
#263 = ORIENTED_EDGE('',*,*,#264,.F.);
#264 = EDGE_CURVE('',#265,#257,#267,.T.);
#265 = VERTEX_POINT('',#266);
#266 = CARTESIAN_POINT('',(-0.95,-6.25,0.));
#267 = LINE('',#268,#269);
#268 = CARTESIAN_POINT('',(-0.95,-6.25,0.));
#269 = VECTOR('',#270,1.);
#270 = DIRECTION('',(-1.,1.224646799147E-16,0.));
#271 = ORIENTED_EDGE('',*,*,#272,.T.);
#272 = EDGE_CURVE('',#265,#199,#273,.T.);
#273 = LINE('',#274,#275);
#274 = CARTESIAN_POINT('',(-0.95,-6.25,0.));
#275 = VECTOR('',#276,1.);
#276 = DIRECTION('',(0.,0.,1.));
#277 = PLANE('',#278);
#278 = AXIS2_PLACEMENT_3D('',#279,#280,#281);
#279 = CARTESIAN_POINT('',(7.,-6.25,0.730803571429));
#280 = DIRECTION('',(-1.224646799147E-16,-1.,0.));
#281 = DIRECTION('',(0.,0.,1.));
#282 = ADVANCED_FACE('',(#283),#334,.F.);
#283 = FACE_BOUND('',#284,.F.);
#284 = EDGE_LOOP('',(#285,#286,#294,#302,#310,#318,#326,#333));
#285 = ORIENTED_EDGE('',*,*,#224,.F.);
#286 = ORIENTED_EDGE('',*,*,#287,.T.);
#287 = EDGE_CURVE('',#225,#288,#290,.T.);
#288 = VERTEX_POINT('',#289);
#289 = CARTESIAN_POINT('',(15.45,-2.05,0.8));
#290 = LINE('',#291,#292);
#291 = CARTESIAN_POINT('',(15.45,-6.25,0.8));
#292 = VECTOR('',#293,1.);
#293 = DIRECTION('',(1.224646799147E-16,1.,-1.110223024625E-16));
#294 = ORIENTED_EDGE('',*,*,#295,.T.);
#295 = EDGE_CURVE('',#288,#296,#298,.T.);
#296 = VERTEX_POINT('',#297);
#297 = CARTESIAN_POINT('',(15.45,-2.05,4.2));
#298 = LINE('',#299,#300);
#299 = CARTESIAN_POINT('',(15.45,-2.05,0.8));
#300 = VECTOR('',#301,1.);
#301 = DIRECTION('',(1.359631073447E-32,1.110223024625E-16,1.));
#302 = ORIENTED_EDGE('',*,*,#303,.F.);
#303 = EDGE_CURVE('',#304,#296,#306,.T.);
#304 = VERTEX_POINT('',#305);
#305 = CARTESIAN_POINT('',(15.45,-6.25,4.2));
#306 = LINE('',#307,#308);
#307 = CARTESIAN_POINT('',(15.45,-6.25,4.2));
#308 = VECTOR('',#309,1.);
#309 = DIRECTION('',(1.224646799147E-16,1.,-1.110223024625E-16));
#310 = ORIENTED_EDGE('',*,*,#311,.F.);
#311 = EDGE_CURVE('',#312,#304,#314,.T.);
#312 = VERTEX_POINT('',#313);
#313 = CARTESIAN_POINT('',(15.45,-6.25,3.3));
#314 = LINE('',#315,#316);
#315 = CARTESIAN_POINT('',(15.45,-6.25,0.8));
#316 = VECTOR('',#317,1.);
#317 = DIRECTION('',(1.359631073447E-32,1.110223024625E-16,1.));
#318 = ORIENTED_EDGE('',*,*,#319,.T.);
#319 = EDGE_CURVE('',#312,#320,#322,.T.);
#320 = VERTEX_POINT('',#321);
#321 = CARTESIAN_POINT('',(15.45,-4.65,3.3));
#322 = LINE('',#323,#324);
#323 = CARTESIAN_POINT('',(15.45,-6.25,3.3));
#324 = VECTOR('',#325,1.);
#325 = DIRECTION('',(1.224646799147E-16,1.,-1.110223024625E-16));
#326 = ORIENTED_EDGE('',*,*,#327,.F.);
#327 = EDGE_CURVE('',#89,#320,#328,.T.);
#328 = CIRCLE('',#329,0.4);
#329 = AXIS2_PLACEMENT_3D('',#330,#331,#332);
#330 = CARTESIAN_POINT('',(15.45,-4.65,2.9));
#331 = DIRECTION('',(1.,-1.224646799147E-16,0.));
#332 = DIRECTION('',(1.359631073446E-32,1.110223024625E-16,1.));
#333 = ORIENTED_EDGE('',*,*,#96,.T.);
#334 = PLANE('',#335);
#335 = AXIS2_PLACEMENT_3D('',#336,#337,#338);
#336 = CARTESIAN_POINT('',(15.45,-6.25,0.8));
#337 = DIRECTION('',(1.,-1.224646799147E-16,0.));
#338 = DIRECTION('',(1.359631073446E-32,1.110223024625E-16,1.));
#339 = ADVANCED_FACE('',(#340),#351,.F.);
#340 = FACE_BOUND('',#341,.F.);
#341 = EDGE_LOOP('',(#342,#343,#344,#350));
#342 = ORIENTED_EDGE('',*,*,#88,.T.);
#343 = ORIENTED_EDGE('',*,*,#327,.T.);
#344 = ORIENTED_EDGE('',*,*,#345,.F.);
#345 = EDGE_CURVE('',#175,#320,#346,.T.);
#346 = LINE('',#347,#348);
#347 = CARTESIAN_POINT('',(15.95,-4.65,3.3));
#348 = VECTOR('',#349,1.);
#349 = DIRECTION('',(-1.,1.224646799147E-16,0.));
#350 = ORIENTED_EDGE('',*,*,#182,.T.);
#351 = CYLINDRICAL_SURFACE('',#352,0.4);
#352 = AXIS2_PLACEMENT_3D('',#353,#354,#355);
#353 = CARTESIAN_POINT('',(15.95,-4.65,2.9));
#354 = DIRECTION('',(1.,-1.224646799147E-16,0.));
#355 = DIRECTION('',(1.359631073446E-32,1.110223024625E-16,1.));
#356 = ADVANCED_FACE('',(#357),#375,.F.);
#357 = FACE_BOUND('',#358,.F.);
#358 = EDGE_LOOP('',(#359,#367,#373,#374));
#359 = ORIENTED_EDGE('',*,*,#360,.T.);
#360 = EDGE_CURVE('',#127,#361,#363,.T.);
#361 = VERTEX_POINT('',#362);
#362 = CARTESIAN_POINT('',(14.95,1.35,0.));
#363 = LINE('',#364,#365);
#364 = CARTESIAN_POINT('',(15.95,1.35,0.));
#365 = VECTOR('',#366,1.);
#366 = DIRECTION('',(-1.,1.224646799147E-16,0.));
#367 = ORIENTED_EDGE('',*,*,#368,.T.);
#368 = EDGE_CURVE('',#361,#209,#369,.T.);
#369 = LINE('',#370,#371);
#370 = CARTESIAN_POINT('',(14.95,1.35,0.));
#371 = VECTOR('',#372,1.);
#372 = DIRECTION('',(-1.224646799147E-16,-1.,0.));
#373 = ORIENTED_EDGE('',*,*,#216,.F.);
#374 = ORIENTED_EDGE('',*,*,#126,.F.);
#375 = PLANE('',#376);
#376 = AXIS2_PLACEMENT_3D('',#377,#378,#379);
#377 = CARTESIAN_POINT('',(15.95,1.35,0.));
#378 = DIRECTION('',(0.,0.,1.));
#379 = DIRECTION('',(-1.224646799147E-16,-1.,0.));
#380 = ADVANCED_FACE('',(#381),#399,.F.);
#381 = FACE_BOUND('',#382,.F.);
#382 = EDGE_LOOP('',(#383,#391,#397,#398));
#383 = ORIENTED_EDGE('',*,*,#384,.T.);
#384 = EDGE_CURVE('',#135,#385,#387,.T.);
#385 = VERTEX_POINT('',#386);
#386 = CARTESIAN_POINT('',(14.95,1.35,3.2));
#387 = LINE('',#388,#389);
#388 = CARTESIAN_POINT('',(15.95,1.35,3.2));
#389 = VECTOR('',#390,1.);
#390 = DIRECTION('',(-1.,1.224646799147E-16,0.));
#391 = ORIENTED_EDGE('',*,*,#392,.T.);
#392 = EDGE_CURVE('',#385,#361,#393,.T.);
#393 = LINE('',#394,#395);
#394 = CARTESIAN_POINT('',(14.95,1.35,3.2));
#395 = VECTOR('',#396,1.);
#396 = DIRECTION('',(-0.,0.,-1.));
#397 = ORIENTED_EDGE('',*,*,#360,.F.);
#398 = ORIENTED_EDGE('',*,*,#134,.F.);
#399 = PLANE('',#400);
#400 = AXIS2_PLACEMENT_3D('',#401,#402,#403);
#401 = CARTESIAN_POINT('',(15.95,1.35,3.2));
#402 = DIRECTION('',(-1.224646799147E-16,-1.,0.));
#403 = DIRECTION('',(-0.,0.,-1.));
#404 = ADVANCED_FACE('',(#405),#423,.F.);
#405 = FACE_BOUND('',#406,.F.);
#406 = EDGE_LOOP('',(#407,#415,#421,#422));
#407 = ORIENTED_EDGE('',*,*,#408,.T.);
#408 = EDGE_CURVE('',#143,#409,#411,.T.);
#409 = VERTEX_POINT('',#410);
#410 = CARTESIAN_POINT('',(14.95,-0.25,4.1));
#411 = LINE('',#412,#413);
#412 = CARTESIAN_POINT('',(15.95,-0.25,4.1));
#413 = VECTOR('',#414,1.);
#414 = DIRECTION('',(-1.,1.224646799147E-16,0.));
#415 = ORIENTED_EDGE('',*,*,#416,.T.);
#416 = EDGE_CURVE('',#409,#385,#417,.T.);
#417 = LINE('',#418,#419);
#418 = CARTESIAN_POINT('',(14.95,-0.25,4.1));
#419 = VECTOR('',#420,1.);
#420 = DIRECTION('',(1.067372191754E-16,0.871575537124,-0.490261239633)
  );
#421 = ORIENTED_EDGE('',*,*,#384,.F.);
#422 = ORIENTED_EDGE('',*,*,#142,.F.);
#423 = PLANE('',#424);
#424 = AXIS2_PLACEMENT_3D('',#425,#426,#427);
#425 = CARTESIAN_POINT('',(15.95,-0.25,4.1));
#426 = DIRECTION('',(-6.003968578616E-17,-0.490261239633,-0.871575537124
    ));
#427 = DIRECTION('',(1.067372191754E-16,0.871575537124,-0.490261239633)
  );
#428 = ADVANCED_FACE('',(#429),#479,.F.);
#429 = FACE_BOUND('',#430,.F.);
#430 = EDGE_LOOP('',(#431,#441,#449,#455,#456,#457,#465,#473));
#431 = ORIENTED_EDGE('',*,*,#432,.F.);
#432 = EDGE_CURVE('',#433,#435,#437,.T.);
#433 = VERTEX_POINT('',#434);
#434 = CARTESIAN_POINT('',(14.75,-0.25,0.3));
#435 = VERTEX_POINT('',#436);
#436 = CARTESIAN_POINT('',(14.75,-0.25,4.2));
#437 = LINE('',#438,#439);
#438 = CARTESIAN_POINT('',(14.75,-0.25,0.3));
#439 = VECTOR('',#440,1.);
#440 = DIRECTION('',(1.359631073447E-32,1.110223024625E-16,1.));
#441 = ORIENTED_EDGE('',*,*,#442,.T.);
#442 = EDGE_CURVE('',#433,#443,#445,.T.);
#443 = VERTEX_POINT('',#444);
#444 = CARTESIAN_POINT('',(14.95,-0.25,0.3));
#445 = LINE('',#446,#447);
#446 = CARTESIAN_POINT('',(-1.95,-0.25,0.3));
#447 = VECTOR('',#448,1.);
#448 = DIRECTION('',(1.,-1.224646799147E-16,0.));
#449 = ORIENTED_EDGE('',*,*,#450,.T.);
#450 = EDGE_CURVE('',#443,#409,#451,.T.);
#451 = LINE('',#452,#453);
#452 = CARTESIAN_POINT('',(14.95,-0.25,0.3));
#453 = VECTOR('',#454,1.);
#454 = DIRECTION('',(0.,0.,1.));
#455 = ORIENTED_EDGE('',*,*,#408,.F.);
#456 = ORIENTED_EDGE('',*,*,#150,.T.);
#457 = ORIENTED_EDGE('',*,*,#458,.T.);
#458 = EDGE_CURVE('',#151,#459,#461,.T.);
#459 = VERTEX_POINT('',#460);
#460 = CARTESIAN_POINT('',(15.4,-0.25,4.8));
#461 = LINE('',#462,#463);
#462 = CARTESIAN_POINT('',(15.95,-0.25,4.8));
#463 = VECTOR('',#464,1.);
#464 = DIRECTION('',(-1.,1.224646799147E-16,0.));
#465 = ORIENTED_EDGE('',*,*,#466,.T.);
#466 = EDGE_CURVE('',#459,#467,#469,.T.);
#467 = VERTEX_POINT('',#468);
#468 = CARTESIAN_POINT('',(15.4,-0.25,4.2));
#469 = LINE('',#470,#471);
#470 = CARTESIAN_POINT('',(15.4,-0.25,4.8));
#471 = VECTOR('',#472,1.);
#472 = DIRECTION('',(-1.359631073447E-32,-1.110223024625E-16,-1.));
#473 = ORIENTED_EDGE('',*,*,#474,.T.);
#474 = EDGE_CURVE('',#467,#435,#475,.T.);
#475 = LINE('',#476,#477);
#476 = CARTESIAN_POINT('',(15.4,-0.25,4.2));
#477 = VECTOR('',#478,1.);
#478 = DIRECTION('',(-1.,1.224646799147E-16,0.));
#479 = PLANE('',#480);
#480 = AXIS2_PLACEMENT_3D('',#481,#482,#483);
#481 = CARTESIAN_POINT('',(7.,-0.25,2.55));
#482 = DIRECTION('',(-1.224646799147E-16,-1.,1.110223024625E-16));
#483 = DIRECTION('',(-1.,1.224646799147E-16,0.));
#484 = ADVANCED_FACE('',(#485),#807,.F.);
#485 = FACE_BOUND('',#486,.F.);
#486 = EDGE_LOOP('',(#487,#488,#489,#497,#505,#513,#521,#529,#537,#545,
    #553,#561,#569,#577,#585,#593,#601,#609,#617,#625,#633,#641,#649,
    #657,#665,#673,#681,#689,#697,#705,#713,#721,#729,#737,#745,#753,
    #761,#769,#777,#785,#793,#801));
#487 = ORIENTED_EDGE('',*,*,#458,.F.);
#488 = ORIENTED_EDGE('',*,*,#158,.T.);
#489 = ORIENTED_EDGE('',*,*,#490,.T.);
#490 = EDGE_CURVE('',#159,#491,#493,.T.);
#491 = VERTEX_POINT('',#492);
#492 = CARTESIAN_POINT('',(13.45,-6.25,4.8));
#493 = LINE('',#494,#495);
#494 = CARTESIAN_POINT('',(15.95,-6.25,4.8));
#495 = VECTOR('',#496,1.);
#496 = DIRECTION('',(-1.,1.224646799147E-16,0.));
#497 = ORIENTED_EDGE('',*,*,#498,.T.);
#498 = EDGE_CURVE('',#491,#499,#501,.T.);
#499 = VERTEX_POINT('',#500);
#500 = CARTESIAN_POINT('',(13.45,-2.35,4.8));
#501 = LINE('',#502,#503);
#502 = CARTESIAN_POINT('',(13.45,-6.25,4.8));
#503 = VECTOR('',#504,1.);
#504 = DIRECTION('',(1.224646799147E-16,1.,-1.110223024625E-16));
#505 = ORIENTED_EDGE('',*,*,#506,.T.);
#506 = EDGE_CURVE('',#499,#507,#509,.T.);
#507 = VERTEX_POINT('',#508);
#508 = CARTESIAN_POINT('',(0.55,-2.35,4.8));
#509 = LINE('',#510,#511);
#510 = CARTESIAN_POINT('',(13.45,-2.35,4.8));
#511 = VECTOR('',#512,1.);
#512 = DIRECTION('',(-1.,1.224646799147E-16,0.));
#513 = ORIENTED_EDGE('',*,*,#514,.T.);
#514 = EDGE_CURVE('',#507,#515,#517,.T.);
#515 = VERTEX_POINT('',#516);
#516 = CARTESIAN_POINT('',(0.55,-6.25,4.8));
#517 = LINE('',#518,#519);
#518 = CARTESIAN_POINT('',(0.55,-2.35,4.8));
#519 = VECTOR('',#520,1.);
#520 = DIRECTION('',(-1.224646799147E-16,-1.,1.110223024625E-16));
#521 = ORIENTED_EDGE('',*,*,#522,.T.);
#522 = EDGE_CURVE('',#515,#523,#525,.T.);
#523 = VERTEX_POINT('',#524);
#524 = CARTESIAN_POINT('',(-0.45,-6.25,4.8));
#525 = LINE('',#526,#527);
#526 = CARTESIAN_POINT('',(15.95,-6.25,4.8));
#527 = VECTOR('',#528,1.);
#528 = DIRECTION('',(-1.,1.224646799147E-16,0.));
#529 = ORIENTED_EDGE('',*,*,#530,.F.);
#530 = EDGE_CURVE('',#531,#523,#533,.T.);
#531 = VERTEX_POINT('',#532);
#532 = CARTESIAN_POINT('',(-0.45,-4.45,4.8));
#533 = LINE('',#534,#535);
#534 = CARTESIAN_POINT('',(-0.45,-4.45,4.8));
#535 = VECTOR('',#536,1.);
#536 = DIRECTION('',(-1.224646799147E-16,-1.,1.110223024625E-16));
#537 = ORIENTED_EDGE('',*,*,#538,.F.);
#538 = EDGE_CURVE('',#539,#531,#541,.T.);
#539 = VERTEX_POINT('',#540);
#540 = CARTESIAN_POINT('',(-0.4,-4.45,4.8));
#541 = LINE('',#542,#543);
#542 = CARTESIAN_POINT('',(-0.4,-4.45,4.8));
#543 = VECTOR('',#544,1.);
#544 = DIRECTION('',(-1.,1.224646799147E-16,0.));
#545 = ORIENTED_EDGE('',*,*,#546,.F.);
#546 = EDGE_CURVE('',#547,#539,#549,.T.);
#547 = VERTEX_POINT('',#548);
#548 = CARTESIAN_POINT('',(-0.4,-0.45,4.8));
#549 = LINE('',#550,#551);
#550 = CARTESIAN_POINT('',(-0.4,-0.25,4.8));
#551 = VECTOR('',#552,1.);
#552 = DIRECTION('',(-1.224646799147E-16,-1.,1.110223024625E-16));
#553 = ORIENTED_EDGE('',*,*,#554,.F.);
#554 = EDGE_CURVE('',#555,#547,#557,.T.);
#555 = VERTEX_POINT('',#556);
#556 = CARTESIAN_POINT('',(0.75,-0.45,4.8));
#557 = LINE('',#558,#559);
#558 = CARTESIAN_POINT('',(0.75,-0.45,4.8));
#559 = VECTOR('',#560,1.);
#560 = DIRECTION('',(-1.,1.224646799147E-16,0.));
#561 = ORIENTED_EDGE('',*,*,#562,.F.);
#562 = EDGE_CURVE('',#563,#555,#565,.T.);
#563 = VERTEX_POINT('',#564);
#564 = CARTESIAN_POINT('',(0.75,-0.25,4.8));
#565 = LINE('',#566,#567);
#566 = CARTESIAN_POINT('',(0.75,-0.25,4.8));
#567 = VECTOR('',#568,1.);
#568 = DIRECTION('',(-1.224646799147E-16,-1.,1.110223024625E-16));
#569 = ORIENTED_EDGE('',*,*,#570,.F.);
#570 = EDGE_CURVE('',#571,#563,#573,.T.);
#571 = VERTEX_POINT('',#572);
#572 = CARTESIAN_POINT('',(1.25,-0.25,4.8));
#573 = LINE('',#574,#575);
#574 = CARTESIAN_POINT('',(15.95,-0.25,4.8));
#575 = VECTOR('',#576,1.);
#576 = DIRECTION('',(-1.,1.224646799147E-16,0.));
#577 = ORIENTED_EDGE('',*,*,#578,.T.);
#578 = EDGE_CURVE('',#571,#579,#581,.T.);
#579 = VERTEX_POINT('',#580);
#580 = CARTESIAN_POINT('',(1.25,-0.45,4.8));
#581 = LINE('',#582,#583);
#582 = CARTESIAN_POINT('',(1.25,-0.25,4.8));
#583 = VECTOR('',#584,1.);
#584 = DIRECTION('',(-1.224646799147E-16,-1.,1.110223024625E-16));
#585 = ORIENTED_EDGE('',*,*,#586,.F.);
#586 = EDGE_CURVE('',#587,#579,#589,.T.);
#587 = VERTEX_POINT('',#588);
#588 = CARTESIAN_POINT('',(2.75,-0.45,4.8));
#589 = LINE('',#590,#591);
#590 = CARTESIAN_POINT('',(2.75,-0.45,4.8));
#591 = VECTOR('',#592,1.);
#592 = DIRECTION('',(-1.,1.224646799147E-16,0.));
#593 = ORIENTED_EDGE('',*,*,#594,.F.);
#594 = EDGE_CURVE('',#595,#587,#597,.T.);
#595 = VERTEX_POINT('',#596);
#596 = CARTESIAN_POINT('',(2.75,-0.25,4.8));
#597 = LINE('',#598,#599);
#598 = CARTESIAN_POINT('',(2.75,-0.25,4.8));
#599 = VECTOR('',#600,1.);
#600 = DIRECTION('',(-1.224646799147E-16,-1.,1.110223024625E-16));
#601 = ORIENTED_EDGE('',*,*,#602,.F.);
#602 = EDGE_CURVE('',#603,#595,#605,.T.);
#603 = VERTEX_POINT('',#604);
#604 = CARTESIAN_POINT('',(3.25,-0.25,4.8));
#605 = LINE('',#606,#607);
#606 = CARTESIAN_POINT('',(15.95,-0.25,4.8));
#607 = VECTOR('',#608,1.);
#608 = DIRECTION('',(-1.,1.224646799147E-16,0.));
#609 = ORIENTED_EDGE('',*,*,#610,.T.);
#610 = EDGE_CURVE('',#603,#611,#613,.T.);
#611 = VERTEX_POINT('',#612);
#612 = CARTESIAN_POINT('',(3.25,-0.45,4.8));
#613 = LINE('',#614,#615);
#614 = CARTESIAN_POINT('',(3.25,-0.25,4.8));
#615 = VECTOR('',#616,1.);
#616 = DIRECTION('',(-1.224646799147E-16,-1.,1.110223024625E-16));
#617 = ORIENTED_EDGE('',*,*,#618,.F.);
#618 = EDGE_CURVE('',#619,#611,#621,.T.);
#619 = VERTEX_POINT('',#620);
#620 = CARTESIAN_POINT('',(4.75,-0.45,4.8));
#621 = LINE('',#622,#623);
#622 = CARTESIAN_POINT('',(4.75,-0.45,4.8));
#623 = VECTOR('',#624,1.);
#624 = DIRECTION('',(-1.,1.224646799147E-16,0.));
#625 = ORIENTED_EDGE('',*,*,#626,.F.);
#626 = EDGE_CURVE('',#627,#619,#629,.T.);
#627 = VERTEX_POINT('',#628);
#628 = CARTESIAN_POINT('',(4.75,-0.25,4.8));
#629 = LINE('',#630,#631);
#630 = CARTESIAN_POINT('',(4.75,-0.25,4.8));
#631 = VECTOR('',#632,1.);
#632 = DIRECTION('',(-1.224646799147E-16,-1.,1.110223024625E-16));
#633 = ORIENTED_EDGE('',*,*,#634,.F.);
#634 = EDGE_CURVE('',#635,#627,#637,.T.);
#635 = VERTEX_POINT('',#636);
#636 = CARTESIAN_POINT('',(5.25,-0.25,4.8));
#637 = LINE('',#638,#639);
#638 = CARTESIAN_POINT('',(15.95,-0.25,4.8));
#639 = VECTOR('',#640,1.);
#640 = DIRECTION('',(-1.,1.224646799147E-16,0.));
#641 = ORIENTED_EDGE('',*,*,#642,.T.);
#642 = EDGE_CURVE('',#635,#643,#645,.T.);
#643 = VERTEX_POINT('',#644);
#644 = CARTESIAN_POINT('',(5.25,-0.45,4.8));
#645 = LINE('',#646,#647);
#646 = CARTESIAN_POINT('',(5.25,-0.25,4.8));
#647 = VECTOR('',#648,1.);
#648 = DIRECTION('',(-1.224646799147E-16,-1.,1.110223024625E-16));
#649 = ORIENTED_EDGE('',*,*,#650,.F.);
#650 = EDGE_CURVE('',#651,#643,#653,.T.);
#651 = VERTEX_POINT('',#652);
#652 = CARTESIAN_POINT('',(6.75,-0.45,4.8));
#653 = LINE('',#654,#655);
#654 = CARTESIAN_POINT('',(6.75,-0.45,4.8));
#655 = VECTOR('',#656,1.);
#656 = DIRECTION('',(-1.,1.224646799147E-16,0.));
#657 = ORIENTED_EDGE('',*,*,#658,.F.);
#658 = EDGE_CURVE('',#659,#651,#661,.T.);
#659 = VERTEX_POINT('',#660);
#660 = CARTESIAN_POINT('',(6.75,-0.25,4.8));
#661 = LINE('',#662,#663);
#662 = CARTESIAN_POINT('',(6.75,-0.25,4.8));
#663 = VECTOR('',#664,1.);
#664 = DIRECTION('',(-1.224646799147E-16,-1.,1.110223024625E-16));
#665 = ORIENTED_EDGE('',*,*,#666,.F.);
#666 = EDGE_CURVE('',#667,#659,#669,.T.);
#667 = VERTEX_POINT('',#668);
#668 = CARTESIAN_POINT('',(7.25,-0.25,4.8));
#669 = LINE('',#670,#671);
#670 = CARTESIAN_POINT('',(15.95,-0.25,4.8));
#671 = VECTOR('',#672,1.);
#672 = DIRECTION('',(-1.,1.224646799147E-16,0.));
#673 = ORIENTED_EDGE('',*,*,#674,.T.);
#674 = EDGE_CURVE('',#667,#675,#677,.T.);
#675 = VERTEX_POINT('',#676);
#676 = CARTESIAN_POINT('',(7.25,-0.45,4.8));
#677 = LINE('',#678,#679);
#678 = CARTESIAN_POINT('',(7.25,-0.25,4.8));
#679 = VECTOR('',#680,1.);
#680 = DIRECTION('',(-1.224646799147E-16,-1.,1.110223024625E-16));
#681 = ORIENTED_EDGE('',*,*,#682,.F.);
#682 = EDGE_CURVE('',#683,#675,#685,.T.);
#683 = VERTEX_POINT('',#684);
#684 = CARTESIAN_POINT('',(8.75,-0.45,4.8));
#685 = LINE('',#686,#687);
#686 = CARTESIAN_POINT('',(8.75,-0.45,4.8));
#687 = VECTOR('',#688,1.);
#688 = DIRECTION('',(-1.,1.224646799147E-16,0.));
#689 = ORIENTED_EDGE('',*,*,#690,.F.);
#690 = EDGE_CURVE('',#691,#683,#693,.T.);
#691 = VERTEX_POINT('',#692);
#692 = CARTESIAN_POINT('',(8.75,-0.25,4.8));
#693 = LINE('',#694,#695);
#694 = CARTESIAN_POINT('',(8.75,-0.25,4.8));
#695 = VECTOR('',#696,1.);
#696 = DIRECTION('',(-1.224646799147E-16,-1.,1.110223024625E-16));
#697 = ORIENTED_EDGE('',*,*,#698,.F.);
#698 = EDGE_CURVE('',#699,#691,#701,.T.);
#699 = VERTEX_POINT('',#700);
#700 = CARTESIAN_POINT('',(9.25,-0.25,4.8));
#701 = LINE('',#702,#703);
#702 = CARTESIAN_POINT('',(15.95,-0.25,4.8));
#703 = VECTOR('',#704,1.);
#704 = DIRECTION('',(-1.,1.224646799147E-16,0.));
#705 = ORIENTED_EDGE('',*,*,#706,.T.);
#706 = EDGE_CURVE('',#699,#707,#709,.T.);
#707 = VERTEX_POINT('',#708);
#708 = CARTESIAN_POINT('',(9.25,-0.45,4.8));
#709 = LINE('',#710,#711);
#710 = CARTESIAN_POINT('',(9.25,-0.25,4.8));
#711 = VECTOR('',#712,1.);
#712 = DIRECTION('',(-1.224646799147E-16,-1.,1.110223024625E-16));
#713 = ORIENTED_EDGE('',*,*,#714,.F.);
#714 = EDGE_CURVE('',#715,#707,#717,.T.);
#715 = VERTEX_POINT('',#716);
#716 = CARTESIAN_POINT('',(10.75,-0.45,4.8));
#717 = LINE('',#718,#719);
#718 = CARTESIAN_POINT('',(10.75,-0.45,4.8));
#719 = VECTOR('',#720,1.);
#720 = DIRECTION('',(-1.,1.224646799147E-16,0.));
#721 = ORIENTED_EDGE('',*,*,#722,.F.);
#722 = EDGE_CURVE('',#723,#715,#725,.T.);
#723 = VERTEX_POINT('',#724);
#724 = CARTESIAN_POINT('',(10.75,-0.25,4.8));
#725 = LINE('',#726,#727);
#726 = CARTESIAN_POINT('',(10.75,-0.25,4.8));
#727 = VECTOR('',#728,1.);
#728 = DIRECTION('',(-1.224646799147E-16,-1.,1.110223024625E-16));
#729 = ORIENTED_EDGE('',*,*,#730,.F.);
#730 = EDGE_CURVE('',#731,#723,#733,.T.);
#731 = VERTEX_POINT('',#732);
#732 = CARTESIAN_POINT('',(11.25,-0.25,4.8));
#733 = LINE('',#734,#735);
#734 = CARTESIAN_POINT('',(15.95,-0.25,4.8));
#735 = VECTOR('',#736,1.);
#736 = DIRECTION('',(-1.,1.224646799147E-16,0.));
#737 = ORIENTED_EDGE('',*,*,#738,.T.);
#738 = EDGE_CURVE('',#731,#739,#741,.T.);
#739 = VERTEX_POINT('',#740);
#740 = CARTESIAN_POINT('',(11.25,-0.45,4.8));
#741 = LINE('',#742,#743);
#742 = CARTESIAN_POINT('',(11.25,-0.25,4.8));
#743 = VECTOR('',#744,1.);
#744 = DIRECTION('',(-1.224646799147E-16,-1.,1.110223024625E-16));
#745 = ORIENTED_EDGE('',*,*,#746,.F.);
#746 = EDGE_CURVE('',#747,#739,#749,.T.);
#747 = VERTEX_POINT('',#748);
#748 = CARTESIAN_POINT('',(12.75,-0.45,4.8));
#749 = LINE('',#750,#751);
#750 = CARTESIAN_POINT('',(12.75,-0.45,4.8));
#751 = VECTOR('',#752,1.);
#752 = DIRECTION('',(-1.,1.224646799147E-16,0.));
#753 = ORIENTED_EDGE('',*,*,#754,.F.);
#754 = EDGE_CURVE('',#755,#747,#757,.T.);
#755 = VERTEX_POINT('',#756);
#756 = CARTESIAN_POINT('',(12.75,-0.25,4.8));
#757 = LINE('',#758,#759);
#758 = CARTESIAN_POINT('',(12.75,-0.25,4.8));
#759 = VECTOR('',#760,1.);
#760 = DIRECTION('',(-1.224646799147E-16,-1.,1.110223024625E-16));
#761 = ORIENTED_EDGE('',*,*,#762,.F.);
#762 = EDGE_CURVE('',#763,#755,#765,.T.);
#763 = VERTEX_POINT('',#764);
#764 = CARTESIAN_POINT('',(13.25,-0.25,4.8));
#765 = LINE('',#766,#767);
#766 = CARTESIAN_POINT('',(15.95,-0.25,4.8));
#767 = VECTOR('',#768,1.);
#768 = DIRECTION('',(-1.,1.224646799147E-16,0.));
#769 = ORIENTED_EDGE('',*,*,#770,.T.);
#770 = EDGE_CURVE('',#763,#771,#773,.T.);
#771 = VERTEX_POINT('',#772);
#772 = CARTESIAN_POINT('',(13.25,-0.45,4.8));
#773 = LINE('',#774,#775);
#774 = CARTESIAN_POINT('',(13.25,-0.25,4.8));
#775 = VECTOR('',#776,1.);
#776 = DIRECTION('',(-1.224646799147E-16,-1.,1.110223024625E-16));
#777 = ORIENTED_EDGE('',*,*,#778,.F.);
#778 = EDGE_CURVE('',#779,#771,#781,.T.);
#779 = VERTEX_POINT('',#780);
#780 = CARTESIAN_POINT('',(14.4,-0.45,4.8));
#781 = LINE('',#782,#783);
#782 = CARTESIAN_POINT('',(14.75,-0.45,4.8));
#783 = VECTOR('',#784,1.);
#784 = DIRECTION('',(-1.,1.224646799147E-16,0.));
#785 = ORIENTED_EDGE('',*,*,#786,.T.);
#786 = EDGE_CURVE('',#779,#787,#789,.T.);
#787 = VERTEX_POINT('',#788);
#788 = CARTESIAN_POINT('',(14.4,-4.45,4.8));
#789 = LINE('',#790,#791);
#790 = CARTESIAN_POINT('',(14.4,-0.25,4.8));
#791 = VECTOR('',#792,1.);
#792 = DIRECTION('',(-1.224646799147E-16,-1.,1.110223024625E-16));
#793 = ORIENTED_EDGE('',*,*,#794,.T.);
#794 = EDGE_CURVE('',#787,#795,#797,.T.);
#795 = VERTEX_POINT('',#796);
#796 = CARTESIAN_POINT('',(15.4,-4.45,4.8));
#797 = LINE('',#798,#799);
#798 = CARTESIAN_POINT('',(14.4,-4.45,4.8));
#799 = VECTOR('',#800,1.);
#800 = DIRECTION('',(1.,-1.224646799147E-16,0.));
#801 = ORIENTED_EDGE('',*,*,#802,.T.);
#802 = EDGE_CURVE('',#795,#459,#803,.T.);
#803 = LINE('',#804,#805);
#804 = CARTESIAN_POINT('',(15.4,-4.45,4.8));
#805 = VECTOR('',#806,1.);
#806 = DIRECTION('',(1.224646799147E-16,1.,-1.110223024625E-16));
#807 = PLANE('',#808);
#808 = AXIS2_PLACEMENT_3D('',#809,#810,#811);
#809 = CARTESIAN_POINT('',(15.95,-0.25,4.8));
#810 = DIRECTION('',(-1.359631073447E-32,-1.110223024625E-16,-1.));
#811 = DIRECTION('',(-1.,1.224646799147E-16,6.927121900793E-45));
#812 = ADVANCED_FACE('',(#813),#838,.T.);
#813 = FACE_BOUND('',#814,.T.);
#814 = EDGE_LOOP('',(#815,#821,#822,#823,#831,#837));
#815 = ORIENTED_EDGE('',*,*,#816,.F.);
#816 = EDGE_CURVE('',#167,#312,#817,.T.);
#817 = LINE('',#818,#819);
#818 = CARTESIAN_POINT('',(15.95,-6.25,3.3));
#819 = VECTOR('',#820,1.);
#820 = DIRECTION('',(-1.,1.224646799147E-16,0.));
#821 = ORIENTED_EDGE('',*,*,#166,.T.);
#822 = ORIENTED_EDGE('',*,*,#490,.T.);
#823 = ORIENTED_EDGE('',*,*,#824,.T.);
#824 = EDGE_CURVE('',#491,#825,#827,.T.);
#825 = VERTEX_POINT('',#826);
#826 = CARTESIAN_POINT('',(13.45,-6.25,4.2));
#827 = LINE('',#828,#829);
#828 = CARTESIAN_POINT('',(13.45,-6.25,4.8));
#829 = VECTOR('',#830,1.);
#830 = DIRECTION('',(-1.359631073447E-32,-1.110223024625E-16,-1.));
#831 = ORIENTED_EDGE('',*,*,#832,.F.);
#832 = EDGE_CURVE('',#304,#825,#833,.T.);
#833 = LINE('',#834,#835);
#834 = CARTESIAN_POINT('',(15.45,-6.25,4.2));
#835 = VECTOR('',#836,1.);
#836 = DIRECTION('',(-1.,1.224646799147E-16,0.));
#837 = ORIENTED_EDGE('',*,*,#311,.F.);
#838 = PLANE('',#839);
#839 = AXIS2_PLACEMENT_3D('',#840,#841,#842);
#840 = CARTESIAN_POINT('',(7.,-6.25,2.55));
#841 = DIRECTION('',(-1.224646799147E-16,-1.,1.110223024625E-16));
#842 = DIRECTION('',(-1.,1.224646799147E-16,0.));
#843 = ADVANCED_FACE('',(#844),#850,.T.);
#844 = FACE_BOUND('',#845,.T.);
#845 = EDGE_LOOP('',(#846,#847,#848,#849));
#846 = ORIENTED_EDGE('',*,*,#174,.F.);
#847 = ORIENTED_EDGE('',*,*,#816,.T.);
#848 = ORIENTED_EDGE('',*,*,#319,.T.);
#849 = ORIENTED_EDGE('',*,*,#345,.F.);
#850 = PLANE('',#851);
#851 = AXIS2_PLACEMENT_3D('',#852,#853,#854);
#852 = CARTESIAN_POINT('',(15.95,-6.25,3.3));
#853 = DIRECTION('',(-1.359631073447E-32,-1.110223024625E-16,-1.));
#854 = DIRECTION('',(1.224646799147E-16,1.,-1.110223024625E-16));
#855 = ADVANCED_FACE('',(#856),#1128,.F.);
#856 = FACE_BOUND('',#857,.F.);
#857 = EDGE_LOOP('',(#858,#868,#874,#875,#881,#882,#890,#898,#906,#914,
    #922,#930,#938,#946,#954,#962,#970,#978,#986,#994,#1002,#1010,#1018,
    #1026,#1034,#1042,#1050,#1058,#1066,#1074,#1082,#1090,#1098,#1106,
    #1114,#1122));
#858 = ORIENTED_EDGE('',*,*,#859,.F.);
#859 = EDGE_CURVE('',#860,#862,#864,.T.);
#860 = VERTEX_POINT('',#861);
#861 = CARTESIAN_POINT('',(-0.95,-0.25,0.3));
#862 = VERTEX_POINT('',#863);
#863 = CARTESIAN_POINT('',(-0.75,-0.25,0.3));
#864 = LINE('',#865,#866);
#865 = CARTESIAN_POINT('',(-1.95,-0.25,0.3));
#866 = VECTOR('',#867,1.);
#867 = DIRECTION('',(1.,-1.224646799147E-16,0.));
#868 = ORIENTED_EDGE('',*,*,#869,.F.);
#869 = EDGE_CURVE('',#199,#860,#870,.T.);
#870 = LINE('',#871,#872);
#871 = CARTESIAN_POINT('',(-0.95,-6.25,0.3));
#872 = VECTOR('',#873,1.);
#873 = DIRECTION('',(1.224646799147E-16,1.,0.));
#874 = ORIENTED_EDGE('',*,*,#198,.T.);
#875 = ORIENTED_EDGE('',*,*,#876,.T.);
#876 = EDGE_CURVE('',#201,#443,#877,.T.);
#877 = LINE('',#878,#879);
#878 = CARTESIAN_POINT('',(14.95,-6.25,0.3));
#879 = VECTOR('',#880,1.);
#880 = DIRECTION('',(1.224646799147E-16,1.,0.));
#881 = ORIENTED_EDGE('',*,*,#442,.F.);
#882 = ORIENTED_EDGE('',*,*,#883,.F.);
#883 = EDGE_CURVE('',#884,#433,#886,.T.);
#884 = VERTEX_POINT('',#885);
#885 = CARTESIAN_POINT('',(14.75,-0.45,0.3));
#886 = LINE('',#887,#888);
#887 = CARTESIAN_POINT('',(14.75,-0.45,0.3));
#888 = VECTOR('',#889,1.);
#889 = DIRECTION('',(1.224646799147E-16,1.,-1.110223024625E-16));
#890 = ORIENTED_EDGE('',*,*,#891,.T.);
#891 = EDGE_CURVE('',#884,#892,#894,.T.);
#892 = VERTEX_POINT('',#893);
#893 = CARTESIAN_POINT('',(13.25,-0.45,0.3));
#894 = LINE('',#895,#896);
#895 = CARTESIAN_POINT('',(14.75,-0.45,0.3));
#896 = VECTOR('',#897,1.);
#897 = DIRECTION('',(-1.,1.224646799147E-16,0.));
#898 = ORIENTED_EDGE('',*,*,#899,.T.);
#899 = EDGE_CURVE('',#892,#900,#902,.T.);
#900 = VERTEX_POINT('',#901);
#901 = CARTESIAN_POINT('',(13.25,-0.25,0.3));
#902 = LINE('',#903,#904);
#903 = CARTESIAN_POINT('',(13.25,-0.45,0.3));
#904 = VECTOR('',#905,1.);
#905 = DIRECTION('',(1.224646799147E-16,1.,-1.110223024625E-16));
#906 = ORIENTED_EDGE('',*,*,#907,.F.);
#907 = EDGE_CURVE('',#908,#900,#910,.T.);
#908 = VERTEX_POINT('',#909);
#909 = CARTESIAN_POINT('',(12.75,-0.25,0.3));
#910 = LINE('',#911,#912);
#911 = CARTESIAN_POINT('',(-1.95,-0.25,0.3));
#912 = VECTOR('',#913,1.);
#913 = DIRECTION('',(1.,-1.224646799147E-16,0.));
#914 = ORIENTED_EDGE('',*,*,#915,.F.);
#915 = EDGE_CURVE('',#916,#908,#918,.T.);
#916 = VERTEX_POINT('',#917);
#917 = CARTESIAN_POINT('',(12.75,-0.45,0.3));
#918 = LINE('',#919,#920);
#919 = CARTESIAN_POINT('',(12.75,-0.45,0.3));
#920 = VECTOR('',#921,1.);
#921 = DIRECTION('',(1.224646799147E-16,1.,-1.110223024625E-16));
#922 = ORIENTED_EDGE('',*,*,#923,.T.);
#923 = EDGE_CURVE('',#916,#924,#926,.T.);
#924 = VERTEX_POINT('',#925);
#925 = CARTESIAN_POINT('',(11.25,-0.45,0.3));
#926 = LINE('',#927,#928);
#927 = CARTESIAN_POINT('',(12.75,-0.45,0.3));
#928 = VECTOR('',#929,1.);
#929 = DIRECTION('',(-1.,1.224646799147E-16,0.));
#930 = ORIENTED_EDGE('',*,*,#931,.T.);
#931 = EDGE_CURVE('',#924,#932,#934,.T.);
#932 = VERTEX_POINT('',#933);
#933 = CARTESIAN_POINT('',(11.25,-0.25,0.3));
#934 = LINE('',#935,#936);
#935 = CARTESIAN_POINT('',(11.25,-0.45,0.3));
#936 = VECTOR('',#937,1.);
#937 = DIRECTION('',(1.224646799147E-16,1.,-1.110223024625E-16));
#938 = ORIENTED_EDGE('',*,*,#939,.F.);
#939 = EDGE_CURVE('',#940,#932,#942,.T.);
#940 = VERTEX_POINT('',#941);
#941 = CARTESIAN_POINT('',(10.75,-0.25,0.3));
#942 = LINE('',#943,#944);
#943 = CARTESIAN_POINT('',(-1.95,-0.25,0.3));
#944 = VECTOR('',#945,1.);
#945 = DIRECTION('',(1.,-1.224646799147E-16,0.));
#946 = ORIENTED_EDGE('',*,*,#947,.F.);
#947 = EDGE_CURVE('',#948,#940,#950,.T.);
#948 = VERTEX_POINT('',#949);
#949 = CARTESIAN_POINT('',(10.75,-0.45,0.3));
#950 = LINE('',#951,#952);
#951 = CARTESIAN_POINT('',(10.75,-0.45,0.3));
#952 = VECTOR('',#953,1.);
#953 = DIRECTION('',(1.224646799147E-16,1.,-1.110223024625E-16));
#954 = ORIENTED_EDGE('',*,*,#955,.T.);
#955 = EDGE_CURVE('',#948,#956,#958,.T.);
#956 = VERTEX_POINT('',#957);
#957 = CARTESIAN_POINT('',(9.25,-0.45,0.3));
#958 = LINE('',#959,#960);
#959 = CARTESIAN_POINT('',(10.75,-0.45,0.3));
#960 = VECTOR('',#961,1.);
#961 = DIRECTION('',(-1.,1.224646799147E-16,0.));
#962 = ORIENTED_EDGE('',*,*,#963,.T.);
#963 = EDGE_CURVE('',#956,#964,#966,.T.);
#964 = VERTEX_POINT('',#965);
#965 = CARTESIAN_POINT('',(9.25,-0.25,0.3));
#966 = LINE('',#967,#968);
#967 = CARTESIAN_POINT('',(9.25,-0.45,0.3));
#968 = VECTOR('',#969,1.);
#969 = DIRECTION('',(1.224646799147E-16,1.,-1.110223024625E-16));
#970 = ORIENTED_EDGE('',*,*,#971,.F.);
#971 = EDGE_CURVE('',#972,#964,#974,.T.);
#972 = VERTEX_POINT('',#973);
#973 = CARTESIAN_POINT('',(8.75,-0.25,0.3));
#974 = LINE('',#975,#976);
#975 = CARTESIAN_POINT('',(-1.95,-0.25,0.3));
#976 = VECTOR('',#977,1.);
#977 = DIRECTION('',(1.,-1.224646799147E-16,0.));
#978 = ORIENTED_EDGE('',*,*,#979,.F.);
#979 = EDGE_CURVE('',#980,#972,#982,.T.);
#980 = VERTEX_POINT('',#981);
#981 = CARTESIAN_POINT('',(8.75,-0.45,0.3));
#982 = LINE('',#983,#984);
#983 = CARTESIAN_POINT('',(8.75,-0.45,0.3));
#984 = VECTOR('',#985,1.);
#985 = DIRECTION('',(1.224646799147E-16,1.,-1.110223024625E-16));
#986 = ORIENTED_EDGE('',*,*,#987,.T.);
#987 = EDGE_CURVE('',#980,#988,#990,.T.);
#988 = VERTEX_POINT('',#989);
#989 = CARTESIAN_POINT('',(7.25,-0.45,0.3));
#990 = LINE('',#991,#992);
#991 = CARTESIAN_POINT('',(8.75,-0.45,0.3));
#992 = VECTOR('',#993,1.);
#993 = DIRECTION('',(-1.,1.224646799147E-16,0.));
#994 = ORIENTED_EDGE('',*,*,#995,.T.);
#995 = EDGE_CURVE('',#988,#996,#998,.T.);
#996 = VERTEX_POINT('',#997);
#997 = CARTESIAN_POINT('',(7.25,-0.25,0.3));
#998 = LINE('',#999,#1000);
#999 = CARTESIAN_POINT('',(7.25,-0.45,0.3));
#1000 = VECTOR('',#1001,1.);
#1001 = DIRECTION('',(1.224646799147E-16,1.,-1.110223024625E-16));
#1002 = ORIENTED_EDGE('',*,*,#1003,.F.);
#1003 = EDGE_CURVE('',#1004,#996,#1006,.T.);
#1004 = VERTEX_POINT('',#1005);
#1005 = CARTESIAN_POINT('',(6.75,-0.25,0.3));
#1006 = LINE('',#1007,#1008);
#1007 = CARTESIAN_POINT('',(-1.95,-0.25,0.3));
#1008 = VECTOR('',#1009,1.);
#1009 = DIRECTION('',(1.,-1.224646799147E-16,0.));
#1010 = ORIENTED_EDGE('',*,*,#1011,.F.);
#1011 = EDGE_CURVE('',#1012,#1004,#1014,.T.);
#1012 = VERTEX_POINT('',#1013);
#1013 = CARTESIAN_POINT('',(6.75,-0.45,0.3));
#1014 = LINE('',#1015,#1016);
#1015 = CARTESIAN_POINT('',(6.75,-0.45,0.3));
#1016 = VECTOR('',#1017,1.);
#1017 = DIRECTION('',(1.224646799147E-16,1.,-1.110223024625E-16));
#1018 = ORIENTED_EDGE('',*,*,#1019,.T.);
#1019 = EDGE_CURVE('',#1012,#1020,#1022,.T.);
#1020 = VERTEX_POINT('',#1021);
#1021 = CARTESIAN_POINT('',(5.25,-0.45,0.3));
#1022 = LINE('',#1023,#1024);
#1023 = CARTESIAN_POINT('',(6.75,-0.45,0.3));
#1024 = VECTOR('',#1025,1.);
#1025 = DIRECTION('',(-1.,1.224646799147E-16,0.));
#1026 = ORIENTED_EDGE('',*,*,#1027,.T.);
#1027 = EDGE_CURVE('',#1020,#1028,#1030,.T.);
#1028 = VERTEX_POINT('',#1029);
#1029 = CARTESIAN_POINT('',(5.25,-0.25,0.3));
#1030 = LINE('',#1031,#1032);
#1031 = CARTESIAN_POINT('',(5.25,-0.45,0.3));
#1032 = VECTOR('',#1033,1.);
#1033 = DIRECTION('',(1.224646799147E-16,1.,-1.110223024625E-16));
#1034 = ORIENTED_EDGE('',*,*,#1035,.F.);
#1035 = EDGE_CURVE('',#1036,#1028,#1038,.T.);
#1036 = VERTEX_POINT('',#1037);
#1037 = CARTESIAN_POINT('',(4.75,-0.25,0.3));
#1038 = LINE('',#1039,#1040);
#1039 = CARTESIAN_POINT('',(-1.95,-0.25,0.3));
#1040 = VECTOR('',#1041,1.);
#1041 = DIRECTION('',(1.,-1.224646799147E-16,0.));
#1042 = ORIENTED_EDGE('',*,*,#1043,.F.);
#1043 = EDGE_CURVE('',#1044,#1036,#1046,.T.);
#1044 = VERTEX_POINT('',#1045);
#1045 = CARTESIAN_POINT('',(4.75,-0.45,0.3));
#1046 = LINE('',#1047,#1048);
#1047 = CARTESIAN_POINT('',(4.75,-0.45,0.3));
#1048 = VECTOR('',#1049,1.);
#1049 = DIRECTION('',(1.224646799147E-16,1.,-1.110223024625E-16));
#1050 = ORIENTED_EDGE('',*,*,#1051,.T.);
#1051 = EDGE_CURVE('',#1044,#1052,#1054,.T.);
#1052 = VERTEX_POINT('',#1053);
#1053 = CARTESIAN_POINT('',(3.25,-0.45,0.3));
#1054 = LINE('',#1055,#1056);
#1055 = CARTESIAN_POINT('',(4.75,-0.45,0.3));
#1056 = VECTOR('',#1057,1.);
#1057 = DIRECTION('',(-1.,1.224646799147E-16,0.));
#1058 = ORIENTED_EDGE('',*,*,#1059,.T.);
#1059 = EDGE_CURVE('',#1052,#1060,#1062,.T.);
#1060 = VERTEX_POINT('',#1061);
#1061 = CARTESIAN_POINT('',(3.25,-0.25,0.3));
#1062 = LINE('',#1063,#1064);
#1063 = CARTESIAN_POINT('',(3.25,-0.45,0.3));
#1064 = VECTOR('',#1065,1.);
#1065 = DIRECTION('',(1.224646799147E-16,1.,-1.110223024625E-16));
#1066 = ORIENTED_EDGE('',*,*,#1067,.F.);
#1067 = EDGE_CURVE('',#1068,#1060,#1070,.T.);
#1068 = VERTEX_POINT('',#1069);
#1069 = CARTESIAN_POINT('',(2.75,-0.25,0.3));
#1070 = LINE('',#1071,#1072);
#1071 = CARTESIAN_POINT('',(-1.95,-0.25,0.3));
#1072 = VECTOR('',#1073,1.);
#1073 = DIRECTION('',(1.,-1.224646799147E-16,0.));
#1074 = ORIENTED_EDGE('',*,*,#1075,.F.);
#1075 = EDGE_CURVE('',#1076,#1068,#1078,.T.);
#1076 = VERTEX_POINT('',#1077);
#1077 = CARTESIAN_POINT('',(2.75,-0.45,0.3));
#1078 = LINE('',#1079,#1080);
#1079 = CARTESIAN_POINT('',(2.75,-0.45,0.3));
#1080 = VECTOR('',#1081,1.);
#1081 = DIRECTION('',(1.224646799147E-16,1.,-1.110223024625E-16));
#1082 = ORIENTED_EDGE('',*,*,#1083,.T.);
#1083 = EDGE_CURVE('',#1076,#1084,#1086,.T.);
#1084 = VERTEX_POINT('',#1085);
#1085 = CARTESIAN_POINT('',(1.25,-0.45,0.3));
#1086 = LINE('',#1087,#1088);
#1087 = CARTESIAN_POINT('',(2.75,-0.45,0.3));
#1088 = VECTOR('',#1089,1.);
#1089 = DIRECTION('',(-1.,1.224646799147E-16,0.));
#1090 = ORIENTED_EDGE('',*,*,#1091,.T.);
#1091 = EDGE_CURVE('',#1084,#1092,#1094,.T.);
#1092 = VERTEX_POINT('',#1093);
#1093 = CARTESIAN_POINT('',(1.25,-0.25,0.3));
#1094 = LINE('',#1095,#1096);
#1095 = CARTESIAN_POINT('',(1.25,-0.45,0.3));
#1096 = VECTOR('',#1097,1.);
#1097 = DIRECTION('',(1.224646799147E-16,1.,-1.110223024625E-16));
#1098 = ORIENTED_EDGE('',*,*,#1099,.F.);
#1099 = EDGE_CURVE('',#1100,#1092,#1102,.T.);
#1100 = VERTEX_POINT('',#1101);
#1101 = CARTESIAN_POINT('',(0.75,-0.25,0.3));
#1102 = LINE('',#1103,#1104);
#1103 = CARTESIAN_POINT('',(-1.95,-0.25,0.3));
#1104 = VECTOR('',#1105,1.);
#1105 = DIRECTION('',(1.,-1.224646799147E-16,0.));
#1106 = ORIENTED_EDGE('',*,*,#1107,.F.);
#1107 = EDGE_CURVE('',#1108,#1100,#1110,.T.);
#1108 = VERTEX_POINT('',#1109);
#1109 = CARTESIAN_POINT('',(0.75,-0.45,0.3));
#1110 = LINE('',#1111,#1112);
#1111 = CARTESIAN_POINT('',(0.75,-0.45,0.3));
#1112 = VECTOR('',#1113,1.);
#1113 = DIRECTION('',(1.224646799147E-16,1.,-1.110223024625E-16));
#1114 = ORIENTED_EDGE('',*,*,#1115,.T.);
#1115 = EDGE_CURVE('',#1108,#1116,#1118,.T.);
#1116 = VERTEX_POINT('',#1117);
#1117 = CARTESIAN_POINT('',(-0.75,-0.45,0.3));
#1118 = LINE('',#1119,#1120);
#1119 = CARTESIAN_POINT('',(0.75,-0.45,0.3));
#1120 = VECTOR('',#1121,1.);
#1121 = DIRECTION('',(-1.,1.224646799147E-16,0.));
#1122 = ORIENTED_EDGE('',*,*,#1123,.T.);
#1123 = EDGE_CURVE('',#1116,#862,#1124,.T.);
#1124 = LINE('',#1125,#1126);
#1125 = CARTESIAN_POINT('',(-0.75,-0.45,0.3));
#1126 = VECTOR('',#1127,1.);
#1127 = DIRECTION('',(1.224646799147E-16,1.,-1.110223024625E-16));
#1128 = PLANE('',#1129);
#1129 = AXIS2_PLACEMENT_3D('',#1130,#1131,#1132);
#1130 = CARTESIAN_POINT('',(-1.95,-0.25,0.3));
#1131 = DIRECTION('',(1.359631073447E-32,1.110223024625E-16,1.));
#1132 = DIRECTION('',(1.,-1.224646799147E-16,-6.927121900793E-45));
#1133 = ADVANCED_FACE('',(#1134),#1142,.T.);
#1134 = FACE_BOUND('',#1135,.T.);
#1135 = EDGE_LOOP('',(#1136,#1137,#1138,#1139,#1140,#1141));
#1136 = ORIENTED_EDGE('',*,*,#450,.T.);
#1137 = ORIENTED_EDGE('',*,*,#416,.T.);
#1138 = ORIENTED_EDGE('',*,*,#392,.T.);
#1139 = ORIENTED_EDGE('',*,*,#368,.T.);
#1140 = ORIENTED_EDGE('',*,*,#208,.T.);
#1141 = ORIENTED_EDGE('',*,*,#876,.T.);
#1142 = PLANE('',#1143);
#1143 = AXIS2_PLACEMENT_3D('',#1144,#1145,#1146);
#1144 = CARTESIAN_POINT('',(14.95,-1.566489992801,0.968760807125));
#1145 = DIRECTION('',(-1.,1.224646799147E-16,0.));
#1146 = DIRECTION('',(0.,0.,1.));
#1147 = ADVANCED_FACE('',(#1148),#1390,.F.);
#1148 = FACE_BOUND('',#1149,.F.);
#1149 = EDGE_LOOP('',(#1150,#1151,#1159,#1167,#1175,#1183,#1191,#1199,
    #1207,#1215,#1223,#1231,#1239,#1247,#1255,#1263,#1271,#1279,#1287,
    #1295,#1303,#1311,#1319,#1327,#1335,#1343,#1351,#1359,#1367,#1375,
    #1383,#1389));
#1150 = ORIENTED_EDGE('',*,*,#232,.F.);
#1151 = ORIENTED_EDGE('',*,*,#1152,.T.);
#1152 = EDGE_CURVE('',#233,#1153,#1155,.T.);
#1153 = VERTEX_POINT('',#1154);
#1154 = CARTESIAN_POINT('',(-1.45,-2.05,0.8));
#1155 = LINE('',#1156,#1157);
#1156 = CARTESIAN_POINT('',(-1.45,-6.25,0.8));
#1157 = VECTOR('',#1158,1.);
#1158 = DIRECTION('',(1.224646799147E-16,1.,-1.110223024625E-16));
#1159 = ORIENTED_EDGE('',*,*,#1160,.T.);
#1160 = EDGE_CURVE('',#1153,#1161,#1163,.T.);
#1161 = VERTEX_POINT('',#1162);
#1162 = CARTESIAN_POINT('',(0.8,-2.05,0.8));
#1163 = LINE('',#1164,#1165);
#1164 = CARTESIAN_POINT('',(-1.45,-2.05,0.8));
#1165 = VECTOR('',#1166,1.);
#1166 = DIRECTION('',(1.,-1.224646799147E-16,0.));
#1167 = ORIENTED_EDGE('',*,*,#1168,.T.);
#1168 = EDGE_CURVE('',#1161,#1169,#1171,.T.);
#1169 = VERTEX_POINT('',#1170);
#1170 = CARTESIAN_POINT('',(0.8,-3.95,0.8));
#1171 = LINE('',#1172,#1173);
#1172 = CARTESIAN_POINT('',(0.8,-2.05,0.8));
#1173 = VECTOR('',#1174,1.);
#1174 = DIRECTION('',(-1.224646799147E-16,-1.,1.110223024625E-16));
#1175 = ORIENTED_EDGE('',*,*,#1176,.T.);
#1176 = EDGE_CURVE('',#1169,#1177,#1179,.T.);
#1177 = VERTEX_POINT('',#1178);
#1178 = CARTESIAN_POINT('',(1.2,-3.95,0.8));
#1179 = LINE('',#1180,#1181);
#1180 = CARTESIAN_POINT('',(0.8,-3.95,0.8));
#1181 = VECTOR('',#1182,1.);
#1182 = DIRECTION('',(1.,-1.224646799147E-16,0.));
#1183 = ORIENTED_EDGE('',*,*,#1184,.F.);
#1184 = EDGE_CURVE('',#1185,#1177,#1187,.T.);
#1185 = VERTEX_POINT('',#1186);
#1186 = CARTESIAN_POINT('',(1.2,-2.05,0.8));
#1187 = LINE('',#1188,#1189);
#1188 = CARTESIAN_POINT('',(1.2,-2.05,0.8));
#1189 = VECTOR('',#1190,1.);
#1190 = DIRECTION('',(-1.224646799147E-16,-1.,1.110223024625E-16));
#1191 = ORIENTED_EDGE('',*,*,#1192,.T.);
#1192 = EDGE_CURVE('',#1185,#1193,#1195,.T.);
#1193 = VERTEX_POINT('',#1194);
#1194 = CARTESIAN_POINT('',(2.8,-2.05,0.8));
#1195 = LINE('',#1196,#1197);
#1196 = CARTESIAN_POINT('',(-1.45,-2.05,0.8));
#1197 = VECTOR('',#1198,1.);
#1198 = DIRECTION('',(1.,-1.224646799147E-16,0.));
#1199 = ORIENTED_EDGE('',*,*,#1200,.T.);
#1200 = EDGE_CURVE('',#1193,#1201,#1203,.T.);
#1201 = VERTEX_POINT('',#1202);
#1202 = CARTESIAN_POINT('',(2.8,-3.95,0.8));
#1203 = LINE('',#1204,#1205);
#1204 = CARTESIAN_POINT('',(2.8,-2.05,0.8));
#1205 = VECTOR('',#1206,1.);
#1206 = DIRECTION('',(-1.224646799147E-16,-1.,1.110223024625E-16));
#1207 = ORIENTED_EDGE('',*,*,#1208,.T.);
#1208 = EDGE_CURVE('',#1201,#1209,#1211,.T.);
#1209 = VERTEX_POINT('',#1210);
#1210 = CARTESIAN_POINT('',(3.2,-3.95,0.8));
#1211 = LINE('',#1212,#1213);
#1212 = CARTESIAN_POINT('',(2.8,-3.95,0.8));
#1213 = VECTOR('',#1214,1.);
#1214 = DIRECTION('',(1.,-1.224646799147E-16,0.));
#1215 = ORIENTED_EDGE('',*,*,#1216,.F.);
#1216 = EDGE_CURVE('',#1217,#1209,#1219,.T.);
#1217 = VERTEX_POINT('',#1218);
#1218 = CARTESIAN_POINT('',(3.2,-2.05,0.8));
#1219 = LINE('',#1220,#1221);
#1220 = CARTESIAN_POINT('',(3.2,-2.05,0.8));
#1221 = VECTOR('',#1222,1.);
#1222 = DIRECTION('',(-1.224646799147E-16,-1.,1.110223024625E-16));
#1223 = ORIENTED_EDGE('',*,*,#1224,.T.);
#1224 = EDGE_CURVE('',#1217,#1225,#1227,.T.);
#1225 = VERTEX_POINT('',#1226);
#1226 = CARTESIAN_POINT('',(4.8,-2.05,0.8));
#1227 = LINE('',#1228,#1229);
#1228 = CARTESIAN_POINT('',(-1.45,-2.05,0.8));
#1229 = VECTOR('',#1230,1.);
#1230 = DIRECTION('',(1.,-1.224646799147E-16,0.));
#1231 = ORIENTED_EDGE('',*,*,#1232,.T.);
#1232 = EDGE_CURVE('',#1225,#1233,#1235,.T.);
#1233 = VERTEX_POINT('',#1234);
#1234 = CARTESIAN_POINT('',(4.8,-3.95,0.8));
#1235 = LINE('',#1236,#1237);
#1236 = CARTESIAN_POINT('',(4.8,-2.05,0.8));
#1237 = VECTOR('',#1238,1.);
#1238 = DIRECTION('',(-1.224646799147E-16,-1.,1.110223024625E-16));
#1239 = ORIENTED_EDGE('',*,*,#1240,.T.);
#1240 = EDGE_CURVE('',#1233,#1241,#1243,.T.);
#1241 = VERTEX_POINT('',#1242);
#1242 = CARTESIAN_POINT('',(5.2,-3.95,0.8));
#1243 = LINE('',#1244,#1245);
#1244 = CARTESIAN_POINT('',(4.8,-3.95,0.8));
#1245 = VECTOR('',#1246,1.);
#1246 = DIRECTION('',(1.,-1.224646799147E-16,0.));
#1247 = ORIENTED_EDGE('',*,*,#1248,.F.);
#1248 = EDGE_CURVE('',#1249,#1241,#1251,.T.);
#1249 = VERTEX_POINT('',#1250);
#1250 = CARTESIAN_POINT('',(5.2,-2.05,0.8));
#1251 = LINE('',#1252,#1253);
#1252 = CARTESIAN_POINT('',(5.2,-2.05,0.8));
#1253 = VECTOR('',#1254,1.);
#1254 = DIRECTION('',(-1.224646799147E-16,-1.,1.110223024625E-16));
#1255 = ORIENTED_EDGE('',*,*,#1256,.T.);
#1256 = EDGE_CURVE('',#1249,#1257,#1259,.T.);
#1257 = VERTEX_POINT('',#1258);
#1258 = CARTESIAN_POINT('',(6.8,-2.05,0.8));
#1259 = LINE('',#1260,#1261);
#1260 = CARTESIAN_POINT('',(-1.45,-2.05,0.8));
#1261 = VECTOR('',#1262,1.);
#1262 = DIRECTION('',(1.,-1.224646799147E-16,0.));
#1263 = ORIENTED_EDGE('',*,*,#1264,.T.);
#1264 = EDGE_CURVE('',#1257,#1265,#1267,.T.);
#1265 = VERTEX_POINT('',#1266);
#1266 = CARTESIAN_POINT('',(6.8,-3.95,0.8));
#1267 = LINE('',#1268,#1269);
#1268 = CARTESIAN_POINT('',(6.8,-2.05,0.8));
#1269 = VECTOR('',#1270,1.);
#1270 = DIRECTION('',(-1.224646799147E-16,-1.,1.110223024625E-16));
#1271 = ORIENTED_EDGE('',*,*,#1272,.T.);
#1272 = EDGE_CURVE('',#1265,#1273,#1275,.T.);
#1273 = VERTEX_POINT('',#1274);
#1274 = CARTESIAN_POINT('',(7.2,-3.95,0.8));
#1275 = LINE('',#1276,#1277);
#1276 = CARTESIAN_POINT('',(6.8,-3.95,0.8));
#1277 = VECTOR('',#1278,1.);
#1278 = DIRECTION('',(1.,-1.224646799147E-16,0.));
#1279 = ORIENTED_EDGE('',*,*,#1280,.F.);
#1280 = EDGE_CURVE('',#1281,#1273,#1283,.T.);
#1281 = VERTEX_POINT('',#1282);
#1282 = CARTESIAN_POINT('',(7.2,-2.05,0.8));
#1283 = LINE('',#1284,#1285);
#1284 = CARTESIAN_POINT('',(7.2,-2.05,0.8));
#1285 = VECTOR('',#1286,1.);
#1286 = DIRECTION('',(-1.224646799147E-16,-1.,1.110223024625E-16));
#1287 = ORIENTED_EDGE('',*,*,#1288,.T.);
#1288 = EDGE_CURVE('',#1281,#1289,#1291,.T.);
#1289 = VERTEX_POINT('',#1290);
#1290 = CARTESIAN_POINT('',(8.8,-2.05,0.8));
#1291 = LINE('',#1292,#1293);
#1292 = CARTESIAN_POINT('',(-1.45,-2.05,0.8));
#1293 = VECTOR('',#1294,1.);
#1294 = DIRECTION('',(1.,-1.224646799147E-16,0.));
#1295 = ORIENTED_EDGE('',*,*,#1296,.T.);
#1296 = EDGE_CURVE('',#1289,#1297,#1299,.T.);
#1297 = VERTEX_POINT('',#1298);
#1298 = CARTESIAN_POINT('',(8.8,-3.95,0.8));
#1299 = LINE('',#1300,#1301);
#1300 = CARTESIAN_POINT('',(8.8,-2.05,0.8));
#1301 = VECTOR('',#1302,1.);
#1302 = DIRECTION('',(-1.224646799147E-16,-1.,1.110223024625E-16));
#1303 = ORIENTED_EDGE('',*,*,#1304,.T.);
#1304 = EDGE_CURVE('',#1297,#1305,#1307,.T.);
#1305 = VERTEX_POINT('',#1306);
#1306 = CARTESIAN_POINT('',(9.2,-3.95,0.8));
#1307 = LINE('',#1308,#1309);
#1308 = CARTESIAN_POINT('',(8.8,-3.95,0.8));
#1309 = VECTOR('',#1310,1.);
#1310 = DIRECTION('',(1.,-1.224646799147E-16,0.));
#1311 = ORIENTED_EDGE('',*,*,#1312,.F.);
#1312 = EDGE_CURVE('',#1313,#1305,#1315,.T.);
#1313 = VERTEX_POINT('',#1314);
#1314 = CARTESIAN_POINT('',(9.2,-2.05,0.8));
#1315 = LINE('',#1316,#1317);
#1316 = CARTESIAN_POINT('',(9.2,-2.05,0.8));
#1317 = VECTOR('',#1318,1.);
#1318 = DIRECTION('',(-1.224646799147E-16,-1.,1.110223024625E-16));
#1319 = ORIENTED_EDGE('',*,*,#1320,.T.);
#1320 = EDGE_CURVE('',#1313,#1321,#1323,.T.);
#1321 = VERTEX_POINT('',#1322);
#1322 = CARTESIAN_POINT('',(10.8,-2.05,0.8));
#1323 = LINE('',#1324,#1325);
#1324 = CARTESIAN_POINT('',(-1.45,-2.05,0.8));
#1325 = VECTOR('',#1326,1.);
#1326 = DIRECTION('',(1.,-1.224646799147E-16,0.));
#1327 = ORIENTED_EDGE('',*,*,#1328,.T.);
#1328 = EDGE_CURVE('',#1321,#1329,#1331,.T.);
#1329 = VERTEX_POINT('',#1330);
#1330 = CARTESIAN_POINT('',(10.8,-3.95,0.8));
#1331 = LINE('',#1332,#1333);
#1332 = CARTESIAN_POINT('',(10.8,-2.05,0.8));
#1333 = VECTOR('',#1334,1.);
#1334 = DIRECTION('',(-1.224646799147E-16,-1.,1.110223024625E-16));
#1335 = ORIENTED_EDGE('',*,*,#1336,.T.);
#1336 = EDGE_CURVE('',#1329,#1337,#1339,.T.);
#1337 = VERTEX_POINT('',#1338);
#1338 = CARTESIAN_POINT('',(11.2,-3.95,0.8));
#1339 = LINE('',#1340,#1341);
#1340 = CARTESIAN_POINT('',(10.8,-3.95,0.8));
#1341 = VECTOR('',#1342,1.);
#1342 = DIRECTION('',(1.,-1.224646799147E-16,0.));
#1343 = ORIENTED_EDGE('',*,*,#1344,.F.);
#1344 = EDGE_CURVE('',#1345,#1337,#1347,.T.);
#1345 = VERTEX_POINT('',#1346);
#1346 = CARTESIAN_POINT('',(11.2,-2.05,0.8));
#1347 = LINE('',#1348,#1349);
#1348 = CARTESIAN_POINT('',(11.2,-2.05,0.8));
#1349 = VECTOR('',#1350,1.);
#1350 = DIRECTION('',(-1.224646799147E-16,-1.,1.110223024625E-16));
#1351 = ORIENTED_EDGE('',*,*,#1352,.T.);
#1352 = EDGE_CURVE('',#1345,#1353,#1355,.T.);
#1353 = VERTEX_POINT('',#1354);
#1354 = CARTESIAN_POINT('',(12.8,-2.05,0.8));
#1355 = LINE('',#1356,#1357);
#1356 = CARTESIAN_POINT('',(-1.45,-2.05,0.8));
#1357 = VECTOR('',#1358,1.);
#1358 = DIRECTION('',(1.,-1.224646799147E-16,0.));
#1359 = ORIENTED_EDGE('',*,*,#1360,.T.);
#1360 = EDGE_CURVE('',#1353,#1361,#1363,.T.);
#1361 = VERTEX_POINT('',#1362);
#1362 = CARTESIAN_POINT('',(12.8,-3.95,0.8));
#1363 = LINE('',#1364,#1365);
#1364 = CARTESIAN_POINT('',(12.8,-2.05,0.8));
#1365 = VECTOR('',#1366,1.);
#1366 = DIRECTION('',(-1.224646799147E-16,-1.,1.110223024625E-16));
#1367 = ORIENTED_EDGE('',*,*,#1368,.T.);
#1368 = EDGE_CURVE('',#1361,#1369,#1371,.T.);
#1369 = VERTEX_POINT('',#1370);
#1370 = CARTESIAN_POINT('',(13.2,-3.95,0.8));
#1371 = LINE('',#1372,#1373);
#1372 = CARTESIAN_POINT('',(12.8,-3.95,0.8));
#1373 = VECTOR('',#1374,1.);
#1374 = DIRECTION('',(1.,-1.224646799147E-16,0.));
#1375 = ORIENTED_EDGE('',*,*,#1376,.F.);
#1376 = EDGE_CURVE('',#1377,#1369,#1379,.T.);
#1377 = VERTEX_POINT('',#1378);
#1378 = CARTESIAN_POINT('',(13.2,-2.05,0.8));
#1379 = LINE('',#1380,#1381);
#1380 = CARTESIAN_POINT('',(13.2,-2.05,0.8));
#1381 = VECTOR('',#1382,1.);
#1382 = DIRECTION('',(-1.224646799147E-16,-1.,1.110223024625E-16));
#1383 = ORIENTED_EDGE('',*,*,#1384,.T.);
#1384 = EDGE_CURVE('',#1377,#288,#1385,.T.);
#1385 = LINE('',#1386,#1387);
#1386 = CARTESIAN_POINT('',(-1.45,-2.05,0.8));
#1387 = VECTOR('',#1388,1.);
#1388 = DIRECTION('',(1.,-1.224646799147E-16,0.));
#1389 = ORIENTED_EDGE('',*,*,#287,.F.);
#1390 = PLANE('',#1391);
#1391 = AXIS2_PLACEMENT_3D('',#1392,#1393,#1394);
#1392 = CARTESIAN_POINT('',(-1.45,-6.25,0.8));
#1393 = DIRECTION('',(-1.359631073447E-32,-1.110223024625E-16,-1.));
#1394 = DIRECTION('',(1.,-1.224646799147E-16,-6.927121900793E-45));
#1395 = ADVANCED_FACE('',(#1396),#1447,.F.);
#1396 = FACE_BOUND('',#1397,.F.);
#1397 = EDGE_LOOP('',(#1398,#1408,#1416,#1422,#1423,#1424,#1432,#1441));
#1398 = ORIENTED_EDGE('',*,*,#1399,.F.);
#1399 = EDGE_CURVE('',#1400,#1402,#1404,.T.);
#1400 = VERTEX_POINT('',#1401);
#1401 = CARTESIAN_POINT('',(-1.45,-6.25,4.2));
#1402 = VERTEX_POINT('',#1403);
#1403 = CARTESIAN_POINT('',(-1.45,-6.25,3.3));
#1404 = LINE('',#1405,#1406);
#1405 = CARTESIAN_POINT('',(-1.45,-6.25,4.2));
#1406 = VECTOR('',#1407,1.);
#1407 = DIRECTION('',(-1.359631073447E-32,-1.110223024625E-16,-1.));
#1408 = ORIENTED_EDGE('',*,*,#1409,.T.);
#1409 = EDGE_CURVE('',#1400,#1410,#1412,.T.);
#1410 = VERTEX_POINT('',#1411);
#1411 = CARTESIAN_POINT('',(-1.45,-2.05,4.2));
#1412 = LINE('',#1413,#1414);
#1413 = CARTESIAN_POINT('',(-1.45,-6.25,4.2));
#1414 = VECTOR('',#1415,1.);
#1415 = DIRECTION('',(1.224646799147E-16,1.,-1.110223024625E-16));
#1416 = ORIENTED_EDGE('',*,*,#1417,.T.);
#1417 = EDGE_CURVE('',#1410,#1153,#1418,.T.);
#1418 = LINE('',#1419,#1420);
#1419 = CARTESIAN_POINT('',(-1.45,-2.05,4.2));
#1420 = VECTOR('',#1421,1.);
#1421 = DIRECTION('',(-1.359631073447E-32,-1.110223024625E-16,-1.));
#1422 = ORIENTED_EDGE('',*,*,#1152,.F.);
#1423 = ORIENTED_EDGE('',*,*,#240,.F.);
#1424 = ORIENTED_EDGE('',*,*,#1425,.T.);
#1425 = EDGE_CURVE('',#241,#1426,#1428,.T.);
#1426 = VERTEX_POINT('',#1427);
#1427 = CARTESIAN_POINT('',(-1.45,-4.65,2.5));
#1428 = LINE('',#1429,#1430);
#1429 = CARTESIAN_POINT('',(-1.45,-5.45,2.5));
#1430 = VECTOR('',#1431,1.);
#1431 = DIRECTION('',(1.224646799147E-16,1.,-1.110223024625E-16));
#1432 = ORIENTED_EDGE('',*,*,#1433,.T.);
#1433 = EDGE_CURVE('',#1426,#1434,#1436,.T.);
#1434 = VERTEX_POINT('',#1435);
#1435 = CARTESIAN_POINT('',(-1.45,-4.65,3.3));
#1436 = CIRCLE('',#1437,0.4);
#1437 = AXIS2_PLACEMENT_3D('',#1438,#1439,#1440);
#1438 = CARTESIAN_POINT('',(-1.45,-4.65,2.9));
#1439 = DIRECTION('',(1.,-1.224646799147E-16,0.));
#1440 = DIRECTION('',(1.359631073446E-32,1.110223024625E-16,1.));
#1441 = ORIENTED_EDGE('',*,*,#1442,.T.);
#1442 = EDGE_CURVE('',#1434,#1402,#1443,.T.);
#1443 = LINE('',#1444,#1445);
#1444 = CARTESIAN_POINT('',(-1.45,-6.25,3.3));
#1445 = VECTOR('',#1446,1.);
#1446 = DIRECTION('',(-1.224646799147E-16,-1.,1.110223024625E-16));
#1447 = PLANE('',#1448);
#1448 = AXIS2_PLACEMENT_3D('',#1449,#1450,#1451);
#1449 = CARTESIAN_POINT('',(-1.45,-6.25,4.2));
#1450 = DIRECTION('',(-1.,1.224646799147E-16,0.));
#1451 = DIRECTION('',(-1.359631073446E-32,-1.110223024625E-16,-1.));
#1452 = ADVANCED_FACE('',(#1453),#1471,.T.);
#1453 = FACE_BOUND('',#1454,.T.);
#1454 = EDGE_LOOP('',(#1455,#1456,#1464,#1470));
#1455 = ORIENTED_EDGE('',*,*,#1425,.T.);
#1456 = ORIENTED_EDGE('',*,*,#1457,.T.);
#1457 = EDGE_CURVE('',#1426,#1458,#1460,.T.);
#1458 = VERTEX_POINT('',#1459);
#1459 = CARTESIAN_POINT('',(-1.95,-4.65,2.5));
#1460 = LINE('',#1461,#1462);
#1461 = CARTESIAN_POINT('',(15.95,-4.65,2.5));
#1462 = VECTOR('',#1463,1.);
#1463 = DIRECTION('',(-1.,1.224646799147E-16,0.));
#1464 = ORIENTED_EDGE('',*,*,#1465,.T.);
#1465 = EDGE_CURVE('',#1458,#249,#1466,.T.);
#1466 = LINE('',#1467,#1468);
#1467 = CARTESIAN_POINT('',(-1.95,-2.45,2.5));
#1468 = VECTOR('',#1469,1.);
#1469 = DIRECTION('',(-1.224646799147E-16,-1.,1.110223024625E-16));
#1470 = ORIENTED_EDGE('',*,*,#248,.F.);
#1471 = PLANE('',#1472);
#1472 = AXIS2_PLACEMENT_3D('',#1473,#1474,#1475);
#1473 = CARTESIAN_POINT('',(15.95,-4.65,2.5));
#1474 = DIRECTION('',(1.359631073447E-32,1.110223024625E-16,1.));
#1475 = DIRECTION('',(-1.224646799147E-16,-1.,1.110223024625E-16));
#1476 = ADVANCED_FACE('',(#1477),#1544,.T.);
#1477 = FACE_BOUND('',#1478,.T.);
#1478 = EDGE_LOOP('',(#1479,#1489,#1497,#1505,#1511,#1512,#1513,#1522,
    #1530,#1538));
#1479 = ORIENTED_EDGE('',*,*,#1480,.T.);
#1480 = EDGE_CURVE('',#1481,#1483,#1485,.T.);
#1481 = VERTEX_POINT('',#1482);
#1482 = CARTESIAN_POINT('',(-1.95,-0.25,4.8));
#1483 = VERTEX_POINT('',#1484);
#1484 = CARTESIAN_POINT('',(-1.95,-0.25,4.1));
#1485 = LINE('',#1486,#1487);
#1486 = CARTESIAN_POINT('',(-1.95,-0.25,4.8));
#1487 = VECTOR('',#1488,1.);
#1488 = DIRECTION('',(-1.359631073447E-32,-1.110223024625E-16,-1.));
#1489 = ORIENTED_EDGE('',*,*,#1490,.T.);
#1490 = EDGE_CURVE('',#1483,#1491,#1493,.T.);
#1491 = VERTEX_POINT('',#1492);
#1492 = CARTESIAN_POINT('',(-1.95,1.35,3.2));
#1493 = LINE('',#1494,#1495);
#1494 = CARTESIAN_POINT('',(-1.95,-0.25,4.1));
#1495 = VECTOR('',#1496,1.);
#1496 = DIRECTION('',(1.067372191754E-16,0.871575537124,-0.490261239633)
  );
#1497 = ORIENTED_EDGE('',*,*,#1498,.T.);
#1498 = EDGE_CURVE('',#1491,#1499,#1501,.T.);
#1499 = VERTEX_POINT('',#1500);
#1500 = CARTESIAN_POINT('',(-1.95,1.35,0.));
#1501 = LINE('',#1502,#1503);
#1502 = CARTESIAN_POINT('',(-1.95,1.35,3.2));
#1503 = VECTOR('',#1504,1.);
#1504 = DIRECTION('',(-0.,0.,-1.));
#1505 = ORIENTED_EDGE('',*,*,#1506,.T.);
#1506 = EDGE_CURVE('',#1499,#257,#1507,.T.);
#1507 = LINE('',#1508,#1509);
#1508 = CARTESIAN_POINT('',(-1.95,1.35,0.));
#1509 = VECTOR('',#1510,1.);
#1510 = DIRECTION('',(-1.224646799147E-16,-1.,0.));
#1511 = ORIENTED_EDGE('',*,*,#256,.F.);
#1512 = ORIENTED_EDGE('',*,*,#1465,.F.);
#1513 = ORIENTED_EDGE('',*,*,#1514,.T.);
#1514 = EDGE_CURVE('',#1458,#1515,#1517,.T.);
#1515 = VERTEX_POINT('',#1516);
#1516 = CARTESIAN_POINT('',(-1.95,-4.65,3.3));
#1517 = CIRCLE('',#1518,0.4);
#1518 = AXIS2_PLACEMENT_3D('',#1519,#1520,#1521);
#1519 = CARTESIAN_POINT('',(-1.95,-4.65,2.9));
#1520 = DIRECTION('',(1.,-1.224646799147E-16,0.));
#1521 = DIRECTION('',(1.359631073446E-32,1.110223024625E-16,1.));
#1522 = ORIENTED_EDGE('',*,*,#1523,.F.);
#1523 = EDGE_CURVE('',#1524,#1515,#1526,.T.);
#1524 = VERTEX_POINT('',#1525);
#1525 = CARTESIAN_POINT('',(-1.95,-6.25,3.3));
#1526 = LINE('',#1527,#1528);
#1527 = CARTESIAN_POINT('',(-1.95,-3.25,3.3));
#1528 = VECTOR('',#1529,1.);
#1529 = DIRECTION('',(1.224646799147E-16,1.,-1.110223024625E-16));
#1530 = ORIENTED_EDGE('',*,*,#1531,.F.);
#1531 = EDGE_CURVE('',#1532,#1524,#1534,.T.);
#1532 = VERTEX_POINT('',#1533);
#1533 = CARTESIAN_POINT('',(-1.95,-6.25,4.8));
#1534 = LINE('',#1535,#1536);
#1535 = CARTESIAN_POINT('',(-1.95,-6.25,4.8));
#1536 = VECTOR('',#1537,1.);
#1537 = DIRECTION('',(-1.359631073447E-32,-1.110223024625E-16,-1.));
#1538 = ORIENTED_EDGE('',*,*,#1539,.F.);
#1539 = EDGE_CURVE('',#1481,#1532,#1540,.T.);
#1540 = LINE('',#1541,#1542);
#1541 = CARTESIAN_POINT('',(-1.95,-0.25,4.8));
#1542 = VECTOR('',#1543,1.);
#1543 = DIRECTION('',(-1.224646799147E-16,-1.,1.110223024625E-16));
#1544 = PLANE('',#1545);
#1545 = AXIS2_PLACEMENT_3D('',#1546,#1547,#1548);
#1546 = CARTESIAN_POINT('',(-1.95,-2.909897467985,2.368621550033));
#1547 = DIRECTION('',(-1.,1.224646799147E-16,0.));
#1548 = DIRECTION('',(0.,0.,1.));
#1549 = ADVANCED_FACE('',(#1550),#1568,.F.);
#1550 = FACE_BOUND('',#1551,.F.);
#1551 = EDGE_LOOP('',(#1552,#1560,#1561,#1562));
#1552 = ORIENTED_EDGE('',*,*,#1553,.T.);
#1553 = EDGE_CURVE('',#1554,#1499,#1556,.T.);
#1554 = VERTEX_POINT('',#1555);
#1555 = CARTESIAN_POINT('',(-0.95,1.35,0.));
#1556 = LINE('',#1557,#1558);
#1557 = CARTESIAN_POINT('',(-0.95,1.35,0.));
#1558 = VECTOR('',#1559,1.);
#1559 = DIRECTION('',(-1.,1.224646799147E-16,0.));
#1560 = ORIENTED_EDGE('',*,*,#1506,.T.);
#1561 = ORIENTED_EDGE('',*,*,#264,.F.);
#1562 = ORIENTED_EDGE('',*,*,#1563,.F.);
#1563 = EDGE_CURVE('',#1554,#265,#1564,.T.);
#1564 = LINE('',#1565,#1566);
#1565 = CARTESIAN_POINT('',(-0.95,1.35,0.));
#1566 = VECTOR('',#1567,1.);
#1567 = DIRECTION('',(-1.224646799147E-16,-1.,0.));
#1568 = PLANE('',#1569);
#1569 = AXIS2_PLACEMENT_3D('',#1570,#1571,#1572);
#1570 = CARTESIAN_POINT('',(-0.95,1.35,0.));
#1571 = DIRECTION('',(0.,0.,1.));
#1572 = DIRECTION('',(-1.224646799147E-16,-1.,0.));
#1573 = ADVANCED_FACE('',(#1574),#1601,.F.);
#1574 = FACE_BOUND('',#1575,.F.);
#1575 = EDGE_LOOP('',(#1576,#1584,#1592,#1598,#1599,#1600));
#1576 = ORIENTED_EDGE('',*,*,#1577,.T.);
#1577 = EDGE_CURVE('',#860,#1578,#1580,.T.);
#1578 = VERTEX_POINT('',#1579);
#1579 = CARTESIAN_POINT('',(-0.95,-0.25,4.1));
#1580 = LINE('',#1581,#1582);
#1581 = CARTESIAN_POINT('',(-0.95,-0.25,0.3));
#1582 = VECTOR('',#1583,1.);
#1583 = DIRECTION('',(0.,0.,1.));
#1584 = ORIENTED_EDGE('',*,*,#1585,.T.);
#1585 = EDGE_CURVE('',#1578,#1586,#1588,.T.);
#1586 = VERTEX_POINT('',#1587);
#1587 = CARTESIAN_POINT('',(-0.95,1.35,3.2));
#1588 = LINE('',#1589,#1590);
#1589 = CARTESIAN_POINT('',(-0.95,-0.25,4.1));
#1590 = VECTOR('',#1591,1.);
#1591 = DIRECTION('',(1.067372191754E-16,0.871575537124,-0.490261239633)
  );
#1592 = ORIENTED_EDGE('',*,*,#1593,.T.);
#1593 = EDGE_CURVE('',#1586,#1554,#1594,.T.);
#1594 = LINE('',#1595,#1596);
#1595 = CARTESIAN_POINT('',(-0.95,1.35,3.2));
#1596 = VECTOR('',#1597,1.);
#1597 = DIRECTION('',(-0.,0.,-1.));
#1598 = ORIENTED_EDGE('',*,*,#1563,.T.);
#1599 = ORIENTED_EDGE('',*,*,#272,.T.);
#1600 = ORIENTED_EDGE('',*,*,#869,.T.);
#1601 = PLANE('',#1602);
#1602 = AXIS2_PLACEMENT_3D('',#1603,#1604,#1605);
#1603 = CARTESIAN_POINT('',(-0.95,-1.566489992801,0.968760807125));
#1604 = DIRECTION('',(-1.,1.224646799147E-16,0.));
#1605 = DIRECTION('',(0.,0.,1.));
#1606 = ADVANCED_FACE('',(#1607),#1712,.F.);
#1607 = FACE_BOUND('',#1608,.F.);
#1608 = EDGE_LOOP('',(#1609,#1610,#1611,#1619,#1627,#1635,#1643,#1651,
    #1659,#1667,#1675,#1681,#1682,#1690,#1698,#1706));
#1609 = ORIENTED_EDGE('',*,*,#832,.F.);
#1610 = ORIENTED_EDGE('',*,*,#303,.T.);
#1611 = ORIENTED_EDGE('',*,*,#1612,.T.);
#1612 = EDGE_CURVE('',#296,#1613,#1615,.T.);
#1613 = VERTEX_POINT('',#1614);
#1614 = CARTESIAN_POINT('',(15.4,-2.05,4.2));
#1615 = LINE('',#1616,#1617);
#1616 = CARTESIAN_POINT('',(15.45,-2.05,4.2));
#1617 = VECTOR('',#1618,1.);
#1618 = DIRECTION('',(-1.,1.224646799147E-16,0.));
#1619 = ORIENTED_EDGE('',*,*,#1620,.F.);
#1620 = EDGE_CURVE('',#1621,#1613,#1623,.T.);
#1621 = VERTEX_POINT('',#1622);
#1622 = CARTESIAN_POINT('',(15.4,-4.45,4.2));
#1623 = LINE('',#1624,#1625);
#1624 = CARTESIAN_POINT('',(15.4,-4.45,4.2));
#1625 = VECTOR('',#1626,1.);
#1626 = DIRECTION('',(1.224646799147E-16,1.,-1.110223024625E-16));
#1627 = ORIENTED_EDGE('',*,*,#1628,.F.);
#1628 = EDGE_CURVE('',#1629,#1621,#1631,.T.);
#1629 = VERTEX_POINT('',#1630);
#1630 = CARTESIAN_POINT('',(14.4,-4.45,4.2));
#1631 = LINE('',#1632,#1633);
#1632 = CARTESIAN_POINT('',(14.4,-4.45,4.2));
#1633 = VECTOR('',#1634,1.);
#1634 = DIRECTION('',(1.,-1.224646799147E-16,0.));
#1635 = ORIENTED_EDGE('',*,*,#1636,.F.);
#1636 = EDGE_CURVE('',#1637,#1629,#1639,.T.);
#1637 = VERTEX_POINT('',#1638);
#1638 = CARTESIAN_POINT('',(14.4,-2.05,4.2));
#1639 = LINE('',#1640,#1641);
#1640 = CARTESIAN_POINT('',(14.4,-0.25,4.2));
#1641 = VECTOR('',#1642,1.);
#1642 = DIRECTION('',(-1.224646799147E-16,-1.,1.110223024625E-16));
#1643 = ORIENTED_EDGE('',*,*,#1644,.T.);
#1644 = EDGE_CURVE('',#1637,#1645,#1647,.T.);
#1645 = VERTEX_POINT('',#1646);
#1646 = CARTESIAN_POINT('',(-0.4,-2.05,4.2));
#1647 = LINE('',#1648,#1649);
#1648 = CARTESIAN_POINT('',(15.45,-2.05,4.2));
#1649 = VECTOR('',#1650,1.);
#1650 = DIRECTION('',(-1.,1.224646799147E-16,0.));
#1651 = ORIENTED_EDGE('',*,*,#1652,.T.);
#1652 = EDGE_CURVE('',#1645,#1653,#1655,.T.);
#1653 = VERTEX_POINT('',#1654);
#1654 = CARTESIAN_POINT('',(-0.4,-4.45,4.2));
#1655 = LINE('',#1656,#1657);
#1656 = CARTESIAN_POINT('',(-0.4,-0.25,4.2));
#1657 = VECTOR('',#1658,1.);
#1658 = DIRECTION('',(-1.224646799147E-16,-1.,1.110223024625E-16));
#1659 = ORIENTED_EDGE('',*,*,#1660,.T.);
#1660 = EDGE_CURVE('',#1653,#1661,#1663,.T.);
#1661 = VERTEX_POINT('',#1662);
#1662 = CARTESIAN_POINT('',(-1.4,-4.45,4.2));
#1663 = LINE('',#1664,#1665);
#1664 = CARTESIAN_POINT('',(-0.4,-4.45,4.2));
#1665 = VECTOR('',#1666,1.);
#1666 = DIRECTION('',(-1.,1.224646799147E-16,0.));
#1667 = ORIENTED_EDGE('',*,*,#1668,.T.);
#1668 = EDGE_CURVE('',#1661,#1669,#1671,.T.);
#1669 = VERTEX_POINT('',#1670);
#1670 = CARTESIAN_POINT('',(-1.4,-2.05,4.2));
#1671 = LINE('',#1672,#1673);
#1672 = CARTESIAN_POINT('',(-1.4,-4.45,4.2));
#1673 = VECTOR('',#1674,1.);
#1674 = DIRECTION('',(1.224646799147E-16,1.,-1.110223024625E-16));
#1675 = ORIENTED_EDGE('',*,*,#1676,.T.);
#1676 = EDGE_CURVE('',#1669,#1410,#1677,.T.);
#1677 = LINE('',#1678,#1679);
#1678 = CARTESIAN_POINT('',(15.45,-2.05,4.2));
#1679 = VECTOR('',#1680,1.);
#1680 = DIRECTION('',(-1.,1.224646799147E-16,0.));
#1681 = ORIENTED_EDGE('',*,*,#1409,.F.);
#1682 = ORIENTED_EDGE('',*,*,#1683,.F.);
#1683 = EDGE_CURVE('',#1684,#1400,#1686,.T.);
#1684 = VERTEX_POINT('',#1685);
#1685 = CARTESIAN_POINT('',(0.55,-6.25,4.2));
#1686 = LINE('',#1687,#1688);
#1687 = CARTESIAN_POINT('',(15.45,-6.25,4.2));
#1688 = VECTOR('',#1689,1.);
#1689 = DIRECTION('',(-1.,1.224646799147E-16,0.));
#1690 = ORIENTED_EDGE('',*,*,#1691,.F.);
#1691 = EDGE_CURVE('',#1692,#1684,#1694,.T.);
#1692 = VERTEX_POINT('',#1693);
#1693 = CARTESIAN_POINT('',(0.55,-2.35,4.2));
#1694 = LINE('',#1695,#1696);
#1695 = CARTESIAN_POINT('',(0.55,-4.3,4.2));
#1696 = VECTOR('',#1697,1.);
#1697 = DIRECTION('',(-1.224646799147E-16,-1.,1.110223024625E-16));
#1698 = ORIENTED_EDGE('',*,*,#1699,.F.);
#1699 = EDGE_CURVE('',#1700,#1692,#1702,.T.);
#1700 = VERTEX_POINT('',#1701);
#1701 = CARTESIAN_POINT('',(13.45,-2.35,4.2));
#1702 = LINE('',#1703,#1704);
#1703 = CARTESIAN_POINT('',(14.45,-2.35,4.2));
#1704 = VECTOR('',#1705,1.);
#1705 = DIRECTION('',(-1.,1.224646799147E-16,0.));
#1706 = ORIENTED_EDGE('',*,*,#1707,.F.);
#1707 = EDGE_CURVE('',#825,#1700,#1708,.T.);
#1708 = LINE('',#1709,#1710);
#1709 = CARTESIAN_POINT('',(13.45,-6.25,4.2));
#1710 = VECTOR('',#1711,1.);
#1711 = DIRECTION('',(1.224646799147E-16,1.,-1.110223024625E-16));
#1712 = PLANE('',#1713);
#1713 = AXIS2_PLACEMENT_3D('',#1714,#1715,#1716);
#1714 = CARTESIAN_POINT('',(15.45,-6.25,4.2));
#1715 = DIRECTION('',(1.359631073447E-32,1.110223024625E-16,1.));
#1716 = DIRECTION('',(-1.,1.224646799147E-16,6.927121900793E-45));
#1717 = ADVANCED_FACE('',(#1718,#1899,#1933,#1967,#2001,#2035,#2069,
    #2103,#2137),#2171,.T.);
#1718 = FACE_BOUND('',#1719,.T.);
#1719 = EDGE_LOOP('',(#1720,#1728,#1729,#1730,#1731,#1737,#1738,#1744,
    #1745,#1746,#1747,#1755,#1763,#1769,#1770,#1778,#1786,#1792,#1793,
    #1801,#1809,#1815,#1816,#1824,#1832,#1838,#1839,#1847,#1855,#1861,
    #1862,#1870,#1878,#1884,#1885,#1893));
#1720 = ORIENTED_EDGE('',*,*,#1721,.F.);
#1721 = EDGE_CURVE('',#1377,#1722,#1724,.T.);
#1722 = VERTEX_POINT('',#1723);
#1723 = CARTESIAN_POINT('',(13.2,-2.05,1.1));
#1724 = LINE('',#1725,#1726);
#1725 = CARTESIAN_POINT('',(13.2,-2.05,0.8));
#1726 = VECTOR('',#1727,1.);
#1727 = DIRECTION('',(1.359631073447E-32,1.110223024625E-16,1.));
#1728 = ORIENTED_EDGE('',*,*,#1384,.T.);
#1729 = ORIENTED_EDGE('',*,*,#295,.T.);
#1730 = ORIENTED_EDGE('',*,*,#1612,.T.);
#1731 = ORIENTED_EDGE('',*,*,#1732,.T.);
#1732 = EDGE_CURVE('',#1613,#1637,#1733,.T.);
#1733 = LINE('',#1734,#1735);
#1734 = CARTESIAN_POINT('',(15.45,-2.05,4.2));
#1735 = VECTOR('',#1736,1.);
#1736 = DIRECTION('',(-1.,1.224646799147E-16,0.));
#1737 = ORIENTED_EDGE('',*,*,#1644,.T.);
#1738 = ORIENTED_EDGE('',*,*,#1739,.T.);
#1739 = EDGE_CURVE('',#1645,#1669,#1740,.T.);
#1740 = LINE('',#1741,#1742);
#1741 = CARTESIAN_POINT('',(15.45,-2.05,4.2));
#1742 = VECTOR('',#1743,1.);
#1743 = DIRECTION('',(-1.,1.224646799147E-16,0.));
#1744 = ORIENTED_EDGE('',*,*,#1676,.T.);
#1745 = ORIENTED_EDGE('',*,*,#1417,.T.);
#1746 = ORIENTED_EDGE('',*,*,#1160,.T.);
#1747 = ORIENTED_EDGE('',*,*,#1748,.F.);
#1748 = EDGE_CURVE('',#1749,#1161,#1751,.T.);
#1749 = VERTEX_POINT('',#1750);
#1750 = CARTESIAN_POINT('',(0.8,-2.05,1.1));
#1751 = LINE('',#1752,#1753);
#1752 = CARTESIAN_POINT('',(0.8,-2.05,1.1));
#1753 = VECTOR('',#1754,1.);
#1754 = DIRECTION('',(-1.359631073447E-32,-1.110223024625E-16,-1.));
#1755 = ORIENTED_EDGE('',*,*,#1756,.F.);
#1756 = EDGE_CURVE('',#1757,#1749,#1759,.T.);
#1757 = VERTEX_POINT('',#1758);
#1758 = CARTESIAN_POINT('',(1.2,-2.05,1.1));
#1759 = LINE('',#1760,#1761);
#1760 = CARTESIAN_POINT('',(1.2,-2.05,1.1));
#1761 = VECTOR('',#1762,1.);
#1762 = DIRECTION('',(-1.,1.224646799147E-16,0.));
#1763 = ORIENTED_EDGE('',*,*,#1764,.F.);
#1764 = EDGE_CURVE('',#1185,#1757,#1765,.T.);
#1765 = LINE('',#1766,#1767);
#1766 = CARTESIAN_POINT('',(1.2,-2.05,0.8));
#1767 = VECTOR('',#1768,1.);
#1768 = DIRECTION('',(1.359631073447E-32,1.110223024625E-16,1.));
#1769 = ORIENTED_EDGE('',*,*,#1192,.T.);
#1770 = ORIENTED_EDGE('',*,*,#1771,.F.);
#1771 = EDGE_CURVE('',#1772,#1193,#1774,.T.);
#1772 = VERTEX_POINT('',#1773);
#1773 = CARTESIAN_POINT('',(2.8,-2.05,1.1));
#1774 = LINE('',#1775,#1776);
#1775 = CARTESIAN_POINT('',(2.8,-2.05,1.1));
#1776 = VECTOR('',#1777,1.);
#1777 = DIRECTION('',(-1.359631073447E-32,-1.110223024625E-16,-1.));
#1778 = ORIENTED_EDGE('',*,*,#1779,.F.);
#1779 = EDGE_CURVE('',#1780,#1772,#1782,.T.);
#1780 = VERTEX_POINT('',#1781);
#1781 = CARTESIAN_POINT('',(3.2,-2.05,1.1));
#1782 = LINE('',#1783,#1784);
#1783 = CARTESIAN_POINT('',(3.2,-2.05,1.1));
#1784 = VECTOR('',#1785,1.);
#1785 = DIRECTION('',(-1.,1.224646799147E-16,0.));
#1786 = ORIENTED_EDGE('',*,*,#1787,.F.);
#1787 = EDGE_CURVE('',#1217,#1780,#1788,.T.);
#1788 = LINE('',#1789,#1790);
#1789 = CARTESIAN_POINT('',(3.2,-2.05,0.8));
#1790 = VECTOR('',#1791,1.);
#1791 = DIRECTION('',(1.359631073447E-32,1.110223024625E-16,1.));
#1792 = ORIENTED_EDGE('',*,*,#1224,.T.);
#1793 = ORIENTED_EDGE('',*,*,#1794,.F.);
#1794 = EDGE_CURVE('',#1795,#1225,#1797,.T.);
#1795 = VERTEX_POINT('',#1796);
#1796 = CARTESIAN_POINT('',(4.8,-2.05,1.1));
#1797 = LINE('',#1798,#1799);
#1798 = CARTESIAN_POINT('',(4.8,-2.05,1.1));
#1799 = VECTOR('',#1800,1.);
#1800 = DIRECTION('',(-1.359631073447E-32,-1.110223024625E-16,-1.));
#1801 = ORIENTED_EDGE('',*,*,#1802,.F.);
#1802 = EDGE_CURVE('',#1803,#1795,#1805,.T.);
#1803 = VERTEX_POINT('',#1804);
#1804 = CARTESIAN_POINT('',(5.2,-2.05,1.1));
#1805 = LINE('',#1806,#1807);
#1806 = CARTESIAN_POINT('',(5.2,-2.05,1.1));
#1807 = VECTOR('',#1808,1.);
#1808 = DIRECTION('',(-1.,1.224646799147E-16,0.));
#1809 = ORIENTED_EDGE('',*,*,#1810,.F.);
#1810 = EDGE_CURVE('',#1249,#1803,#1811,.T.);
#1811 = LINE('',#1812,#1813);
#1812 = CARTESIAN_POINT('',(5.2,-2.05,0.8));
#1813 = VECTOR('',#1814,1.);
#1814 = DIRECTION('',(1.359631073447E-32,1.110223024625E-16,1.));
#1815 = ORIENTED_EDGE('',*,*,#1256,.T.);
#1816 = ORIENTED_EDGE('',*,*,#1817,.F.);
#1817 = EDGE_CURVE('',#1818,#1257,#1820,.T.);
#1818 = VERTEX_POINT('',#1819);
#1819 = CARTESIAN_POINT('',(6.8,-2.05,1.1));
#1820 = LINE('',#1821,#1822);
#1821 = CARTESIAN_POINT('',(6.8,-2.05,1.1));
#1822 = VECTOR('',#1823,1.);
#1823 = DIRECTION('',(-1.359631073447E-32,-1.110223024625E-16,-1.));
#1824 = ORIENTED_EDGE('',*,*,#1825,.F.);
#1825 = EDGE_CURVE('',#1826,#1818,#1828,.T.);
#1826 = VERTEX_POINT('',#1827);
#1827 = CARTESIAN_POINT('',(7.2,-2.05,1.1));
#1828 = LINE('',#1829,#1830);
#1829 = CARTESIAN_POINT('',(7.2,-2.05,1.1));
#1830 = VECTOR('',#1831,1.);
#1831 = DIRECTION('',(-1.,1.224646799147E-16,0.));
#1832 = ORIENTED_EDGE('',*,*,#1833,.F.);
#1833 = EDGE_CURVE('',#1281,#1826,#1834,.T.);
#1834 = LINE('',#1835,#1836);
#1835 = CARTESIAN_POINT('',(7.2,-2.05,0.8));
#1836 = VECTOR('',#1837,1.);
#1837 = DIRECTION('',(1.359631073447E-32,1.110223024625E-16,1.));
#1838 = ORIENTED_EDGE('',*,*,#1288,.T.);
#1839 = ORIENTED_EDGE('',*,*,#1840,.F.);
#1840 = EDGE_CURVE('',#1841,#1289,#1843,.T.);
#1841 = VERTEX_POINT('',#1842);
#1842 = CARTESIAN_POINT('',(8.8,-2.05,1.1));
#1843 = LINE('',#1844,#1845);
#1844 = CARTESIAN_POINT('',(8.8,-2.05,1.1));
#1845 = VECTOR('',#1846,1.);
#1846 = DIRECTION('',(-1.359631073447E-32,-1.110223024625E-16,-1.));
#1847 = ORIENTED_EDGE('',*,*,#1848,.F.);
#1848 = EDGE_CURVE('',#1849,#1841,#1851,.T.);
#1849 = VERTEX_POINT('',#1850);
#1850 = CARTESIAN_POINT('',(9.2,-2.05,1.1));
#1851 = LINE('',#1852,#1853);
#1852 = CARTESIAN_POINT('',(9.2,-2.05,1.1));
#1853 = VECTOR('',#1854,1.);
#1854 = DIRECTION('',(-1.,1.224646799147E-16,0.));
#1855 = ORIENTED_EDGE('',*,*,#1856,.F.);
#1856 = EDGE_CURVE('',#1313,#1849,#1857,.T.);
#1857 = LINE('',#1858,#1859);
#1858 = CARTESIAN_POINT('',(9.2,-2.05,0.8));
#1859 = VECTOR('',#1860,1.);
#1860 = DIRECTION('',(1.359631073447E-32,1.110223024625E-16,1.));
#1861 = ORIENTED_EDGE('',*,*,#1320,.T.);
#1862 = ORIENTED_EDGE('',*,*,#1863,.F.);
#1863 = EDGE_CURVE('',#1864,#1321,#1866,.T.);
#1864 = VERTEX_POINT('',#1865);
#1865 = CARTESIAN_POINT('',(10.8,-2.05,1.1));
#1866 = LINE('',#1867,#1868);
#1867 = CARTESIAN_POINT('',(10.8,-2.05,1.1));
#1868 = VECTOR('',#1869,1.);
#1869 = DIRECTION('',(-1.359631073447E-32,-1.110223024625E-16,-1.));
#1870 = ORIENTED_EDGE('',*,*,#1871,.F.);
#1871 = EDGE_CURVE('',#1872,#1864,#1874,.T.);
#1872 = VERTEX_POINT('',#1873);
#1873 = CARTESIAN_POINT('',(11.2,-2.05,1.1));
#1874 = LINE('',#1875,#1876);
#1875 = CARTESIAN_POINT('',(11.2,-2.05,1.1));
#1876 = VECTOR('',#1877,1.);
#1877 = DIRECTION('',(-1.,1.224646799147E-16,0.));
#1878 = ORIENTED_EDGE('',*,*,#1879,.F.);
#1879 = EDGE_CURVE('',#1345,#1872,#1880,.T.);
#1880 = LINE('',#1881,#1882);
#1881 = CARTESIAN_POINT('',(11.2,-2.05,0.8));
#1882 = VECTOR('',#1883,1.);
#1883 = DIRECTION('',(1.359631073447E-32,1.110223024625E-16,1.));
#1884 = ORIENTED_EDGE('',*,*,#1352,.T.);
#1885 = ORIENTED_EDGE('',*,*,#1886,.F.);
#1886 = EDGE_CURVE('',#1887,#1353,#1889,.T.);
#1887 = VERTEX_POINT('',#1888);
#1888 = CARTESIAN_POINT('',(12.8,-2.05,1.1));
#1889 = LINE('',#1890,#1891);
#1890 = CARTESIAN_POINT('',(12.8,-2.05,1.1));
#1891 = VECTOR('',#1892,1.);
#1892 = DIRECTION('',(-1.359631073447E-32,-1.110223024625E-16,-1.));
#1893 = ORIENTED_EDGE('',*,*,#1894,.F.);
#1894 = EDGE_CURVE('',#1722,#1887,#1895,.T.);
#1895 = LINE('',#1896,#1897);
#1896 = CARTESIAN_POINT('',(13.2,-2.05,1.1));
#1897 = VECTOR('',#1898,1.);
#1898 = DIRECTION('',(-1.,1.224646799147E-16,0.));
#1899 = FACE_BOUND('',#1900,.T.);
#1900 = EDGE_LOOP('',(#1901,#1911,#1919,#1927));
#1901 = ORIENTED_EDGE('',*,*,#1902,.F.);
#1902 = EDGE_CURVE('',#1903,#1905,#1907,.T.);
#1903 = VERTEX_POINT('',#1904);
#1904 = CARTESIAN_POINT('',(9.75,-2.05,3.35));
#1905 = VERTEX_POINT('',#1906);
#1906 = CARTESIAN_POINT('',(9.75,-2.05,2.85));
#1907 = LINE('',#1908,#1909);
#1908 = CARTESIAN_POINT('',(9.75,-2.05,1.911519607843));
#1909 = VECTOR('',#1910,1.);
#1910 = DIRECTION('',(-1.359631073447E-32,-1.110223024625E-16,-1.));
#1911 = ORIENTED_EDGE('',*,*,#1912,.T.);
#1912 = EDGE_CURVE('',#1903,#1913,#1915,.T.);
#1913 = VERTEX_POINT('',#1914);
#1914 = CARTESIAN_POINT('',(10.25,-2.05,3.35));
#1915 = LINE('',#1916,#1917);
#1916 = CARTESIAN_POINT('',(8.625,-2.05,3.35));
#1917 = VECTOR('',#1918,1.);
#1918 = DIRECTION('',(1.,-1.224646799147E-16,0.));
#1919 = ORIENTED_EDGE('',*,*,#1920,.T.);
#1920 = EDGE_CURVE('',#1913,#1921,#1923,.T.);
#1921 = VERTEX_POINT('',#1922);
#1922 = CARTESIAN_POINT('',(10.25,-2.05,2.85));
#1923 = LINE('',#1924,#1925);
#1924 = CARTESIAN_POINT('',(10.25,-2.05,1.911519607843));
#1925 = VECTOR('',#1926,1.);
#1926 = DIRECTION('',(-1.359631073447E-32,-1.110223024625E-16,-1.));
#1927 = ORIENTED_EDGE('',*,*,#1928,.T.);
#1928 = EDGE_CURVE('',#1921,#1905,#1929,.T.);
#1929 = LINE('',#1930,#1931);
#1930 = CARTESIAN_POINT('',(8.625,-2.05,2.85));
#1931 = VECTOR('',#1932,1.);
#1932 = DIRECTION('',(-1.,1.224646799147E-16,0.));
#1933 = FACE_BOUND('',#1934,.T.);
#1934 = EDGE_LOOP('',(#1935,#1945,#1953,#1961));
#1935 = ORIENTED_EDGE('',*,*,#1936,.T.);
#1936 = EDGE_CURVE('',#1937,#1939,#1941,.T.);
#1937 = VERTEX_POINT('',#1938);
#1938 = CARTESIAN_POINT('',(7.75,-2.05,3.35));
#1939 = VERTEX_POINT('',#1940);
#1940 = CARTESIAN_POINT('',(8.25,-2.05,3.35));
#1941 = LINE('',#1942,#1943);
#1942 = CARTESIAN_POINT('',(7.625,-2.05,3.35));
#1943 = VECTOR('',#1944,1.);
#1944 = DIRECTION('',(1.,-1.224646799147E-16,0.));
#1945 = ORIENTED_EDGE('',*,*,#1946,.T.);
#1946 = EDGE_CURVE('',#1939,#1947,#1949,.T.);
#1947 = VERTEX_POINT('',#1948);
#1948 = CARTESIAN_POINT('',(8.25,-2.05,2.85));
#1949 = LINE('',#1950,#1951);
#1950 = CARTESIAN_POINT('',(8.25,-2.05,1.911519607843));
#1951 = VECTOR('',#1952,1.);
#1952 = DIRECTION('',(-1.359631073447E-32,-1.110223024625E-16,-1.));
#1953 = ORIENTED_EDGE('',*,*,#1954,.T.);
#1954 = EDGE_CURVE('',#1947,#1955,#1957,.T.);
#1955 = VERTEX_POINT('',#1956);
#1956 = CARTESIAN_POINT('',(7.75,-2.05,2.85));
#1957 = LINE('',#1958,#1959);
#1958 = CARTESIAN_POINT('',(7.625,-2.05,2.85));
#1959 = VECTOR('',#1960,1.);
#1960 = DIRECTION('',(-1.,1.224646799147E-16,0.));
#1961 = ORIENTED_EDGE('',*,*,#1962,.F.);
#1962 = EDGE_CURVE('',#1937,#1955,#1963,.T.);
#1963 = LINE('',#1964,#1965);
#1964 = CARTESIAN_POINT('',(7.75,-2.05,1.911519607843));
#1965 = VECTOR('',#1966,1.);
#1966 = DIRECTION('',(-1.359631073447E-32,-1.110223024625E-16,-1.));
#1967 = FACE_BOUND('',#1968,.T.);
#1968 = EDGE_LOOP('',(#1969,#1979,#1987,#1995));
#1969 = ORIENTED_EDGE('',*,*,#1970,.T.);
#1970 = EDGE_CURVE('',#1971,#1973,#1975,.T.);
#1971 = VERTEX_POINT('',#1972);
#1972 = CARTESIAN_POINT('',(6.25,-2.05,3.35));
#1973 = VERTEX_POINT('',#1974);
#1974 = CARTESIAN_POINT('',(6.25,-2.05,2.85));
#1975 = LINE('',#1976,#1977);
#1976 = CARTESIAN_POINT('',(6.25,-2.05,1.911519607843));
#1977 = VECTOR('',#1978,1.);
#1978 = DIRECTION('',(-1.359631073447E-32,-1.110223024625E-16,-1.));
#1979 = ORIENTED_EDGE('',*,*,#1980,.T.);
#1980 = EDGE_CURVE('',#1973,#1981,#1983,.T.);
#1981 = VERTEX_POINT('',#1982);
#1982 = CARTESIAN_POINT('',(5.75,-2.05,2.85));
#1983 = LINE('',#1984,#1985);
#1984 = CARTESIAN_POINT('',(6.625,-2.05,2.85));
#1985 = VECTOR('',#1986,1.);
#1986 = DIRECTION('',(-1.,1.224646799147E-16,0.));
#1987 = ORIENTED_EDGE('',*,*,#1988,.F.);
#1988 = EDGE_CURVE('',#1989,#1981,#1991,.T.);
#1989 = VERTEX_POINT('',#1990);
#1990 = CARTESIAN_POINT('',(5.75,-2.05,3.35));
#1991 = LINE('',#1992,#1993);
#1992 = CARTESIAN_POINT('',(5.75,-2.05,1.911519607843));
#1993 = VECTOR('',#1994,1.);
#1994 = DIRECTION('',(-1.359631073447E-32,-1.110223024625E-16,-1.));
#1995 = ORIENTED_EDGE('',*,*,#1996,.T.);
#1996 = EDGE_CURVE('',#1989,#1971,#1997,.T.);
#1997 = LINE('',#1998,#1999);
#1998 = CARTESIAN_POINT('',(6.625,-2.05,3.35));
#1999 = VECTOR('',#2000,1.);
#2000 = DIRECTION('',(1.,-1.224646799147E-16,0.));
#2001 = FACE_BOUND('',#2002,.T.);
#2002 = EDGE_LOOP('',(#2003,#2013,#2021,#2029));
#2003 = ORIENTED_EDGE('',*,*,#2004,.F.);
#2004 = EDGE_CURVE('',#2005,#2007,#2009,.T.);
#2005 = VERTEX_POINT('',#2006);
#2006 = CARTESIAN_POINT('',(1.75,-2.05,3.35));
#2007 = VERTEX_POINT('',#2008);
#2008 = CARTESIAN_POINT('',(1.75,-2.05,2.85));
#2009 = LINE('',#2010,#2011);
#2010 = CARTESIAN_POINT('',(1.75,-2.05,1.911519607843));
#2011 = VECTOR('',#2012,1.);
#2012 = DIRECTION('',(-1.359631073447E-32,-1.110223024625E-16,-1.));
#2013 = ORIENTED_EDGE('',*,*,#2014,.T.);
#2014 = EDGE_CURVE('',#2005,#2015,#2017,.T.);
#2015 = VERTEX_POINT('',#2016);
#2016 = CARTESIAN_POINT('',(2.25,-2.05,3.35));
#2017 = LINE('',#2018,#2019);
#2018 = CARTESIAN_POINT('',(4.625,-2.05,3.35));
#2019 = VECTOR('',#2020,1.);
#2020 = DIRECTION('',(1.,-1.224646799147E-16,0.));
#2021 = ORIENTED_EDGE('',*,*,#2022,.T.);
#2022 = EDGE_CURVE('',#2015,#2023,#2025,.T.);
#2023 = VERTEX_POINT('',#2024);
#2024 = CARTESIAN_POINT('',(2.25,-2.05,2.85));
#2025 = LINE('',#2026,#2027);
#2026 = CARTESIAN_POINT('',(2.25,-2.05,1.911519607843));
#2027 = VECTOR('',#2028,1.);
#2028 = DIRECTION('',(-1.359631073447E-32,-1.110223024625E-16,-1.));
#2029 = ORIENTED_EDGE('',*,*,#2030,.T.);
#2030 = EDGE_CURVE('',#2023,#2007,#2031,.T.);
#2031 = LINE('',#2032,#2033);
#2032 = CARTESIAN_POINT('',(4.625,-2.05,2.85));
#2033 = VECTOR('',#2034,1.);
#2034 = DIRECTION('',(-1.,1.224646799147E-16,0.));
#2035 = FACE_BOUND('',#2036,.T.);
#2036 = EDGE_LOOP('',(#2037,#2047,#2055,#2063));
#2037 = ORIENTED_EDGE('',*,*,#2038,.F.);
#2038 = EDGE_CURVE('',#2039,#2041,#2043,.T.);
#2039 = VERTEX_POINT('',#2040);
#2040 = CARTESIAN_POINT('',(3.75,-2.05,3.35));
#2041 = VERTEX_POINT('',#2042);
#2042 = CARTESIAN_POINT('',(3.75,-2.05,2.85));
#2043 = LINE('',#2044,#2045);
#2044 = CARTESIAN_POINT('',(3.75,-2.05,1.911519607843));
#2045 = VECTOR('',#2046,1.);
#2046 = DIRECTION('',(-1.359631073447E-32,-1.110223024625E-16,-1.));
#2047 = ORIENTED_EDGE('',*,*,#2048,.T.);
#2048 = EDGE_CURVE('',#2039,#2049,#2051,.T.);
#2049 = VERTEX_POINT('',#2050);
#2050 = CARTESIAN_POINT('',(4.25,-2.05,3.35));
#2051 = LINE('',#2052,#2053);
#2052 = CARTESIAN_POINT('',(5.625,-2.05,3.35));
#2053 = VECTOR('',#2054,1.);
#2054 = DIRECTION('',(1.,-1.224646799147E-16,0.));
#2055 = ORIENTED_EDGE('',*,*,#2056,.T.);
#2056 = EDGE_CURVE('',#2049,#2057,#2059,.T.);
#2057 = VERTEX_POINT('',#2058);
#2058 = CARTESIAN_POINT('',(4.25,-2.05,2.85));
#2059 = LINE('',#2060,#2061);
#2060 = CARTESIAN_POINT('',(4.25,-2.05,1.911519607843));
#2061 = VECTOR('',#2062,1.);
#2062 = DIRECTION('',(-1.359631073447E-32,-1.110223024625E-16,-1.));
#2063 = ORIENTED_EDGE('',*,*,#2064,.T.);
#2064 = EDGE_CURVE('',#2057,#2041,#2065,.T.);
#2065 = LINE('',#2066,#2067);
#2066 = CARTESIAN_POINT('',(5.625,-2.05,2.85));
#2067 = VECTOR('',#2068,1.);
#2068 = DIRECTION('',(-1.,1.224646799147E-16,0.));
#2069 = FACE_BOUND('',#2070,.T.);
#2070 = EDGE_LOOP('',(#2071,#2081,#2089,#2097));
#2071 = ORIENTED_EDGE('',*,*,#2072,.F.);
#2072 = EDGE_CURVE('',#2073,#2075,#2077,.T.);
#2073 = VERTEX_POINT('',#2074);
#2074 = CARTESIAN_POINT('',(11.75,-2.05,3.35));
#2075 = VERTEX_POINT('',#2076);
#2076 = CARTESIAN_POINT('',(11.75,-2.05,2.85));
#2077 = LINE('',#2078,#2079);
#2078 = CARTESIAN_POINT('',(11.75,-2.05,1.911519607843));
#2079 = VECTOR('',#2080,1.);
#2080 = DIRECTION('',(-1.359631073447E-32,-1.110223024625E-16,-1.));
#2081 = ORIENTED_EDGE('',*,*,#2082,.T.);
#2082 = EDGE_CURVE('',#2073,#2083,#2085,.T.);
#2083 = VERTEX_POINT('',#2084);
#2084 = CARTESIAN_POINT('',(12.25,-2.05,3.35));
#2085 = LINE('',#2086,#2087);
#2086 = CARTESIAN_POINT('',(9.625,-2.05,3.35));
#2087 = VECTOR('',#2088,1.);
#2088 = DIRECTION('',(1.,-1.224646799147E-16,0.));
#2089 = ORIENTED_EDGE('',*,*,#2090,.T.);
#2090 = EDGE_CURVE('',#2083,#2091,#2093,.T.);
#2091 = VERTEX_POINT('',#2092);
#2092 = CARTESIAN_POINT('',(12.25,-2.05,2.85));
#2093 = LINE('',#2094,#2095);
#2094 = CARTESIAN_POINT('',(12.25,-2.05,1.911519607843));
#2095 = VECTOR('',#2096,1.);
#2096 = DIRECTION('',(-1.359631073447E-32,-1.110223024625E-16,-1.));
#2097 = ORIENTED_EDGE('',*,*,#2098,.T.);
#2098 = EDGE_CURVE('',#2091,#2075,#2099,.T.);
#2099 = LINE('',#2100,#2101);
#2100 = CARTESIAN_POINT('',(9.625,-2.05,2.85));
#2101 = VECTOR('',#2102,1.);
#2102 = DIRECTION('',(-1.,1.224646799147E-16,0.));
#2103 = FACE_BOUND('',#2104,.T.);
#2104 = EDGE_LOOP('',(#2105,#2115,#2123,#2131));
#2105 = ORIENTED_EDGE('',*,*,#2106,.F.);
#2106 = EDGE_CURVE('',#2107,#2109,#2111,.T.);
#2107 = VERTEX_POINT('',#2108);
#2108 = CARTESIAN_POINT('',(13.75,-2.05,3.35));
#2109 = VERTEX_POINT('',#2110);
#2110 = CARTESIAN_POINT('',(13.75,-2.05,2.85));
#2111 = LINE('',#2112,#2113);
#2112 = CARTESIAN_POINT('',(13.75,-2.05,1.901106711288));
#2113 = VECTOR('',#2114,1.);
#2114 = DIRECTION('',(-1.359631073447E-32,-1.110223024625E-16,-1.));
#2115 = ORIENTED_EDGE('',*,*,#2116,.T.);
#2116 = EDGE_CURVE('',#2107,#2117,#2119,.T.);
#2117 = VERTEX_POINT('',#2118);
#2118 = CARTESIAN_POINT('',(14.25,-2.05,3.35));
#2119 = LINE('',#2120,#2121);
#2120 = CARTESIAN_POINT('',(10.625,-2.05,3.35));
#2121 = VECTOR('',#2122,1.);
#2122 = DIRECTION('',(1.,-1.224646799147E-16,0.));
#2123 = ORIENTED_EDGE('',*,*,#2124,.T.);
#2124 = EDGE_CURVE('',#2117,#2125,#2127,.T.);
#2125 = VERTEX_POINT('',#2126);
#2126 = CARTESIAN_POINT('',(14.25,-2.05,2.85));
#2127 = LINE('',#2128,#2129);
#2128 = CARTESIAN_POINT('',(14.25,-2.05,1.901106711288));
#2129 = VECTOR('',#2130,1.);
#2130 = DIRECTION('',(-1.359631073447E-32,-1.110223024625E-16,-1.));
#2131 = ORIENTED_EDGE('',*,*,#2132,.T.);
#2132 = EDGE_CURVE('',#2125,#2109,#2133,.T.);
#2133 = LINE('',#2134,#2135);
#2134 = CARTESIAN_POINT('',(10.625,-2.05,2.85));
#2135 = VECTOR('',#2136,1.);
#2136 = DIRECTION('',(-1.,1.224646799147E-16,0.));
#2137 = FACE_BOUND('',#2138,.T.);
#2138 = EDGE_LOOP('',(#2139,#2149,#2157,#2165));
#2139 = ORIENTED_EDGE('',*,*,#2140,.T.);
#2140 = EDGE_CURVE('',#2141,#2143,#2145,.T.);
#2141 = VERTEX_POINT('',#2142);
#2142 = CARTESIAN_POINT('',(-0.25,-2.05,3.35));
#2143 = VERTEX_POINT('',#2144);
#2144 = CARTESIAN_POINT('',(0.25,-2.05,3.35));
#2145 = LINE('',#2146,#2147);
#2146 = CARTESIAN_POINT('',(3.625,-2.05,3.35));
#2147 = VECTOR('',#2148,1.);
#2148 = DIRECTION('',(1.,-1.224646799147E-16,0.));
#2149 = ORIENTED_EDGE('',*,*,#2150,.T.);
#2150 = EDGE_CURVE('',#2143,#2151,#2153,.T.);
#2151 = VERTEX_POINT('',#2152);
#2152 = CARTESIAN_POINT('',(0.25,-2.05,2.85));
#2153 = LINE('',#2154,#2155);
#2154 = CARTESIAN_POINT('',(0.25,-2.05,1.901106711288));
#2155 = VECTOR('',#2156,1.);
#2156 = DIRECTION('',(-1.359631073447E-32,-1.110223024625E-16,-1.));
#2157 = ORIENTED_EDGE('',*,*,#2158,.T.);
#2158 = EDGE_CURVE('',#2151,#2159,#2161,.T.);
#2159 = VERTEX_POINT('',#2160);
#2160 = CARTESIAN_POINT('',(-0.25,-2.05,2.85));
#2161 = LINE('',#2162,#2163);
#2162 = CARTESIAN_POINT('',(3.625,-2.05,2.85));
#2163 = VECTOR('',#2164,1.);
#2164 = DIRECTION('',(-1.,1.224646799147E-16,0.));
#2165 = ORIENTED_EDGE('',*,*,#2166,.F.);
#2166 = EDGE_CURVE('',#2141,#2159,#2167,.T.);
#2167 = LINE('',#2168,#2169);
#2168 = CARTESIAN_POINT('',(-0.25,-2.05,1.901106711288));
#2169 = VECTOR('',#2170,1.);
#2170 = DIRECTION('',(-1.359631073447E-32,-1.110223024625E-16,-1.));
#2171 = PLANE('',#2172);
#2172 = AXIS2_PLACEMENT_3D('',#2173,#2174,#2175);
#2173 = CARTESIAN_POINT('',(7.,-2.05,2.5));
#2174 = DIRECTION('',(-1.224646799147E-16,-1.,1.110223024625E-16));
#2175 = DIRECTION('',(-1.359631073447E-32,-1.110223024625E-16,-1.));
#2176 = ADVANCED_FACE('',(#2177),#2211,.F.);
#2177 = FACE_BOUND('',#2178,.F.);
#2178 = EDGE_LOOP('',(#2179,#2180,#2188,#2196,#2204,#2210));
#2179 = ORIENTED_EDGE('',*,*,#432,.T.);
#2180 = ORIENTED_EDGE('',*,*,#2181,.T.);
#2181 = EDGE_CURVE('',#435,#2182,#2184,.T.);
#2182 = VERTEX_POINT('',#2183);
#2183 = CARTESIAN_POINT('',(14.75,-0.4,4.2));
#2184 = LINE('',#2185,#2186);
#2185 = CARTESIAN_POINT('',(14.75,-1.335399017773,4.2));
#2186 = VECTOR('',#2187,1.);
#2187 = DIRECTION('',(-1.224646799147E-16,-1.,1.110223024625E-16));
#2188 = ORIENTED_EDGE('',*,*,#2189,.T.);
#2189 = EDGE_CURVE('',#2182,#2190,#2192,.T.);
#2190 = VERTEX_POINT('',#2191);
#2191 = CARTESIAN_POINT('',(14.75,-0.35,3.6));
#2192 = LINE('',#2193,#2194);
#2193 = CARTESIAN_POINT('',(14.75,-0.45,4.8));
#2194 = VECTOR('',#2195,1.);
#2195 = DIRECTION('',(1.017013810865E-17,8.304547985373E-02,
    -0.996545758245));
#2196 = ORIENTED_EDGE('',*,*,#2197,.T.);
#2197 = EDGE_CURVE('',#2190,#2198,#2200,.T.);
#2198 = VERTEX_POINT('',#2199);
#2199 = CARTESIAN_POINT('',(14.75,-0.35,2.6));
#2200 = LINE('',#2201,#2202);
#2201 = CARTESIAN_POINT('',(14.75,-0.35,3.6));
#2202 = VECTOR('',#2203,1.);
#2203 = DIRECTION('',(-1.359631073447E-32,-1.110223024625E-16,-1.));
#2204 = ORIENTED_EDGE('',*,*,#2205,.T.);
#2205 = EDGE_CURVE('',#2198,#884,#2206,.T.);
#2206 = LINE('',#2207,#2208);
#2207 = CARTESIAN_POINT('',(14.75,-0.35,2.6));
#2208 = VECTOR('',#2209,1.);
#2209 = DIRECTION('',(-5.319525767383E-18,-4.343722427631E-02,
    -0.999056158355));
#2210 = ORIENTED_EDGE('',*,*,#883,.T.);
#2211 = PLANE('',#2212);
#2212 = AXIS2_PLACEMENT_3D('',#2213,#2214,#2215);
#2213 = CARTESIAN_POINT('',(14.75,-0.320798035545,2.550475523299));
#2214 = DIRECTION('',(1.,-1.224646799147E-16,0.));
#2215 = DIRECTION('',(1.224646799147E-16,1.,-1.110223024625E-16));
#2216 = ADVANCED_FACE('',(#2217),#2242,.T.);
#2217 = FACE_BOUND('',#2218,.T.);
#2218 = EDGE_LOOP('',(#2219,#2220,#2226,#2227,#2228,#2236));
#2219 = ORIENTED_EDGE('',*,*,#1732,.F.);
#2220 = ORIENTED_EDGE('',*,*,#2221,.T.);
#2221 = EDGE_CURVE('',#1613,#467,#2222,.T.);
#2222 = LINE('',#2223,#2224);
#2223 = CARTESIAN_POINT('',(15.4,-4.45,4.2));
#2224 = VECTOR('',#2225,1.);
#2225 = DIRECTION('',(1.224646799147E-16,1.,-1.110223024625E-16));
#2226 = ORIENTED_EDGE('',*,*,#474,.T.);
#2227 = ORIENTED_EDGE('',*,*,#2181,.T.);
#2228 = ORIENTED_EDGE('',*,*,#2229,.T.);
#2229 = EDGE_CURVE('',#2182,#2230,#2232,.T.);
#2230 = VERTEX_POINT('',#2231);
#2231 = CARTESIAN_POINT('',(14.4,-0.4,4.2));
#2232 = LINE('',#2233,#2234);
#2233 = CARTESIAN_POINT('',(14.825,-0.4,4.2));
#2234 = VECTOR('',#2235,1.);
#2235 = DIRECTION('',(-1.,1.224646799147E-16,0.));
#2236 = ORIENTED_EDGE('',*,*,#2237,.T.);
#2237 = EDGE_CURVE('',#2230,#1637,#2238,.T.);
#2238 = LINE('',#2239,#2240);
#2239 = CARTESIAN_POINT('',(14.4,-0.25,4.2));
#2240 = VECTOR('',#2241,1.);
#2241 = DIRECTION('',(-1.224646799147E-16,-1.,1.110223024625E-16));
#2242 = PLANE('',#2243);
#2243 = AXIS2_PLACEMENT_3D('',#2244,#2245,#2246);
#2244 = CARTESIAN_POINT('',(14.9,-2.35,4.2));
#2245 = DIRECTION('',(1.359631073447E-32,1.110223024625E-16,1.));
#2246 = DIRECTION('',(1.224646799147E-16,1.,-1.110223024625E-16));
#2247 = ADVANCED_FACE('',(#2248),#2260,.F.);
#2248 = FACE_BOUND('',#2249,.T.);
#2249 = EDGE_LOOP('',(#2250,#2251,#2252,#2253,#2254));
#2250 = ORIENTED_EDGE('',*,*,#802,.T.);
#2251 = ORIENTED_EDGE('',*,*,#466,.T.);
#2252 = ORIENTED_EDGE('',*,*,#2221,.F.);
#2253 = ORIENTED_EDGE('',*,*,#1620,.F.);
#2254 = ORIENTED_EDGE('',*,*,#2255,.F.);
#2255 = EDGE_CURVE('',#795,#1621,#2256,.T.);
#2256 = LINE('',#2257,#2258);
#2257 = CARTESIAN_POINT('',(15.4,-4.45,4.8));
#2258 = VECTOR('',#2259,1.);
#2259 = DIRECTION('',(-1.359631073447E-32,-1.110223024625E-16,-1.));
#2260 = PLANE('',#2261);
#2261 = AXIS2_PLACEMENT_3D('',#2262,#2263,#2264);
#2262 = CARTESIAN_POINT('',(15.4,-4.45,4.8));
#2263 = DIRECTION('',(1.,-1.224646799147E-16,0.));
#2264 = DIRECTION('',(1.224646799147E-16,1.,-1.110223024625E-16));
#2265 = ADVANCED_FACE('',(#2266),#2277,.F.);
#2266 = FACE_BOUND('',#2267,.F.);
#2267 = EDGE_LOOP('',(#2268,#2269,#2275,#2276));
#2268 = ORIENTED_EDGE('',*,*,#794,.F.);
#2269 = ORIENTED_EDGE('',*,*,#2270,.T.);
#2270 = EDGE_CURVE('',#787,#1629,#2271,.T.);
#2271 = LINE('',#2272,#2273);
#2272 = CARTESIAN_POINT('',(14.4,-4.45,4.8));
#2273 = VECTOR('',#2274,1.);
#2274 = DIRECTION('',(-1.359631073447E-32,-1.110223024625E-16,-1.));
#2275 = ORIENTED_EDGE('',*,*,#1628,.T.);
#2276 = ORIENTED_EDGE('',*,*,#2255,.F.);
#2277 = PLANE('',#2278);
#2278 = AXIS2_PLACEMENT_3D('',#2279,#2280,#2281);
#2279 = CARTESIAN_POINT('',(14.4,-4.45,4.8));
#2280 = DIRECTION('',(-1.224646799147E-16,-1.,1.110223024625E-16));
#2281 = DIRECTION('',(1.,-1.224646799147E-16,0.));
#2282 = ADVANCED_FACE('',(#2283),#2295,.F.);
#2283 = FACE_BOUND('',#2284,.T.);
#2284 = EDGE_LOOP('',(#2285,#2286,#2287,#2288,#2289));
#2285 = ORIENTED_EDGE('',*,*,#786,.T.);
#2286 = ORIENTED_EDGE('',*,*,#2270,.T.);
#2287 = ORIENTED_EDGE('',*,*,#1636,.F.);
#2288 = ORIENTED_EDGE('',*,*,#2237,.F.);
#2289 = ORIENTED_EDGE('',*,*,#2290,.F.);
#2290 = EDGE_CURVE('',#779,#2230,#2291,.T.);
#2291 = LINE('',#2292,#2293);
#2292 = CARTESIAN_POINT('',(14.4,-0.449310344828,4.791724137931));
#2293 = VECTOR('',#2294,1.);
#2294 = DIRECTION('',(1.017013810865E-17,8.304547985373E-02,
    -0.996545758245));
#2295 = PLANE('',#2296);
#2296 = AXIS2_PLACEMENT_3D('',#2297,#2298,#2299);
#2297 = CARTESIAN_POINT('',(14.4,-0.25,4.8));
#2298 = DIRECTION('',(-1.,1.224646799147E-16,0.));
#2299 = DIRECTION('',(-1.224646799147E-16,-1.,1.110223024625E-16));
#2300 = ADVANCED_FACE('',(#2301),#2321,.F.);
#2301 = FACE_BOUND('',#2302,.F.);
#2302 = EDGE_LOOP('',(#2303,#2304,#2305,#2313,#2319,#2320));
#2303 = ORIENTED_EDGE('',*,*,#2290,.F.);
#2304 = ORIENTED_EDGE('',*,*,#778,.T.);
#2305 = ORIENTED_EDGE('',*,*,#2306,.T.);
#2306 = EDGE_CURVE('',#771,#2307,#2309,.T.);
#2307 = VERTEX_POINT('',#2308);
#2308 = CARTESIAN_POINT('',(13.25,-0.35,3.6));
#2309 = LINE('',#2310,#2311);
#2310 = CARTESIAN_POINT('',(13.25,-0.45,4.8));
#2311 = VECTOR('',#2312,1.);
#2312 = DIRECTION('',(1.017013810865E-17,8.304547985373E-02,
    -0.996545758245));
#2313 = ORIENTED_EDGE('',*,*,#2314,.F.);
#2314 = EDGE_CURVE('',#2190,#2307,#2315,.T.);
#2315 = LINE('',#2316,#2317);
#2316 = CARTESIAN_POINT('',(14.75,-0.35,3.6));
#2317 = VECTOR('',#2318,1.);
#2318 = DIRECTION('',(-1.,1.224646799147E-16,0.));
#2319 = ORIENTED_EDGE('',*,*,#2189,.F.);
#2320 = ORIENTED_EDGE('',*,*,#2229,.T.);
#2321 = PLANE('',#2322);
#2322 = AXIS2_PLACEMENT_3D('',#2323,#2324,#2325);
#2323 = CARTESIAN_POINT('',(14.75,-0.45,4.8));
#2324 = DIRECTION('',(-1.220416573038E-16,-0.996545758245,
    -8.304547985373E-02));
#2325 = DIRECTION('',(1.017013810865E-17,8.304547985373E-02,
    -0.996545758245));
#2326 = ADVANCED_FACE('',(#2327),#2352,.T.);
#2327 = FACE_BOUND('',#2328,.T.);
#2328 = EDGE_LOOP('',(#2329,#2330,#2331,#2339,#2345,#2346));
#2329 = ORIENTED_EDGE('',*,*,#770,.T.);
#2330 = ORIENTED_EDGE('',*,*,#2306,.T.);
#2331 = ORIENTED_EDGE('',*,*,#2332,.T.);
#2332 = EDGE_CURVE('',#2307,#2333,#2335,.T.);
#2333 = VERTEX_POINT('',#2334);
#2334 = CARTESIAN_POINT('',(13.25,-0.35,2.6));
#2335 = LINE('',#2336,#2337);
#2336 = CARTESIAN_POINT('',(13.25,-0.35,3.6));
#2337 = VECTOR('',#2338,1.);
#2338 = DIRECTION('',(-1.359631073447E-32,-1.110223024625E-16,-1.));
#2339 = ORIENTED_EDGE('',*,*,#2340,.T.);
#2340 = EDGE_CURVE('',#2333,#892,#2341,.T.);
#2341 = LINE('',#2342,#2343);
#2342 = CARTESIAN_POINT('',(13.25,-0.35,2.6));
#2343 = VECTOR('',#2344,1.);
#2344 = DIRECTION('',(-5.319525767383E-18,-4.343722427631E-02,
    -0.999056158355));
#2345 = ORIENTED_EDGE('',*,*,#899,.T.);
#2346 = ORIENTED_EDGE('',*,*,#2347,.T.);
#2347 = EDGE_CURVE('',#900,#763,#2348,.T.);
#2348 = LINE('',#2349,#2350);
#2349 = CARTESIAN_POINT('',(13.25,-0.25,0.3));
#2350 = VECTOR('',#2351,1.);
#2351 = DIRECTION('',(1.359631073447E-32,1.110223024625E-16,1.));
#2352 = PLANE('',#2353);
#2353 = AXIS2_PLACEMENT_3D('',#2354,#2355,#2356);
#2354 = CARTESIAN_POINT('',(13.25,-0.320798035545,2.550475523299));
#2355 = DIRECTION('',(1.,-1.224646799147E-16,0.));
#2356 = DIRECTION('',(1.224646799147E-16,1.,-1.110223024625E-16));
#2357 = ADVANCED_FACE('',(#2358),#2369,.F.);
#2358 = FACE_BOUND('',#2359,.F.);
#2359 = EDGE_LOOP('',(#2360,#2361,#2362,#2363));
#2360 = ORIENTED_EDGE('',*,*,#907,.T.);
#2361 = ORIENTED_EDGE('',*,*,#2347,.T.);
#2362 = ORIENTED_EDGE('',*,*,#762,.T.);
#2363 = ORIENTED_EDGE('',*,*,#2364,.F.);
#2364 = EDGE_CURVE('',#908,#755,#2365,.T.);
#2365 = LINE('',#2366,#2367);
#2366 = CARTESIAN_POINT('',(12.75,-0.25,0.3));
#2367 = VECTOR('',#2368,1.);
#2368 = DIRECTION('',(1.359631073447E-32,1.110223024625E-16,1.));
#2369 = PLANE('',#2370);
#2370 = AXIS2_PLACEMENT_3D('',#2371,#2372,#2373);
#2371 = CARTESIAN_POINT('',(7.,-0.25,2.55));
#2372 = DIRECTION('',(-1.224646799147E-16,-1.,1.110223024625E-16));
#2373 = DIRECTION('',(-1.,1.224646799147E-16,0.));
#2374 = ADVANCED_FACE('',(#2375),#2402,.F.);
#2375 = FACE_BOUND('',#2376,.F.);
#2376 = EDGE_LOOP('',(#2377,#2378,#2386,#2394,#2400,#2401));
#2377 = ORIENTED_EDGE('',*,*,#754,.T.);
#2378 = ORIENTED_EDGE('',*,*,#2379,.T.);
#2379 = EDGE_CURVE('',#747,#2380,#2382,.T.);
#2380 = VERTEX_POINT('',#2381);
#2381 = CARTESIAN_POINT('',(12.75,-0.35,3.6));
#2382 = LINE('',#2383,#2384);
#2383 = CARTESIAN_POINT('',(12.75,-0.45,4.8));
#2384 = VECTOR('',#2385,1.);
#2385 = DIRECTION('',(1.017013810865E-17,8.304547985373E-02,
    -0.996545758245));
#2386 = ORIENTED_EDGE('',*,*,#2387,.T.);
#2387 = EDGE_CURVE('',#2380,#2388,#2390,.T.);
#2388 = VERTEX_POINT('',#2389);
#2389 = CARTESIAN_POINT('',(12.75,-0.35,2.6));
#2390 = LINE('',#2391,#2392);
#2391 = CARTESIAN_POINT('',(12.75,-0.35,3.6));
#2392 = VECTOR('',#2393,1.);
#2393 = DIRECTION('',(-1.359631073447E-32,-1.110223024625E-16,-1.));
#2394 = ORIENTED_EDGE('',*,*,#2395,.T.);
#2395 = EDGE_CURVE('',#2388,#916,#2396,.T.);
#2396 = LINE('',#2397,#2398);
#2397 = CARTESIAN_POINT('',(12.75,-0.35,2.6));
#2398 = VECTOR('',#2399,1.);
#2399 = DIRECTION('',(-5.319525767383E-18,-4.343722427631E-02,
    -0.999056158355));
#2400 = ORIENTED_EDGE('',*,*,#915,.T.);
#2401 = ORIENTED_EDGE('',*,*,#2364,.T.);
#2402 = PLANE('',#2403);
#2403 = AXIS2_PLACEMENT_3D('',#2404,#2405,#2406);
#2404 = CARTESIAN_POINT('',(12.75,-0.320798035545,2.550475523299));
#2405 = DIRECTION('',(1.,-1.224646799147E-16,0.));
#2406 = DIRECTION('',(1.224646799147E-16,1.,-1.110223024625E-16));
#2407 = ADVANCED_FACE('',(#2408),#2426,.F.);
#2408 = FACE_BOUND('',#2409,.F.);
#2409 = EDGE_LOOP('',(#2410,#2411,#2419,#2425));
#2410 = ORIENTED_EDGE('',*,*,#746,.T.);
#2411 = ORIENTED_EDGE('',*,*,#2412,.T.);
#2412 = EDGE_CURVE('',#739,#2413,#2415,.T.);
#2413 = VERTEX_POINT('',#2414);
#2414 = CARTESIAN_POINT('',(11.25,-0.35,3.6));
#2415 = LINE('',#2416,#2417);
#2416 = CARTESIAN_POINT('',(11.25,-0.45,4.8));
#2417 = VECTOR('',#2418,1.);
#2418 = DIRECTION('',(1.017013810865E-17,8.304547985373E-02,
    -0.996545758245));
#2419 = ORIENTED_EDGE('',*,*,#2420,.F.);
#2420 = EDGE_CURVE('',#2380,#2413,#2421,.T.);
#2421 = LINE('',#2422,#2423);
#2422 = CARTESIAN_POINT('',(12.75,-0.35,3.6));
#2423 = VECTOR('',#2424,1.);
#2424 = DIRECTION('',(-1.,1.224646799147E-16,0.));
#2425 = ORIENTED_EDGE('',*,*,#2379,.F.);
#2426 = PLANE('',#2427);
#2427 = AXIS2_PLACEMENT_3D('',#2428,#2429,#2430);
#2428 = CARTESIAN_POINT('',(12.75,-0.45,4.8));
#2429 = DIRECTION('',(-1.220416573038E-16,-0.996545758245,
    -8.304547985373E-02));
#2430 = DIRECTION('',(1.017013810865E-17,8.304547985373E-02,
    -0.996545758245));
#2431 = ADVANCED_FACE('',(#2432),#2457,.T.);
#2432 = FACE_BOUND('',#2433,.T.);
#2433 = EDGE_LOOP('',(#2434,#2435,#2436,#2444,#2450,#2451));
#2434 = ORIENTED_EDGE('',*,*,#738,.T.);
#2435 = ORIENTED_EDGE('',*,*,#2412,.T.);
#2436 = ORIENTED_EDGE('',*,*,#2437,.T.);
#2437 = EDGE_CURVE('',#2413,#2438,#2440,.T.);
#2438 = VERTEX_POINT('',#2439);
#2439 = CARTESIAN_POINT('',(11.25,-0.35,2.6));
#2440 = LINE('',#2441,#2442);
#2441 = CARTESIAN_POINT('',(11.25,-0.35,3.6));
#2442 = VECTOR('',#2443,1.);
#2443 = DIRECTION('',(-1.359631073447E-32,-1.110223024625E-16,-1.));
#2444 = ORIENTED_EDGE('',*,*,#2445,.T.);
#2445 = EDGE_CURVE('',#2438,#924,#2446,.T.);
#2446 = LINE('',#2447,#2448);
#2447 = CARTESIAN_POINT('',(11.25,-0.35,2.6));
#2448 = VECTOR('',#2449,1.);
#2449 = DIRECTION('',(-5.319525767383E-18,-4.343722427631E-02,
    -0.999056158355));
#2450 = ORIENTED_EDGE('',*,*,#931,.T.);
#2451 = ORIENTED_EDGE('',*,*,#2452,.T.);
#2452 = EDGE_CURVE('',#932,#731,#2453,.T.);
#2453 = LINE('',#2454,#2455);
#2454 = CARTESIAN_POINT('',(11.25,-0.25,0.3));
#2455 = VECTOR('',#2456,1.);
#2456 = DIRECTION('',(1.359631073447E-32,1.110223024625E-16,1.));
#2457 = PLANE('',#2458);
#2458 = AXIS2_PLACEMENT_3D('',#2459,#2460,#2461);
#2459 = CARTESIAN_POINT('',(11.25,-0.320798035545,2.550475523299));
#2460 = DIRECTION('',(1.,-1.224646799147E-16,0.));
#2461 = DIRECTION('',(1.224646799147E-16,1.,-1.110223024625E-16));
#2462 = ADVANCED_FACE('',(#2463),#2474,.F.);
#2463 = FACE_BOUND('',#2464,.F.);
#2464 = EDGE_LOOP('',(#2465,#2471,#2472,#2473));
#2465 = ORIENTED_EDGE('',*,*,#2466,.F.);
#2466 = EDGE_CURVE('',#940,#723,#2467,.T.);
#2467 = LINE('',#2468,#2469);
#2468 = CARTESIAN_POINT('',(10.75,-0.25,0.3));
#2469 = VECTOR('',#2470,1.);
#2470 = DIRECTION('',(1.359631073447E-32,1.110223024625E-16,1.));
#2471 = ORIENTED_EDGE('',*,*,#939,.T.);
#2472 = ORIENTED_EDGE('',*,*,#2452,.T.);
#2473 = ORIENTED_EDGE('',*,*,#730,.T.);
#2474 = PLANE('',#2475);
#2475 = AXIS2_PLACEMENT_3D('',#2476,#2477,#2478);
#2476 = CARTESIAN_POINT('',(7.,-0.25,2.55));
#2477 = DIRECTION('',(-1.224646799147E-16,-1.,1.110223024625E-16));
#2478 = DIRECTION('',(-1.,1.224646799147E-16,0.));
#2479 = ADVANCED_FACE('',(#2480),#2507,.F.);
#2480 = FACE_BOUND('',#2481,.F.);
#2481 = EDGE_LOOP('',(#2482,#2483,#2491,#2499,#2505,#2506));
#2482 = ORIENTED_EDGE('',*,*,#722,.T.);
#2483 = ORIENTED_EDGE('',*,*,#2484,.T.);
#2484 = EDGE_CURVE('',#715,#2485,#2487,.T.);
#2485 = VERTEX_POINT('',#2486);
#2486 = CARTESIAN_POINT('',(10.75,-0.35,3.6));
#2487 = LINE('',#2488,#2489);
#2488 = CARTESIAN_POINT('',(10.75,-0.45,4.8));
#2489 = VECTOR('',#2490,1.);
#2490 = DIRECTION('',(1.017013810865E-17,8.304547985373E-02,
    -0.996545758245));
#2491 = ORIENTED_EDGE('',*,*,#2492,.T.);
#2492 = EDGE_CURVE('',#2485,#2493,#2495,.T.);
#2493 = VERTEX_POINT('',#2494);
#2494 = CARTESIAN_POINT('',(10.75,-0.35,2.6));
#2495 = LINE('',#2496,#2497);
#2496 = CARTESIAN_POINT('',(10.75,-0.35,3.6));
#2497 = VECTOR('',#2498,1.);
#2498 = DIRECTION('',(-1.359631073447E-32,-1.110223024625E-16,-1.));
#2499 = ORIENTED_EDGE('',*,*,#2500,.T.);
#2500 = EDGE_CURVE('',#2493,#948,#2501,.T.);
#2501 = LINE('',#2502,#2503);
#2502 = CARTESIAN_POINT('',(10.75,-0.35,2.6));
#2503 = VECTOR('',#2504,1.);
#2504 = DIRECTION('',(-5.319525767383E-18,-4.343722427631E-02,
    -0.999056158355));
#2505 = ORIENTED_EDGE('',*,*,#947,.T.);
#2506 = ORIENTED_EDGE('',*,*,#2466,.T.);
#2507 = PLANE('',#2508);
#2508 = AXIS2_PLACEMENT_3D('',#2509,#2510,#2511);
#2509 = CARTESIAN_POINT('',(10.75,-0.320798035545,2.550475523299));
#2510 = DIRECTION('',(1.,-1.224646799147E-16,0.));
#2511 = DIRECTION('',(1.224646799147E-16,1.,-1.110223024625E-16));
#2512 = ADVANCED_FACE('',(#2513),#2531,.F.);
#2513 = FACE_BOUND('',#2514,.F.);
#2514 = EDGE_LOOP('',(#2515,#2516,#2524,#2530));
#2515 = ORIENTED_EDGE('',*,*,#714,.T.);
#2516 = ORIENTED_EDGE('',*,*,#2517,.T.);
#2517 = EDGE_CURVE('',#707,#2518,#2520,.T.);
#2518 = VERTEX_POINT('',#2519);
#2519 = CARTESIAN_POINT('',(9.25,-0.35,3.6));
#2520 = LINE('',#2521,#2522);
#2521 = CARTESIAN_POINT('',(9.25,-0.45,4.8));
#2522 = VECTOR('',#2523,1.);
#2523 = DIRECTION('',(1.017013810865E-17,8.304547985373E-02,
    -0.996545758245));
#2524 = ORIENTED_EDGE('',*,*,#2525,.F.);
#2525 = EDGE_CURVE('',#2485,#2518,#2526,.T.);
#2526 = LINE('',#2527,#2528);
#2527 = CARTESIAN_POINT('',(10.75,-0.35,3.6));
#2528 = VECTOR('',#2529,1.);
#2529 = DIRECTION('',(-1.,1.224646799147E-16,0.));
#2530 = ORIENTED_EDGE('',*,*,#2484,.F.);
#2531 = PLANE('',#2532);
#2532 = AXIS2_PLACEMENT_3D('',#2533,#2534,#2535);
#2533 = CARTESIAN_POINT('',(10.75,-0.45,4.8));
#2534 = DIRECTION('',(-1.220416573038E-16,-0.996545758245,
    -8.304547985373E-02));
#2535 = DIRECTION('',(1.017013810865E-17,8.304547985373E-02,
    -0.996545758245));
#2536 = ADVANCED_FACE('',(#2537),#2562,.T.);
#2537 = FACE_BOUND('',#2538,.T.);
#2538 = EDGE_LOOP('',(#2539,#2540,#2541,#2549,#2555,#2556));
#2539 = ORIENTED_EDGE('',*,*,#706,.T.);
#2540 = ORIENTED_EDGE('',*,*,#2517,.T.);
#2541 = ORIENTED_EDGE('',*,*,#2542,.T.);
#2542 = EDGE_CURVE('',#2518,#2543,#2545,.T.);
#2543 = VERTEX_POINT('',#2544);
#2544 = CARTESIAN_POINT('',(9.25,-0.35,2.6));
#2545 = LINE('',#2546,#2547);
#2546 = CARTESIAN_POINT('',(9.25,-0.35,3.6));
#2547 = VECTOR('',#2548,1.);
#2548 = DIRECTION('',(-1.359631073447E-32,-1.110223024625E-16,-1.));
#2549 = ORIENTED_EDGE('',*,*,#2550,.T.);
#2550 = EDGE_CURVE('',#2543,#956,#2551,.T.);
#2551 = LINE('',#2552,#2553);
#2552 = CARTESIAN_POINT('',(9.25,-0.35,2.6));
#2553 = VECTOR('',#2554,1.);
#2554 = DIRECTION('',(-5.319525767383E-18,-4.343722427631E-02,
    -0.999056158355));
#2555 = ORIENTED_EDGE('',*,*,#963,.T.);
#2556 = ORIENTED_EDGE('',*,*,#2557,.T.);
#2557 = EDGE_CURVE('',#964,#699,#2558,.T.);
#2558 = LINE('',#2559,#2560);
#2559 = CARTESIAN_POINT('',(9.25,-0.25,0.3));
#2560 = VECTOR('',#2561,1.);
#2561 = DIRECTION('',(1.359631073447E-32,1.110223024625E-16,1.));
#2562 = PLANE('',#2563);
#2563 = AXIS2_PLACEMENT_3D('',#2564,#2565,#2566);
#2564 = CARTESIAN_POINT('',(9.25,-0.320798035545,2.550475523299));
#2565 = DIRECTION('',(1.,-1.224646799147E-16,0.));
#2566 = DIRECTION('',(1.224646799147E-16,1.,-1.110223024625E-16));
#2567 = ADVANCED_FACE('',(#2568),#2579,.F.);
#2568 = FACE_BOUND('',#2569,.F.);
#2569 = EDGE_LOOP('',(#2570,#2571,#2577,#2578));
#2570 = ORIENTED_EDGE('',*,*,#698,.T.);
#2571 = ORIENTED_EDGE('',*,*,#2572,.F.);
#2572 = EDGE_CURVE('',#972,#691,#2573,.T.);
#2573 = LINE('',#2574,#2575);
#2574 = CARTESIAN_POINT('',(8.75,-0.25,0.3));
#2575 = VECTOR('',#2576,1.);
#2576 = DIRECTION('',(1.359631073447E-32,1.110223024625E-16,1.));
#2577 = ORIENTED_EDGE('',*,*,#971,.T.);
#2578 = ORIENTED_EDGE('',*,*,#2557,.T.);
#2579 = PLANE('',#2580);
#2580 = AXIS2_PLACEMENT_3D('',#2581,#2582,#2583);
#2581 = CARTESIAN_POINT('',(7.,-0.25,2.55));
#2582 = DIRECTION('',(-1.224646799147E-16,-1.,1.110223024625E-16));
#2583 = DIRECTION('',(-1.,1.224646799147E-16,0.));
#2584 = ADVANCED_FACE('',(#2585),#2612,.F.);
#2585 = FACE_BOUND('',#2586,.F.);
#2586 = EDGE_LOOP('',(#2587,#2588,#2596,#2604,#2610,#2611));
#2587 = ORIENTED_EDGE('',*,*,#690,.T.);
#2588 = ORIENTED_EDGE('',*,*,#2589,.T.);
#2589 = EDGE_CURVE('',#683,#2590,#2592,.T.);
#2590 = VERTEX_POINT('',#2591);
#2591 = CARTESIAN_POINT('',(8.75,-0.35,3.6));
#2592 = LINE('',#2593,#2594);
#2593 = CARTESIAN_POINT('',(8.75,-0.45,4.8));
#2594 = VECTOR('',#2595,1.);
#2595 = DIRECTION('',(1.017013810865E-17,8.304547985373E-02,
    -0.996545758245));
#2596 = ORIENTED_EDGE('',*,*,#2597,.T.);
#2597 = EDGE_CURVE('',#2590,#2598,#2600,.T.);
#2598 = VERTEX_POINT('',#2599);
#2599 = CARTESIAN_POINT('',(8.75,-0.35,2.6));
#2600 = LINE('',#2601,#2602);
#2601 = CARTESIAN_POINT('',(8.75,-0.35,3.6));
#2602 = VECTOR('',#2603,1.);
#2603 = DIRECTION('',(-1.359631073447E-32,-1.110223024625E-16,-1.));
#2604 = ORIENTED_EDGE('',*,*,#2605,.T.);
#2605 = EDGE_CURVE('',#2598,#980,#2606,.T.);
#2606 = LINE('',#2607,#2608);
#2607 = CARTESIAN_POINT('',(8.75,-0.35,2.6));
#2608 = VECTOR('',#2609,1.);
#2609 = DIRECTION('',(-5.319525767383E-18,-4.343722427631E-02,
    -0.999056158355));
#2610 = ORIENTED_EDGE('',*,*,#979,.T.);
#2611 = ORIENTED_EDGE('',*,*,#2572,.T.);
#2612 = PLANE('',#2613);
#2613 = AXIS2_PLACEMENT_3D('',#2614,#2615,#2616);
#2614 = CARTESIAN_POINT('',(8.75,-0.320798035545,2.550475523299));
#2615 = DIRECTION('',(1.,-1.224646799147E-16,0.));
#2616 = DIRECTION('',(1.224646799147E-16,1.,-1.110223024625E-16));
#2617 = ADVANCED_FACE('',(#2618),#2636,.F.);
#2618 = FACE_BOUND('',#2619,.F.);
#2619 = EDGE_LOOP('',(#2620,#2621,#2629,#2635));
#2620 = ORIENTED_EDGE('',*,*,#682,.T.);
#2621 = ORIENTED_EDGE('',*,*,#2622,.T.);
#2622 = EDGE_CURVE('',#675,#2623,#2625,.T.);
#2623 = VERTEX_POINT('',#2624);
#2624 = CARTESIAN_POINT('',(7.25,-0.35,3.6));
#2625 = LINE('',#2626,#2627);
#2626 = CARTESIAN_POINT('',(7.25,-0.45,4.8));
#2627 = VECTOR('',#2628,1.);
#2628 = DIRECTION('',(1.017013810865E-17,8.304547985373E-02,
    -0.996545758245));
#2629 = ORIENTED_EDGE('',*,*,#2630,.F.);
#2630 = EDGE_CURVE('',#2590,#2623,#2631,.T.);
#2631 = LINE('',#2632,#2633);
#2632 = CARTESIAN_POINT('',(8.75,-0.35,3.6));
#2633 = VECTOR('',#2634,1.);
#2634 = DIRECTION('',(-1.,1.224646799147E-16,0.));
#2635 = ORIENTED_EDGE('',*,*,#2589,.F.);
#2636 = PLANE('',#2637);
#2637 = AXIS2_PLACEMENT_3D('',#2638,#2639,#2640);
#2638 = CARTESIAN_POINT('',(8.75,-0.45,4.8));
#2639 = DIRECTION('',(-1.220416573038E-16,-0.996545758245,
    -8.304547985373E-02));
#2640 = DIRECTION('',(1.017013810865E-17,8.304547985373E-02,
    -0.996545758245));
#2641 = ADVANCED_FACE('',(#2642),#2667,.T.);
#2642 = FACE_BOUND('',#2643,.T.);
#2643 = EDGE_LOOP('',(#2644,#2645,#2646,#2654,#2660,#2661));
#2644 = ORIENTED_EDGE('',*,*,#674,.T.);
#2645 = ORIENTED_EDGE('',*,*,#2622,.T.);
#2646 = ORIENTED_EDGE('',*,*,#2647,.T.);
#2647 = EDGE_CURVE('',#2623,#2648,#2650,.T.);
#2648 = VERTEX_POINT('',#2649);
#2649 = CARTESIAN_POINT('',(7.25,-0.35,2.6));
#2650 = LINE('',#2651,#2652);
#2651 = CARTESIAN_POINT('',(7.25,-0.35,3.6));
#2652 = VECTOR('',#2653,1.);
#2653 = DIRECTION('',(-1.359631073447E-32,-1.110223024625E-16,-1.));
#2654 = ORIENTED_EDGE('',*,*,#2655,.T.);
#2655 = EDGE_CURVE('',#2648,#988,#2656,.T.);
#2656 = LINE('',#2657,#2658);
#2657 = CARTESIAN_POINT('',(7.25,-0.35,2.6));
#2658 = VECTOR('',#2659,1.);
#2659 = DIRECTION('',(-5.319525767383E-18,-4.343722427631E-02,
    -0.999056158355));
#2660 = ORIENTED_EDGE('',*,*,#995,.T.);
#2661 = ORIENTED_EDGE('',*,*,#2662,.T.);
#2662 = EDGE_CURVE('',#996,#667,#2663,.T.);
#2663 = LINE('',#2664,#2665);
#2664 = CARTESIAN_POINT('',(7.25,-0.25,0.3));
#2665 = VECTOR('',#2666,1.);
#2666 = DIRECTION('',(1.359631073447E-32,1.110223024625E-16,1.));
#2667 = PLANE('',#2668);
#2668 = AXIS2_PLACEMENT_3D('',#2669,#2670,#2671);
#2669 = CARTESIAN_POINT('',(7.25,-0.320798035545,2.550475523299));
#2670 = DIRECTION('',(1.,-1.224646799147E-16,0.));
#2671 = DIRECTION('',(1.224646799147E-16,1.,-1.110223024625E-16));
#2672 = ADVANCED_FACE('',(#2673),#2684,.F.);
#2673 = FACE_BOUND('',#2674,.F.);
#2674 = EDGE_LOOP('',(#2675,#2676,#2677,#2683));
#2675 = ORIENTED_EDGE('',*,*,#2662,.T.);
#2676 = ORIENTED_EDGE('',*,*,#666,.T.);
#2677 = ORIENTED_EDGE('',*,*,#2678,.F.);
#2678 = EDGE_CURVE('',#1004,#659,#2679,.T.);
#2679 = LINE('',#2680,#2681);
#2680 = CARTESIAN_POINT('',(6.75,-0.25,0.3));
#2681 = VECTOR('',#2682,1.);
#2682 = DIRECTION('',(1.359631073447E-32,1.110223024625E-16,1.));
#2683 = ORIENTED_EDGE('',*,*,#1003,.T.);
#2684 = PLANE('',#2685);
#2685 = AXIS2_PLACEMENT_3D('',#2686,#2687,#2688);
#2686 = CARTESIAN_POINT('',(7.,-0.25,2.55));
#2687 = DIRECTION('',(-1.224646799147E-16,-1.,1.110223024625E-16));
#2688 = DIRECTION('',(-1.,1.224646799147E-16,0.));
#2689 = ADVANCED_FACE('',(#2690),#2717,.F.);
#2690 = FACE_BOUND('',#2691,.F.);
#2691 = EDGE_LOOP('',(#2692,#2693,#2701,#2709,#2715,#2716));
#2692 = ORIENTED_EDGE('',*,*,#658,.T.);
#2693 = ORIENTED_EDGE('',*,*,#2694,.T.);
#2694 = EDGE_CURVE('',#651,#2695,#2697,.T.);
#2695 = VERTEX_POINT('',#2696);
#2696 = CARTESIAN_POINT('',(6.75,-0.35,3.6));
#2697 = LINE('',#2698,#2699);
#2698 = CARTESIAN_POINT('',(6.75,-0.45,4.8));
#2699 = VECTOR('',#2700,1.);
#2700 = DIRECTION('',(1.017013810865E-17,8.304547985373E-02,
    -0.996545758245));
#2701 = ORIENTED_EDGE('',*,*,#2702,.T.);
#2702 = EDGE_CURVE('',#2695,#2703,#2705,.T.);
#2703 = VERTEX_POINT('',#2704);
#2704 = CARTESIAN_POINT('',(6.75,-0.35,2.6));
#2705 = LINE('',#2706,#2707);
#2706 = CARTESIAN_POINT('',(6.75,-0.35,3.6));
#2707 = VECTOR('',#2708,1.);
#2708 = DIRECTION('',(-1.359631073447E-32,-1.110223024625E-16,-1.));
#2709 = ORIENTED_EDGE('',*,*,#2710,.T.);
#2710 = EDGE_CURVE('',#2703,#1012,#2711,.T.);
#2711 = LINE('',#2712,#2713);
#2712 = CARTESIAN_POINT('',(6.75,-0.35,2.6));
#2713 = VECTOR('',#2714,1.);
#2714 = DIRECTION('',(-5.319525767383E-18,-4.343722427631E-02,
    -0.999056158355));
#2715 = ORIENTED_EDGE('',*,*,#1011,.T.);
#2716 = ORIENTED_EDGE('',*,*,#2678,.T.);
#2717 = PLANE('',#2718);
#2718 = AXIS2_PLACEMENT_3D('',#2719,#2720,#2721);
#2719 = CARTESIAN_POINT('',(6.75,-0.320798035545,2.550475523299));
#2720 = DIRECTION('',(1.,-1.224646799147E-16,0.));
#2721 = DIRECTION('',(1.224646799147E-16,1.,-1.110223024625E-16));
#2722 = ADVANCED_FACE('',(#2723),#2741,.F.);
#2723 = FACE_BOUND('',#2724,.F.);
#2724 = EDGE_LOOP('',(#2725,#2726,#2734,#2740));
#2725 = ORIENTED_EDGE('',*,*,#650,.T.);
#2726 = ORIENTED_EDGE('',*,*,#2727,.T.);
#2727 = EDGE_CURVE('',#643,#2728,#2730,.T.);
#2728 = VERTEX_POINT('',#2729);
#2729 = CARTESIAN_POINT('',(5.25,-0.35,3.6));
#2730 = LINE('',#2731,#2732);
#2731 = CARTESIAN_POINT('',(5.25,-0.45,4.8));
#2732 = VECTOR('',#2733,1.);
#2733 = DIRECTION('',(1.017013810865E-17,8.304547985373E-02,
    -0.996545758245));
#2734 = ORIENTED_EDGE('',*,*,#2735,.F.);
#2735 = EDGE_CURVE('',#2695,#2728,#2736,.T.);
#2736 = LINE('',#2737,#2738);
#2737 = CARTESIAN_POINT('',(6.75,-0.35,3.6));
#2738 = VECTOR('',#2739,1.);
#2739 = DIRECTION('',(-1.,1.224646799147E-16,0.));
#2740 = ORIENTED_EDGE('',*,*,#2694,.F.);
#2741 = PLANE('',#2742);
#2742 = AXIS2_PLACEMENT_3D('',#2743,#2744,#2745);
#2743 = CARTESIAN_POINT('',(6.75,-0.45,4.8));
#2744 = DIRECTION('',(-1.220416573038E-16,-0.996545758245,
    -8.304547985373E-02));
#2745 = DIRECTION('',(1.017013810865E-17,8.304547985373E-02,
    -0.996545758245));
#2746 = ADVANCED_FACE('',(#2747),#2772,.T.);
#2747 = FACE_BOUND('',#2748,.T.);
#2748 = EDGE_LOOP('',(#2749,#2750,#2751,#2759,#2765,#2766));
#2749 = ORIENTED_EDGE('',*,*,#642,.T.);
#2750 = ORIENTED_EDGE('',*,*,#2727,.T.);
#2751 = ORIENTED_EDGE('',*,*,#2752,.T.);
#2752 = EDGE_CURVE('',#2728,#2753,#2755,.T.);
#2753 = VERTEX_POINT('',#2754);
#2754 = CARTESIAN_POINT('',(5.25,-0.35,2.6));
#2755 = LINE('',#2756,#2757);
#2756 = CARTESIAN_POINT('',(5.25,-0.35,3.6));
#2757 = VECTOR('',#2758,1.);
#2758 = DIRECTION('',(-1.359631073447E-32,-1.110223024625E-16,-1.));
#2759 = ORIENTED_EDGE('',*,*,#2760,.T.);
#2760 = EDGE_CURVE('',#2753,#1020,#2761,.T.);
#2761 = LINE('',#2762,#2763);
#2762 = CARTESIAN_POINT('',(5.25,-0.35,2.6));
#2763 = VECTOR('',#2764,1.);
#2764 = DIRECTION('',(-5.319525767383E-18,-4.343722427631E-02,
    -0.999056158355));
#2765 = ORIENTED_EDGE('',*,*,#1027,.T.);
#2766 = ORIENTED_EDGE('',*,*,#2767,.T.);
#2767 = EDGE_CURVE('',#1028,#635,#2768,.T.);
#2768 = LINE('',#2769,#2770);
#2769 = CARTESIAN_POINT('',(5.25,-0.25,0.3));
#2770 = VECTOR('',#2771,1.);
#2771 = DIRECTION('',(1.359631073447E-32,1.110223024625E-16,1.));
#2772 = PLANE('',#2773);
#2773 = AXIS2_PLACEMENT_3D('',#2774,#2775,#2776);
#2774 = CARTESIAN_POINT('',(5.25,-0.320798035545,2.550475523299));
#2775 = DIRECTION('',(1.,-1.224646799147E-16,0.));
#2776 = DIRECTION('',(1.224646799147E-16,1.,-1.110223024625E-16));
#2777 = ADVANCED_FACE('',(#2778),#2789,.F.);
#2778 = FACE_BOUND('',#2779,.F.);
#2779 = EDGE_LOOP('',(#2780,#2781,#2782,#2783));
#2780 = ORIENTED_EDGE('',*,*,#1035,.T.);
#2781 = ORIENTED_EDGE('',*,*,#2767,.T.);
#2782 = ORIENTED_EDGE('',*,*,#634,.T.);
#2783 = ORIENTED_EDGE('',*,*,#2784,.F.);
#2784 = EDGE_CURVE('',#1036,#627,#2785,.T.);
#2785 = LINE('',#2786,#2787);
#2786 = CARTESIAN_POINT('',(4.75,-0.25,0.3));
#2787 = VECTOR('',#2788,1.);
#2788 = DIRECTION('',(1.359631073447E-32,1.110223024625E-16,1.));
#2789 = PLANE('',#2790);
#2790 = AXIS2_PLACEMENT_3D('',#2791,#2792,#2793);
#2791 = CARTESIAN_POINT('',(7.,-0.25,2.55));
#2792 = DIRECTION('',(-1.224646799147E-16,-1.,1.110223024625E-16));
#2793 = DIRECTION('',(-1.,1.224646799147E-16,0.));
#2794 = ADVANCED_FACE('',(#2795),#2822,.F.);
#2795 = FACE_BOUND('',#2796,.F.);
#2796 = EDGE_LOOP('',(#2797,#2798,#2806,#2814,#2820,#2821));
#2797 = ORIENTED_EDGE('',*,*,#626,.T.);
#2798 = ORIENTED_EDGE('',*,*,#2799,.T.);
#2799 = EDGE_CURVE('',#619,#2800,#2802,.T.);
#2800 = VERTEX_POINT('',#2801);
#2801 = CARTESIAN_POINT('',(4.75,-0.35,3.6));
#2802 = LINE('',#2803,#2804);
#2803 = CARTESIAN_POINT('',(4.75,-0.45,4.8));
#2804 = VECTOR('',#2805,1.);
#2805 = DIRECTION('',(1.017013810865E-17,8.304547985373E-02,
    -0.996545758245));
#2806 = ORIENTED_EDGE('',*,*,#2807,.T.);
#2807 = EDGE_CURVE('',#2800,#2808,#2810,.T.);
#2808 = VERTEX_POINT('',#2809);
#2809 = CARTESIAN_POINT('',(4.75,-0.35,2.6));
#2810 = LINE('',#2811,#2812);
#2811 = CARTESIAN_POINT('',(4.75,-0.35,3.6));
#2812 = VECTOR('',#2813,1.);
#2813 = DIRECTION('',(-1.359631073447E-32,-1.110223024625E-16,-1.));
#2814 = ORIENTED_EDGE('',*,*,#2815,.T.);
#2815 = EDGE_CURVE('',#2808,#1044,#2816,.T.);
#2816 = LINE('',#2817,#2818);
#2817 = CARTESIAN_POINT('',(4.75,-0.35,2.6));
#2818 = VECTOR('',#2819,1.);
#2819 = DIRECTION('',(-5.319525767383E-18,-4.343722427631E-02,
    -0.999056158355));
#2820 = ORIENTED_EDGE('',*,*,#1043,.T.);
#2821 = ORIENTED_EDGE('',*,*,#2784,.T.);
#2822 = PLANE('',#2823);
#2823 = AXIS2_PLACEMENT_3D('',#2824,#2825,#2826);
#2824 = CARTESIAN_POINT('',(4.75,-0.320798035545,2.550475523299));
#2825 = DIRECTION('',(1.,-1.224646799147E-16,0.));
#2826 = DIRECTION('',(1.224646799147E-16,1.,-1.110223024625E-16));
#2827 = ADVANCED_FACE('',(#2828),#2846,.F.);
#2828 = FACE_BOUND('',#2829,.F.);
#2829 = EDGE_LOOP('',(#2830,#2831,#2839,#2845));
#2830 = ORIENTED_EDGE('',*,*,#618,.T.);
#2831 = ORIENTED_EDGE('',*,*,#2832,.T.);
#2832 = EDGE_CURVE('',#611,#2833,#2835,.T.);
#2833 = VERTEX_POINT('',#2834);
#2834 = CARTESIAN_POINT('',(3.25,-0.35,3.6));
#2835 = LINE('',#2836,#2837);
#2836 = CARTESIAN_POINT('',(3.25,-0.45,4.8));
#2837 = VECTOR('',#2838,1.);
#2838 = DIRECTION('',(1.017013810865E-17,8.304547985373E-02,
    -0.996545758245));
#2839 = ORIENTED_EDGE('',*,*,#2840,.F.);
#2840 = EDGE_CURVE('',#2800,#2833,#2841,.T.);
#2841 = LINE('',#2842,#2843);
#2842 = CARTESIAN_POINT('',(4.75,-0.35,3.6));
#2843 = VECTOR('',#2844,1.);
#2844 = DIRECTION('',(-1.,1.224646799147E-16,0.));
#2845 = ORIENTED_EDGE('',*,*,#2799,.F.);
#2846 = PLANE('',#2847);
#2847 = AXIS2_PLACEMENT_3D('',#2848,#2849,#2850);
#2848 = CARTESIAN_POINT('',(4.75,-0.45,4.8));
#2849 = DIRECTION('',(-1.220416573038E-16,-0.996545758245,
    -8.304547985373E-02));
#2850 = DIRECTION('',(1.017013810865E-17,8.304547985373E-02,
    -0.996545758245));
#2851 = ADVANCED_FACE('',(#2852),#2877,.T.);
#2852 = FACE_BOUND('',#2853,.T.);
#2853 = EDGE_LOOP('',(#2854,#2855,#2856,#2864,#2870,#2871));
#2854 = ORIENTED_EDGE('',*,*,#610,.T.);
#2855 = ORIENTED_EDGE('',*,*,#2832,.T.);
#2856 = ORIENTED_EDGE('',*,*,#2857,.T.);
#2857 = EDGE_CURVE('',#2833,#2858,#2860,.T.);
#2858 = VERTEX_POINT('',#2859);
#2859 = CARTESIAN_POINT('',(3.25,-0.35,2.6));
#2860 = LINE('',#2861,#2862);
#2861 = CARTESIAN_POINT('',(3.25,-0.35,3.6));
#2862 = VECTOR('',#2863,1.);
#2863 = DIRECTION('',(-1.359631073447E-32,-1.110223024625E-16,-1.));
#2864 = ORIENTED_EDGE('',*,*,#2865,.T.);
#2865 = EDGE_CURVE('',#2858,#1052,#2866,.T.);
#2866 = LINE('',#2867,#2868);
#2867 = CARTESIAN_POINT('',(3.25,-0.35,2.6));
#2868 = VECTOR('',#2869,1.);
#2869 = DIRECTION('',(-5.319525767383E-18,-4.343722427631E-02,
    -0.999056158355));
#2870 = ORIENTED_EDGE('',*,*,#1059,.T.);
#2871 = ORIENTED_EDGE('',*,*,#2872,.T.);
#2872 = EDGE_CURVE('',#1060,#603,#2873,.T.);
#2873 = LINE('',#2874,#2875);
#2874 = CARTESIAN_POINT('',(3.25,-0.25,0.3));
#2875 = VECTOR('',#2876,1.);
#2876 = DIRECTION('',(1.359631073447E-32,1.110223024625E-16,1.));
#2877 = PLANE('',#2878);
#2878 = AXIS2_PLACEMENT_3D('',#2879,#2880,#2881);
#2879 = CARTESIAN_POINT('',(3.25,-0.320798035545,2.550475523299));
#2880 = DIRECTION('',(1.,-1.224646799147E-16,0.));
#2881 = DIRECTION('',(1.224646799147E-16,1.,-1.110223024625E-16));
#2882 = ADVANCED_FACE('',(#2883),#2894,.F.);
#2883 = FACE_BOUND('',#2884,.F.);
#2884 = EDGE_LOOP('',(#2885,#2891,#2892,#2893));
#2885 = ORIENTED_EDGE('',*,*,#2886,.F.);
#2886 = EDGE_CURVE('',#1068,#595,#2887,.T.);
#2887 = LINE('',#2888,#2889);
#2888 = CARTESIAN_POINT('',(2.75,-0.25,0.3));
#2889 = VECTOR('',#2890,1.);
#2890 = DIRECTION('',(1.359631073447E-32,1.110223024625E-16,1.));
#2891 = ORIENTED_EDGE('',*,*,#1067,.T.);
#2892 = ORIENTED_EDGE('',*,*,#2872,.T.);
#2893 = ORIENTED_EDGE('',*,*,#602,.T.);
#2894 = PLANE('',#2895);
#2895 = AXIS2_PLACEMENT_3D('',#2896,#2897,#2898);
#2896 = CARTESIAN_POINT('',(7.,-0.25,2.55));
#2897 = DIRECTION('',(-1.224646799147E-16,-1.,1.110223024625E-16));
#2898 = DIRECTION('',(-1.,1.224646799147E-16,0.));
#2899 = ADVANCED_FACE('',(#2900),#2927,.F.);
#2900 = FACE_BOUND('',#2901,.F.);
#2901 = EDGE_LOOP('',(#2902,#2903,#2911,#2919,#2925,#2926));
#2902 = ORIENTED_EDGE('',*,*,#594,.T.);
#2903 = ORIENTED_EDGE('',*,*,#2904,.T.);
#2904 = EDGE_CURVE('',#587,#2905,#2907,.T.);
#2905 = VERTEX_POINT('',#2906);
#2906 = CARTESIAN_POINT('',(2.75,-0.35,3.6));
#2907 = LINE('',#2908,#2909);
#2908 = CARTESIAN_POINT('',(2.75,-0.45,4.8));
#2909 = VECTOR('',#2910,1.);
#2910 = DIRECTION('',(1.017013810865E-17,8.304547985373E-02,
    -0.996545758245));
#2911 = ORIENTED_EDGE('',*,*,#2912,.T.);
#2912 = EDGE_CURVE('',#2905,#2913,#2915,.T.);
#2913 = VERTEX_POINT('',#2914);
#2914 = CARTESIAN_POINT('',(2.75,-0.35,2.6));
#2915 = LINE('',#2916,#2917);
#2916 = CARTESIAN_POINT('',(2.75,-0.35,3.6));
#2917 = VECTOR('',#2918,1.);
#2918 = DIRECTION('',(-1.359631073447E-32,-1.110223024625E-16,-1.));
#2919 = ORIENTED_EDGE('',*,*,#2920,.T.);
#2920 = EDGE_CURVE('',#2913,#1076,#2921,.T.);
#2921 = LINE('',#2922,#2923);
#2922 = CARTESIAN_POINT('',(2.75,-0.35,2.6));
#2923 = VECTOR('',#2924,1.);
#2924 = DIRECTION('',(-5.319525767383E-18,-4.343722427631E-02,
    -0.999056158355));
#2925 = ORIENTED_EDGE('',*,*,#1075,.T.);
#2926 = ORIENTED_EDGE('',*,*,#2886,.T.);
#2927 = PLANE('',#2928);
#2928 = AXIS2_PLACEMENT_3D('',#2929,#2930,#2931);
#2929 = CARTESIAN_POINT('',(2.75,-0.320798035545,2.550475523299));
#2930 = DIRECTION('',(1.,-1.224646799147E-16,0.));
#2931 = DIRECTION('',(1.224646799147E-16,1.,-1.110223024625E-16));
#2932 = ADVANCED_FACE('',(#2933),#2951,.F.);
#2933 = FACE_BOUND('',#2934,.F.);
#2934 = EDGE_LOOP('',(#2935,#2936,#2944,#2950));
#2935 = ORIENTED_EDGE('',*,*,#586,.T.);
#2936 = ORIENTED_EDGE('',*,*,#2937,.T.);
#2937 = EDGE_CURVE('',#579,#2938,#2940,.T.);
#2938 = VERTEX_POINT('',#2939);
#2939 = CARTESIAN_POINT('',(1.25,-0.35,3.6));
#2940 = LINE('',#2941,#2942);
#2941 = CARTESIAN_POINT('',(1.25,-0.45,4.8));
#2942 = VECTOR('',#2943,1.);
#2943 = DIRECTION('',(1.017013810865E-17,8.304547985373E-02,
    -0.996545758245));
#2944 = ORIENTED_EDGE('',*,*,#2945,.F.);
#2945 = EDGE_CURVE('',#2905,#2938,#2946,.T.);
#2946 = LINE('',#2947,#2948);
#2947 = CARTESIAN_POINT('',(2.75,-0.35,3.6));
#2948 = VECTOR('',#2949,1.);
#2949 = DIRECTION('',(-1.,1.224646799147E-16,0.));
#2950 = ORIENTED_EDGE('',*,*,#2904,.F.);
#2951 = PLANE('',#2952);
#2952 = AXIS2_PLACEMENT_3D('',#2953,#2954,#2955);
#2953 = CARTESIAN_POINT('',(2.75,-0.45,4.8));
#2954 = DIRECTION('',(-1.220416573038E-16,-0.996545758245,
    -8.304547985373E-02));
#2955 = DIRECTION('',(1.017013810865E-17,8.304547985373E-02,
    -0.996545758245));
#2956 = ADVANCED_FACE('',(#2957),#2982,.T.);
#2957 = FACE_BOUND('',#2958,.T.);
#2958 = EDGE_LOOP('',(#2959,#2960,#2961,#2969,#2975,#2976));
#2959 = ORIENTED_EDGE('',*,*,#578,.T.);
#2960 = ORIENTED_EDGE('',*,*,#2937,.T.);
#2961 = ORIENTED_EDGE('',*,*,#2962,.T.);
#2962 = EDGE_CURVE('',#2938,#2963,#2965,.T.);
#2963 = VERTEX_POINT('',#2964);
#2964 = CARTESIAN_POINT('',(1.25,-0.35,2.6));
#2965 = LINE('',#2966,#2967);
#2966 = CARTESIAN_POINT('',(1.25,-0.35,3.6));
#2967 = VECTOR('',#2968,1.);
#2968 = DIRECTION('',(-1.359631073447E-32,-1.110223024625E-16,-1.));
#2969 = ORIENTED_EDGE('',*,*,#2970,.T.);
#2970 = EDGE_CURVE('',#2963,#1084,#2971,.T.);
#2971 = LINE('',#2972,#2973);
#2972 = CARTESIAN_POINT('',(1.25,-0.35,2.6));
#2973 = VECTOR('',#2974,1.);
#2974 = DIRECTION('',(-5.319525767383E-18,-4.343722427631E-02,
    -0.999056158355));
#2975 = ORIENTED_EDGE('',*,*,#1091,.T.);
#2976 = ORIENTED_EDGE('',*,*,#2977,.T.);
#2977 = EDGE_CURVE('',#1092,#571,#2978,.T.);
#2978 = LINE('',#2979,#2980);
#2979 = CARTESIAN_POINT('',(1.25,-0.25,0.3));
#2980 = VECTOR('',#2981,1.);
#2981 = DIRECTION('',(1.359631073447E-32,1.110223024625E-16,1.));
#2982 = PLANE('',#2983);
#2983 = AXIS2_PLACEMENT_3D('',#2984,#2985,#2986);
#2984 = CARTESIAN_POINT('',(1.25,-0.320798035545,2.550475523299));
#2985 = DIRECTION('',(1.,-1.224646799147E-16,0.));
#2986 = DIRECTION('',(1.224646799147E-16,1.,-1.110223024625E-16));
#2987 = ADVANCED_FACE('',(#2988),#2999,.F.);
#2988 = FACE_BOUND('',#2989,.F.);
#2989 = EDGE_LOOP('',(#2990,#2991,#2997,#2998));
#2990 = ORIENTED_EDGE('',*,*,#570,.T.);
#2991 = ORIENTED_EDGE('',*,*,#2992,.F.);
#2992 = EDGE_CURVE('',#1100,#563,#2993,.T.);
#2993 = LINE('',#2994,#2995);
#2994 = CARTESIAN_POINT('',(0.75,-0.25,0.3));
#2995 = VECTOR('',#2996,1.);
#2996 = DIRECTION('',(1.359631073447E-32,1.110223024625E-16,1.));
#2997 = ORIENTED_EDGE('',*,*,#1099,.T.);
#2998 = ORIENTED_EDGE('',*,*,#2977,.T.);
#2999 = PLANE('',#3000);
#3000 = AXIS2_PLACEMENT_3D('',#3001,#3002,#3003);
#3001 = CARTESIAN_POINT('',(7.,-0.25,2.55));
#3002 = DIRECTION('',(-1.224646799147E-16,-1.,1.110223024625E-16));
#3003 = DIRECTION('',(-1.,1.224646799147E-16,0.));
#3004 = ADVANCED_FACE('',(#3005),#3032,.F.);
#3005 = FACE_BOUND('',#3006,.F.);
#3006 = EDGE_LOOP('',(#3007,#3008,#3016,#3024,#3030,#3031));
#3007 = ORIENTED_EDGE('',*,*,#562,.T.);
#3008 = ORIENTED_EDGE('',*,*,#3009,.T.);
#3009 = EDGE_CURVE('',#555,#3010,#3012,.T.);
#3010 = VERTEX_POINT('',#3011);
#3011 = CARTESIAN_POINT('',(0.75,-0.35,3.6));
#3012 = LINE('',#3013,#3014);
#3013 = CARTESIAN_POINT('',(0.75,-0.45,4.8));
#3014 = VECTOR('',#3015,1.);
#3015 = DIRECTION('',(1.017013810865E-17,8.304547985373E-02,
    -0.996545758245));
#3016 = ORIENTED_EDGE('',*,*,#3017,.T.);
#3017 = EDGE_CURVE('',#3010,#3018,#3020,.T.);
#3018 = VERTEX_POINT('',#3019);
#3019 = CARTESIAN_POINT('',(0.75,-0.35,2.6));
#3020 = LINE('',#3021,#3022);
#3021 = CARTESIAN_POINT('',(0.75,-0.35,3.6));
#3022 = VECTOR('',#3023,1.);
#3023 = DIRECTION('',(-1.359631073447E-32,-1.110223024625E-16,-1.));
#3024 = ORIENTED_EDGE('',*,*,#3025,.T.);
#3025 = EDGE_CURVE('',#3018,#1108,#3026,.T.);
#3026 = LINE('',#3027,#3028);
#3027 = CARTESIAN_POINT('',(0.75,-0.35,2.6));
#3028 = VECTOR('',#3029,1.);
#3029 = DIRECTION('',(-5.319525767383E-18,-4.343722427631E-02,
    -0.999056158355));
#3030 = ORIENTED_EDGE('',*,*,#1107,.T.);
#3031 = ORIENTED_EDGE('',*,*,#2992,.T.);
#3032 = PLANE('',#3033);
#3033 = AXIS2_PLACEMENT_3D('',#3034,#3035,#3036);
#3034 = CARTESIAN_POINT('',(0.75,-0.320798035545,2.550475523299));
#3035 = DIRECTION('',(1.,-1.224646799147E-16,0.));
#3036 = DIRECTION('',(1.224646799147E-16,1.,-1.110223024625E-16));
#3037 = ADVANCED_FACE('',(#3038),#3072,.F.);
#3038 = FACE_BOUND('',#3039,.F.);
#3039 = EDGE_LOOP('',(#3040,#3041,#3042,#3050,#3058,#3066));
#3040 = ORIENTED_EDGE('',*,*,#3009,.F.);
#3041 = ORIENTED_EDGE('',*,*,#554,.T.);
#3042 = ORIENTED_EDGE('',*,*,#3043,.T.);
#3043 = EDGE_CURVE('',#547,#3044,#3046,.T.);
#3044 = VERTEX_POINT('',#3045);
#3045 = CARTESIAN_POINT('',(-0.4,-0.4,4.2));
#3046 = LINE('',#3047,#3048);
#3047 = CARTESIAN_POINT('',(-0.4,-0.449310344828,4.791724137931));
#3048 = VECTOR('',#3049,1.);
#3049 = DIRECTION('',(1.017013810865E-17,8.304547985373E-02,
    -0.996545758245));
#3050 = ORIENTED_EDGE('',*,*,#3051,.F.);
#3051 = EDGE_CURVE('',#3052,#3044,#3054,.T.);
#3052 = VERTEX_POINT('',#3053);
#3053 = CARTESIAN_POINT('',(-0.75,-0.4,4.2));
#3054 = LINE('',#3055,#3056);
#3055 = CARTESIAN_POINT('',(-7.5E-02,-0.4,4.2));
#3056 = VECTOR('',#3057,1.);
#3057 = DIRECTION('',(1.,-1.224646799147E-16,1.582936636138E-30));
#3058 = ORIENTED_EDGE('',*,*,#3059,.T.);
#3059 = EDGE_CURVE('',#3052,#3060,#3062,.T.);
#3060 = VERTEX_POINT('',#3061);
#3061 = CARTESIAN_POINT('',(-0.75,-0.35,3.6));
#3062 = LINE('',#3063,#3064);
#3063 = CARTESIAN_POINT('',(-0.75,-0.45,4.8));
#3064 = VECTOR('',#3065,1.);
#3065 = DIRECTION('',(1.017013810865E-17,8.304547985373E-02,
    -0.996545758245));
#3066 = ORIENTED_EDGE('',*,*,#3067,.F.);
#3067 = EDGE_CURVE('',#3010,#3060,#3068,.T.);
#3068 = LINE('',#3069,#3070);
#3069 = CARTESIAN_POINT('',(0.75,-0.35,3.6));
#3070 = VECTOR('',#3071,1.);
#3071 = DIRECTION('',(-1.,1.224646799147E-16,0.));
#3072 = PLANE('',#3073);
#3073 = AXIS2_PLACEMENT_3D('',#3074,#3075,#3076);
#3074 = CARTESIAN_POINT('',(0.75,-0.45,4.8));
#3075 = DIRECTION('',(-1.220416573038E-16,-0.996545758245,
    -8.304547985373E-02));
#3076 = DIRECTION('',(1.017013810865E-17,8.304547985373E-02,
    -0.996545758245));
#3077 = ADVANCED_FACE('',(#3078),#3095,.T.);
#3078 = FACE_BOUND('',#3079,.T.);
#3079 = EDGE_LOOP('',(#3080,#3081,#3082,#3088,#3089));
#3080 = ORIENTED_EDGE('',*,*,#546,.F.);
#3081 = ORIENTED_EDGE('',*,*,#3043,.T.);
#3082 = ORIENTED_EDGE('',*,*,#3083,.T.);
#3083 = EDGE_CURVE('',#3044,#1645,#3084,.T.);
#3084 = LINE('',#3085,#3086);
#3085 = CARTESIAN_POINT('',(-0.4,-0.25,4.2));
#3086 = VECTOR('',#3087,1.);
#3087 = DIRECTION('',(-1.224646799147E-16,-1.,1.110223024625E-16));
#3088 = ORIENTED_EDGE('',*,*,#1652,.T.);
#3089 = ORIENTED_EDGE('',*,*,#3090,.F.);
#3090 = EDGE_CURVE('',#539,#1653,#3091,.T.);
#3091 = LINE('',#3092,#3093);
#3092 = CARTESIAN_POINT('',(-0.4,-4.45,4.8));
#3093 = VECTOR('',#3094,1.);
#3094 = DIRECTION('',(-1.359631073447E-32,-1.110223024625E-16,-1.));
#3095 = PLANE('',#3096);
#3096 = AXIS2_PLACEMENT_3D('',#3097,#3098,#3099);
#3097 = CARTESIAN_POINT('',(-0.4,-0.25,4.8));
#3098 = DIRECTION('',(-1.,1.224646799147E-16,0.));
#3099 = DIRECTION('',(-1.224646799147E-16,-1.,1.110223024625E-16));
#3100 = ADVANCED_FACE('',(#3101),#3144,.T.);
#3101 = FACE_BOUND('',#3102,.T.);
#3102 = EDGE_LOOP('',(#3103,#3104,#3105,#3106,#3114,#3122,#3130,#3138));
#3103 = ORIENTED_EDGE('',*,*,#538,.F.);
#3104 = ORIENTED_EDGE('',*,*,#3090,.T.);
#3105 = ORIENTED_EDGE('',*,*,#1660,.T.);
#3106 = ORIENTED_EDGE('',*,*,#3107,.F.);
#3107 = EDGE_CURVE('',#3108,#1661,#3110,.T.);
#3108 = VERTEX_POINT('',#3109);
#3109 = CARTESIAN_POINT('',(-1.4,-4.45,4.8));
#3110 = LINE('',#3111,#3112);
#3111 = CARTESIAN_POINT('',(-1.4,-4.45,4.8));
#3112 = VECTOR('',#3113,1.);
#3113 = DIRECTION('',(-1.359631073447E-32,-1.110223024625E-16,-1.));
#3114 = ORIENTED_EDGE('',*,*,#3115,.F.);
#3115 = EDGE_CURVE('',#3116,#3108,#3118,.T.);
#3116 = VERTEX_POINT('',#3117);
#3117 = CARTESIAN_POINT('',(-0.95,-4.45,4.8));
#3118 = LINE('',#3119,#3120);
#3119 = CARTESIAN_POINT('',(-0.4,-4.45,4.8));
#3120 = VECTOR('',#3121,1.);
#3121 = DIRECTION('',(-1.,1.224646799147E-16,0.));
#3122 = ORIENTED_EDGE('',*,*,#3123,.F.);
#3123 = EDGE_CURVE('',#3124,#3116,#3126,.T.);
#3124 = VERTEX_POINT('',#3125);
#3125 = CARTESIAN_POINT('',(-0.95,-4.45,4.85));
#3126 = LINE('',#3127,#3128);
#3127 = CARTESIAN_POINT('',(-0.95,-4.45,4.85));
#3128 = VECTOR('',#3129,1.);
#3129 = DIRECTION('',(-1.359631073447E-32,-1.110223024625E-16,-1.));
#3130 = ORIENTED_EDGE('',*,*,#3131,.F.);
#3131 = EDGE_CURVE('',#3132,#3124,#3134,.T.);
#3132 = VERTEX_POINT('',#3133);
#3133 = CARTESIAN_POINT('',(-0.45,-4.45,4.85));
#3134 = LINE('',#3135,#3136);
#3135 = CARTESIAN_POINT('',(-0.45,-4.45,4.85));
#3136 = VECTOR('',#3137,1.);
#3137 = DIRECTION('',(-1.,1.224646799147E-16,0.));
#3138 = ORIENTED_EDGE('',*,*,#3139,.F.);
#3139 = EDGE_CURVE('',#531,#3132,#3140,.T.);
#3140 = LINE('',#3141,#3142);
#3141 = CARTESIAN_POINT('',(-0.45,-4.45,4.8));
#3142 = VECTOR('',#3143,1.);
#3143 = DIRECTION('',(1.359631073447E-32,1.110223024625E-16,1.));
#3144 = PLANE('',#3145);
#3145 = AXIS2_PLACEMENT_3D('',#3146,#3147,#3148);
#3146 = CARTESIAN_POINT('',(-0.893939393939,-4.45,4.517424242424));
#3147 = DIRECTION('',(1.224646799147E-16,1.,-1.110223024625E-16));
#3148 = DIRECTION('',(1.,-1.224646799147E-16,-6.294895445209E-47));
#3149 = ADVANCED_FACE('',(#3150),#3168,.F.);
#3150 = FACE_BOUND('',#3151,.F.);
#3151 = EDGE_LOOP('',(#3152,#3153,#3161,#3167));
#3152 = ORIENTED_EDGE('',*,*,#530,.T.);
#3153 = ORIENTED_EDGE('',*,*,#3154,.T.);
#3154 = EDGE_CURVE('',#523,#3155,#3157,.T.);
#3155 = VERTEX_POINT('',#3156);
#3156 = CARTESIAN_POINT('',(-0.45,-6.25,4.85));
#3157 = LINE('',#3158,#3159);
#3158 = CARTESIAN_POINT('',(-0.45,-6.25,4.8));
#3159 = VECTOR('',#3160,1.);
#3160 = DIRECTION('',(1.359631073447E-32,1.110223024625E-16,1.));
#3161 = ORIENTED_EDGE('',*,*,#3162,.F.);
#3162 = EDGE_CURVE('',#3132,#3155,#3163,.T.);
#3163 = LINE('',#3164,#3165);
#3164 = CARTESIAN_POINT('',(-0.45,-4.45,4.85));
#3165 = VECTOR('',#3166,1.);
#3166 = DIRECTION('',(-1.224646799147E-16,-1.,1.110223024625E-16));
#3167 = ORIENTED_EDGE('',*,*,#3139,.F.);
#3168 = PLANE('',#3169);
#3169 = AXIS2_PLACEMENT_3D('',#3170,#3171,#3172);
#3170 = CARTESIAN_POINT('',(-0.45,-4.45,4.8));
#3171 = DIRECTION('',(-1.,1.224646799147E-16,0.));
#3172 = DIRECTION('',(1.359631073446E-32,1.110223024625E-16,1.));
#3173 = ADVANCED_FACE('',(#3174),#3215,.T.);
#3174 = FACE_BOUND('',#3175,.T.);
#3175 = EDGE_LOOP('',(#3176,#3182,#3183,#3184,#3192,#3200,#3206,#3207,
    #3213,#3214));
#3176 = ORIENTED_EDGE('',*,*,#3177,.F.);
#3177 = EDGE_CURVE('',#515,#1684,#3178,.T.);
#3178 = LINE('',#3179,#3180);
#3179 = CARTESIAN_POINT('',(0.55,-6.25,4.8));
#3180 = VECTOR('',#3181,1.);
#3181 = DIRECTION('',(-1.359631073447E-32,-1.110223024625E-16,-1.));
#3182 = ORIENTED_EDGE('',*,*,#522,.T.);
#3183 = ORIENTED_EDGE('',*,*,#3154,.T.);
#3184 = ORIENTED_EDGE('',*,*,#3185,.T.);
#3185 = EDGE_CURVE('',#3155,#3186,#3188,.T.);
#3186 = VERTEX_POINT('',#3187);
#3187 = CARTESIAN_POINT('',(-0.95,-6.25,4.85));
#3188 = LINE('',#3189,#3190);
#3189 = CARTESIAN_POINT('',(-0.45,-6.25,4.85));
#3190 = VECTOR('',#3191,1.);
#3191 = DIRECTION('',(-1.,1.224646799147E-16,0.));
#3192 = ORIENTED_EDGE('',*,*,#3193,.T.);
#3193 = EDGE_CURVE('',#3186,#3194,#3196,.T.);
#3194 = VERTEX_POINT('',#3195);
#3195 = CARTESIAN_POINT('',(-0.95,-6.25,4.8));
#3196 = LINE('',#3197,#3198);
#3197 = CARTESIAN_POINT('',(-0.95,-6.25,4.85));
#3198 = VECTOR('',#3199,1.);
#3199 = DIRECTION('',(-1.359631073447E-32,-1.110223024625E-16,-1.));
#3200 = ORIENTED_EDGE('',*,*,#3201,.T.);
#3201 = EDGE_CURVE('',#3194,#1532,#3202,.T.);
#3202 = LINE('',#3203,#3204);
#3203 = CARTESIAN_POINT('',(15.95,-6.25,4.8));
#3204 = VECTOR('',#3205,1.);
#3205 = DIRECTION('',(-1.,1.224646799147E-16,0.));
#3206 = ORIENTED_EDGE('',*,*,#1531,.T.);
#3207 = ORIENTED_EDGE('',*,*,#3208,.F.);
#3208 = EDGE_CURVE('',#1402,#1524,#3209,.T.);
#3209 = LINE('',#3210,#3211);
#3210 = CARTESIAN_POINT('',(15.95,-6.25,3.3));
#3211 = VECTOR('',#3212,1.);
#3212 = DIRECTION('',(-1.,1.224646799147E-16,0.));
#3213 = ORIENTED_EDGE('',*,*,#1399,.F.);
#3214 = ORIENTED_EDGE('',*,*,#1683,.F.);
#3215 = PLANE('',#3216);
#3216 = AXIS2_PLACEMENT_3D('',#3217,#3218,#3219);
#3217 = CARTESIAN_POINT('',(-0.922222222222,-6.25,4.28487654321));
#3218 = DIRECTION('',(-1.224646799147E-16,-1.,1.110223024625E-16));
#3219 = DIRECTION('',(-1.,1.224646799147E-16,0.));
#3220 = ADVANCED_FACE('',(#3221),#3232,.F.);
#3221 = FACE_BOUND('',#3222,.F.);
#3222 = EDGE_LOOP('',(#3223,#3224,#3230,#3231));
#3223 = ORIENTED_EDGE('',*,*,#514,.F.);
#3224 = ORIENTED_EDGE('',*,*,#3225,.T.);
#3225 = EDGE_CURVE('',#507,#1692,#3226,.T.);
#3226 = LINE('',#3227,#3228);
#3227 = CARTESIAN_POINT('',(0.55,-2.35,4.8));
#3228 = VECTOR('',#3229,1.);
#3229 = DIRECTION('',(-1.359631073447E-32,-1.110223024625E-16,-1.));
#3230 = ORIENTED_EDGE('',*,*,#1691,.T.);
#3231 = ORIENTED_EDGE('',*,*,#3177,.F.);
#3232 = PLANE('',#3233);
#3233 = AXIS2_PLACEMENT_3D('',#3234,#3235,#3236);
#3234 = CARTESIAN_POINT('',(0.55,-2.35,4.8));
#3235 = DIRECTION('',(-1.,1.224646799147E-16,0.));
#3236 = DIRECTION('',(-1.224646799147E-16,-1.,1.110223024625E-16));
#3237 = ADVANCED_FACE('',(#3238),#3249,.F.);
#3238 = FACE_BOUND('',#3239,.F.);
#3239 = EDGE_LOOP('',(#3240,#3241,#3247,#3248));
#3240 = ORIENTED_EDGE('',*,*,#506,.F.);
#3241 = ORIENTED_EDGE('',*,*,#3242,.T.);
#3242 = EDGE_CURVE('',#499,#1700,#3243,.T.);
#3243 = LINE('',#3244,#3245);
#3244 = CARTESIAN_POINT('',(13.45,-2.35,4.8));
#3245 = VECTOR('',#3246,1.);
#3246 = DIRECTION('',(-1.359631073447E-32,-1.110223024625E-16,-1.));
#3247 = ORIENTED_EDGE('',*,*,#1699,.T.);
#3248 = ORIENTED_EDGE('',*,*,#3225,.F.);
#3249 = PLANE('',#3250);
#3250 = AXIS2_PLACEMENT_3D('',#3251,#3252,#3253);
#3251 = CARTESIAN_POINT('',(13.45,-2.35,4.8));
#3252 = DIRECTION('',(1.224646799147E-16,1.,-1.110223024625E-16));
#3253 = DIRECTION('',(-1.,1.224646799147E-16,0.));
#3254 = ADVANCED_FACE('',(#3255),#3261,.F.);
#3255 = FACE_BOUND('',#3256,.F.);
#3256 = EDGE_LOOP('',(#3257,#3258,#3259,#3260));
#3257 = ORIENTED_EDGE('',*,*,#498,.F.);
#3258 = ORIENTED_EDGE('',*,*,#824,.T.);
#3259 = ORIENTED_EDGE('',*,*,#1707,.T.);
#3260 = ORIENTED_EDGE('',*,*,#3242,.F.);
#3261 = PLANE('',#3262);
#3262 = AXIS2_PLACEMENT_3D('',#3263,#3264,#3265);
#3263 = CARTESIAN_POINT('',(13.45,-6.25,4.8));
#3264 = DIRECTION('',(1.,-1.224646799147E-16,-0.));
#3265 = DIRECTION('',(1.224646799147E-16,1.,-1.110223024625E-16));
#3266 = ADVANCED_FACE('',(#3267),#3308,.F.);
#3267 = FACE_BOUND('',#3268,.F.);
#3268 = EDGE_LOOP('',(#3269,#3279,#3285,#3286,#3292,#3293,#3294,#3302));
#3269 = ORIENTED_EDGE('',*,*,#3270,.F.);
#3270 = EDGE_CURVE('',#3271,#3273,#3275,.T.);
#3271 = VERTEX_POINT('',#3272);
#3272 = CARTESIAN_POINT('',(-1.4,-0.25,4.8));
#3273 = VERTEX_POINT('',#3274);
#3274 = CARTESIAN_POINT('',(-1.4,-0.25,4.2));
#3275 = LINE('',#3276,#3277);
#3276 = CARTESIAN_POINT('',(-1.4,-0.25,4.8));
#3277 = VECTOR('',#3278,1.);
#3278 = DIRECTION('',(-1.359631073447E-32,-1.110223024625E-16,-1.));
#3279 = ORIENTED_EDGE('',*,*,#3280,.T.);
#3280 = EDGE_CURVE('',#3271,#1481,#3281,.T.);
#3281 = LINE('',#3282,#3283);
#3282 = CARTESIAN_POINT('',(15.95,-0.25,4.8));
#3283 = VECTOR('',#3284,1.);
#3284 = DIRECTION('',(-1.,1.224646799147E-16,0.));
#3285 = ORIENTED_EDGE('',*,*,#1480,.T.);
#3286 = ORIENTED_EDGE('',*,*,#3287,.F.);
#3287 = EDGE_CURVE('',#1578,#1483,#3288,.T.);
#3288 = LINE('',#3289,#3290);
#3289 = CARTESIAN_POINT('',(-0.95,-0.25,4.1));
#3290 = VECTOR('',#3291,1.);
#3291 = DIRECTION('',(-1.,1.224646799147E-16,0.));
#3292 = ORIENTED_EDGE('',*,*,#1577,.F.);
#3293 = ORIENTED_EDGE('',*,*,#859,.T.);
#3294 = ORIENTED_EDGE('',*,*,#3295,.T.);
#3295 = EDGE_CURVE('',#862,#3296,#3298,.T.);
#3296 = VERTEX_POINT('',#3297);
#3297 = CARTESIAN_POINT('',(-0.75,-0.25,4.2));
#3298 = LINE('',#3299,#3300);
#3299 = CARTESIAN_POINT('',(-0.75,-0.25,0.3));
#3300 = VECTOR('',#3301,1.);
#3301 = DIRECTION('',(1.359631073447E-32,1.110223024625E-16,1.));
#3302 = ORIENTED_EDGE('',*,*,#3303,.F.);
#3303 = EDGE_CURVE('',#3273,#3296,#3304,.T.);
#3304 = LINE('',#3305,#3306);
#3305 = CARTESIAN_POINT('',(-1.4,-0.25,4.2));
#3306 = VECTOR('',#3307,1.);
#3307 = DIRECTION('',(1.,-1.224646799147E-16,0.));
#3308 = PLANE('',#3309);
#3309 = AXIS2_PLACEMENT_3D('',#3310,#3311,#3312);
#3310 = CARTESIAN_POINT('',(7.,-0.25,2.55));
#3311 = DIRECTION('',(-1.224646799147E-16,-1.,1.110223024625E-16));
#3312 = DIRECTION('',(-1.,1.224646799147E-16,0.));
#3313 = ADVANCED_FACE('',(#3314),#3339,.T.);
#3314 = FACE_BOUND('',#3315,.T.);
#3315 = EDGE_LOOP('',(#3316,#3317,#3323,#3324,#3332,#3338));
#3316 = ORIENTED_EDGE('',*,*,#3295,.T.);
#3317 = ORIENTED_EDGE('',*,*,#3318,.F.);
#3318 = EDGE_CURVE('',#3052,#3296,#3319,.T.);
#3319 = LINE('',#3320,#3321);
#3320 = CARTESIAN_POINT('',(-0.75,-1.335399017773,4.2));
#3321 = VECTOR('',#3322,1.);
#3322 = DIRECTION('',(1.224646799147E-16,1.,-1.110223024625E-16));
#3323 = ORIENTED_EDGE('',*,*,#3059,.T.);
#3324 = ORIENTED_EDGE('',*,*,#3325,.T.);
#3325 = EDGE_CURVE('',#3060,#3326,#3328,.T.);
#3326 = VERTEX_POINT('',#3327);
#3327 = CARTESIAN_POINT('',(-0.75,-0.35,2.6));
#3328 = LINE('',#3329,#3330);
#3329 = CARTESIAN_POINT('',(-0.75,-0.35,3.6));
#3330 = VECTOR('',#3331,1.);
#3331 = DIRECTION('',(-1.359631073447E-32,-1.110223024625E-16,-1.));
#3332 = ORIENTED_EDGE('',*,*,#3333,.T.);
#3333 = EDGE_CURVE('',#3326,#1116,#3334,.T.);
#3334 = LINE('',#3335,#3336);
#3335 = CARTESIAN_POINT('',(-0.75,-0.35,2.6));
#3336 = VECTOR('',#3337,1.);
#3337 = DIRECTION('',(-5.319525767383E-18,-4.343722427631E-02,
    -0.999056158355));
#3338 = ORIENTED_EDGE('',*,*,#1123,.T.);
#3339 = PLANE('',#3340);
#3340 = AXIS2_PLACEMENT_3D('',#3341,#3342,#3343);
#3341 = CARTESIAN_POINT('',(-0.75,-0.320798035545,2.550475523299));
#3342 = DIRECTION('',(1.,-1.224646799147E-16,0.));
#3343 = DIRECTION('',(1.224646799147E-16,1.,-1.110223024625E-16));
#3344 = ADVANCED_FACE('',(#3345),#3356,.F.);
#3345 = FACE_BOUND('',#3346,.F.);
#3346 = EDGE_LOOP('',(#3347,#3353,#3354,#3355));
#3347 = ORIENTED_EDGE('',*,*,#3348,.T.);
#3348 = EDGE_CURVE('',#3018,#3326,#3349,.T.);
#3349 = LINE('',#3350,#3351);
#3350 = CARTESIAN_POINT('',(0.75,-0.35,2.6));
#3351 = VECTOR('',#3352,1.);
#3352 = DIRECTION('',(-1.,1.224646799147E-16,0.));
#3353 = ORIENTED_EDGE('',*,*,#3333,.T.);
#3354 = ORIENTED_EDGE('',*,*,#1115,.F.);
#3355 = ORIENTED_EDGE('',*,*,#3025,.F.);
#3356 = PLANE('',#3357);
#3357 = AXIS2_PLACEMENT_3D('',#3358,#3359,#3360);
#3358 = CARTESIAN_POINT('',(0.75,-0.35,2.6));
#3359 = DIRECTION('',(-1.223490926498E-16,-0.999056158355,
    4.343722427631E-02));
#3360 = DIRECTION('',(-5.319525767383E-18,-4.343722427631E-02,
    -0.999056158355));
#3361 = ADVANCED_FACE('',(#3362),#3373,.F.);
#3362 = FACE_BOUND('',#3363,.F.);
#3363 = EDGE_LOOP('',(#3364,#3370,#3371,#3372));
#3364 = ORIENTED_EDGE('',*,*,#3365,.T.);
#3365 = EDGE_CURVE('',#2913,#2963,#3366,.T.);
#3366 = LINE('',#3367,#3368);
#3367 = CARTESIAN_POINT('',(2.75,-0.35,2.6));
#3368 = VECTOR('',#3369,1.);
#3369 = DIRECTION('',(-1.,1.224646799147E-16,0.));
#3370 = ORIENTED_EDGE('',*,*,#2970,.T.);
#3371 = ORIENTED_EDGE('',*,*,#1083,.F.);
#3372 = ORIENTED_EDGE('',*,*,#2920,.F.);
#3373 = PLANE('',#3374);
#3374 = AXIS2_PLACEMENT_3D('',#3375,#3376,#3377);
#3375 = CARTESIAN_POINT('',(2.75,-0.35,2.6));
#3376 = DIRECTION('',(-1.223490926498E-16,-0.999056158355,
    4.343722427631E-02));
#3377 = DIRECTION('',(-5.319525767383E-18,-4.343722427631E-02,
    -0.999056158355));
#3378 = ADVANCED_FACE('',(#3379),#3390,.F.);
#3379 = FACE_BOUND('',#3380,.F.);
#3380 = EDGE_LOOP('',(#3381,#3387,#3388,#3389));
#3381 = ORIENTED_EDGE('',*,*,#3382,.T.);
#3382 = EDGE_CURVE('',#2808,#2858,#3383,.T.);
#3383 = LINE('',#3384,#3385);
#3384 = CARTESIAN_POINT('',(4.75,-0.35,2.6));
#3385 = VECTOR('',#3386,1.);
#3386 = DIRECTION('',(-1.,1.224646799147E-16,0.));
#3387 = ORIENTED_EDGE('',*,*,#2865,.T.);
#3388 = ORIENTED_EDGE('',*,*,#1051,.F.);
#3389 = ORIENTED_EDGE('',*,*,#2815,.F.);
#3390 = PLANE('',#3391);
#3391 = AXIS2_PLACEMENT_3D('',#3392,#3393,#3394);
#3392 = CARTESIAN_POINT('',(4.75,-0.35,2.6));
#3393 = DIRECTION('',(-1.223490926498E-16,-0.999056158355,
    4.343722427631E-02));
#3394 = DIRECTION('',(-5.319525767383E-18,-4.343722427631E-02,
    -0.999056158355));
#3395 = ADVANCED_FACE('',(#3396),#3407,.F.);
#3396 = FACE_BOUND('',#3397,.F.);
#3397 = EDGE_LOOP('',(#3398,#3404,#3405,#3406));
#3398 = ORIENTED_EDGE('',*,*,#3399,.T.);
#3399 = EDGE_CURVE('',#2703,#2753,#3400,.T.);
#3400 = LINE('',#3401,#3402);
#3401 = CARTESIAN_POINT('',(6.75,-0.35,2.6));
#3402 = VECTOR('',#3403,1.);
#3403 = DIRECTION('',(-1.,1.224646799147E-16,0.));
#3404 = ORIENTED_EDGE('',*,*,#2760,.T.);
#3405 = ORIENTED_EDGE('',*,*,#1019,.F.);
#3406 = ORIENTED_EDGE('',*,*,#2710,.F.);
#3407 = PLANE('',#3408);
#3408 = AXIS2_PLACEMENT_3D('',#3409,#3410,#3411);
#3409 = CARTESIAN_POINT('',(6.75,-0.35,2.6));
#3410 = DIRECTION('',(-1.223490926498E-16,-0.999056158355,
    4.343722427631E-02));
#3411 = DIRECTION('',(-5.319525767383E-18,-4.343722427631E-02,
    -0.999056158355));
#3412 = ADVANCED_FACE('',(#3413),#3424,.F.);
#3413 = FACE_BOUND('',#3414,.F.);
#3414 = EDGE_LOOP('',(#3415,#3421,#3422,#3423));
#3415 = ORIENTED_EDGE('',*,*,#3416,.T.);
#3416 = EDGE_CURVE('',#2598,#2648,#3417,.T.);
#3417 = LINE('',#3418,#3419);
#3418 = CARTESIAN_POINT('',(8.75,-0.35,2.6));
#3419 = VECTOR('',#3420,1.);
#3420 = DIRECTION('',(-1.,1.224646799147E-16,0.));
#3421 = ORIENTED_EDGE('',*,*,#2655,.T.);
#3422 = ORIENTED_EDGE('',*,*,#987,.F.);
#3423 = ORIENTED_EDGE('',*,*,#2605,.F.);
#3424 = PLANE('',#3425);
#3425 = AXIS2_PLACEMENT_3D('',#3426,#3427,#3428);
#3426 = CARTESIAN_POINT('',(8.75,-0.35,2.6));
#3427 = DIRECTION('',(-1.223490926498E-16,-0.999056158355,
    4.343722427631E-02));
#3428 = DIRECTION('',(-5.319525767383E-18,-4.343722427631E-02,
    -0.999056158355));
#3429 = ADVANCED_FACE('',(#3430),#3441,.F.);
#3430 = FACE_BOUND('',#3431,.F.);
#3431 = EDGE_LOOP('',(#3432,#3438,#3439,#3440));
#3432 = ORIENTED_EDGE('',*,*,#3433,.T.);
#3433 = EDGE_CURVE('',#2493,#2543,#3434,.T.);
#3434 = LINE('',#3435,#3436);
#3435 = CARTESIAN_POINT('',(10.75,-0.35,2.6));
#3436 = VECTOR('',#3437,1.);
#3437 = DIRECTION('',(-1.,1.224646799147E-16,0.));
#3438 = ORIENTED_EDGE('',*,*,#2550,.T.);
#3439 = ORIENTED_EDGE('',*,*,#955,.F.);
#3440 = ORIENTED_EDGE('',*,*,#2500,.F.);
#3441 = PLANE('',#3442);
#3442 = AXIS2_PLACEMENT_3D('',#3443,#3444,#3445);
#3443 = CARTESIAN_POINT('',(10.75,-0.35,2.6));
#3444 = DIRECTION('',(-1.223490926498E-16,-0.999056158355,
    4.343722427631E-02));
#3445 = DIRECTION('',(-5.319525767383E-18,-4.343722427631E-02,
    -0.999056158355));
#3446 = ADVANCED_FACE('',(#3447),#3458,.F.);
#3447 = FACE_BOUND('',#3448,.F.);
#3448 = EDGE_LOOP('',(#3449,#3455,#3456,#3457));
#3449 = ORIENTED_EDGE('',*,*,#3450,.T.);
#3450 = EDGE_CURVE('',#2388,#2438,#3451,.T.);
#3451 = LINE('',#3452,#3453);
#3452 = CARTESIAN_POINT('',(12.75,-0.35,2.6));
#3453 = VECTOR('',#3454,1.);
#3454 = DIRECTION('',(-1.,1.224646799147E-16,0.));
#3455 = ORIENTED_EDGE('',*,*,#2445,.T.);
#3456 = ORIENTED_EDGE('',*,*,#923,.F.);
#3457 = ORIENTED_EDGE('',*,*,#2395,.F.);
#3458 = PLANE('',#3459);
#3459 = AXIS2_PLACEMENT_3D('',#3460,#3461,#3462);
#3460 = CARTESIAN_POINT('',(12.75,-0.35,2.6));
#3461 = DIRECTION('',(-1.223490926498E-16,-0.999056158355,
    4.343722427631E-02));
#3462 = DIRECTION('',(-5.319525767383E-18,-4.343722427631E-02,
    -0.999056158355));
#3463 = ADVANCED_FACE('',(#3464),#3475,.F.);
#3464 = FACE_BOUND('',#3465,.F.);
#3465 = EDGE_LOOP('',(#3466,#3472,#3473,#3474));
#3466 = ORIENTED_EDGE('',*,*,#3467,.T.);
#3467 = EDGE_CURVE('',#2198,#2333,#3468,.T.);
#3468 = LINE('',#3469,#3470);
#3469 = CARTESIAN_POINT('',(14.75,-0.35,2.6));
#3470 = VECTOR('',#3471,1.);
#3471 = DIRECTION('',(-1.,1.224646799147E-16,0.));
#3472 = ORIENTED_EDGE('',*,*,#2340,.T.);
#3473 = ORIENTED_EDGE('',*,*,#891,.F.);
#3474 = ORIENTED_EDGE('',*,*,#2205,.F.);
#3475 = PLANE('',#3476);
#3476 = AXIS2_PLACEMENT_3D('',#3477,#3478,#3479);
#3477 = CARTESIAN_POINT('',(14.75,-0.35,2.6));
#3478 = DIRECTION('',(-1.223490926498E-16,-0.999056158355,
    4.343722427631E-02));
#3479 = DIRECTION('',(-5.319525767383E-18,-4.343722427631E-02,
    -0.999056158355));
#3480 = ADVANCED_FACE('',(#3481),#3499,.F.);
#3481 = FACE_BOUND('',#3482,.F.);
#3482 = EDGE_LOOP('',(#3483,#3484,#3492,#3498));
#3483 = ORIENTED_EDGE('',*,*,#1376,.T.);
#3484 = ORIENTED_EDGE('',*,*,#3485,.T.);
#3485 = EDGE_CURVE('',#1369,#3486,#3488,.T.);
#3486 = VERTEX_POINT('',#3487);
#3487 = CARTESIAN_POINT('',(13.2,-3.95,1.1));
#3488 = LINE('',#3489,#3490);
#3489 = CARTESIAN_POINT('',(13.2,-3.95,0.8));
#3490 = VECTOR('',#3491,1.);
#3491 = DIRECTION('',(1.359631073447E-32,1.110223024625E-16,1.));
#3492 = ORIENTED_EDGE('',*,*,#3493,.F.);
#3493 = EDGE_CURVE('',#1722,#3486,#3494,.T.);
#3494 = LINE('',#3495,#3496);
#3495 = CARTESIAN_POINT('',(13.2,-2.05,1.1));
#3496 = VECTOR('',#3497,1.);
#3497 = DIRECTION('',(-1.224646799147E-16,-1.,1.110223024625E-16));
#3498 = ORIENTED_EDGE('',*,*,#1721,.F.);
#3499 = PLANE('',#3500);
#3500 = AXIS2_PLACEMENT_3D('',#3501,#3502,#3503);
#3501 = CARTESIAN_POINT('',(13.2,-2.05,0.8));
#3502 = DIRECTION('',(-1.,1.224646799147E-16,0.));
#3503 = DIRECTION('',(1.359631073446E-32,1.110223024625E-16,1.));
#3504 = ADVANCED_FACE('',(#3505),#3523,.T.);
#3505 = FACE_BOUND('',#3506,.T.);
#3506 = EDGE_LOOP('',(#3507,#3515,#3521,#3522));
#3507 = ORIENTED_EDGE('',*,*,#3508,.T.);
#3508 = EDGE_CURVE('',#3486,#3509,#3511,.T.);
#3509 = VERTEX_POINT('',#3510);
#3510 = CARTESIAN_POINT('',(12.8,-3.95,1.1));
#3511 = LINE('',#3512,#3513);
#3512 = CARTESIAN_POINT('',(13.2,-3.95,1.1));
#3513 = VECTOR('',#3514,1.);
#3514 = DIRECTION('',(-1.,1.224646799147E-16,0.));
#3515 = ORIENTED_EDGE('',*,*,#3516,.T.);
#3516 = EDGE_CURVE('',#3509,#1361,#3517,.T.);
#3517 = LINE('',#3518,#3519);
#3518 = CARTESIAN_POINT('',(12.8,-3.95,1.1));
#3519 = VECTOR('',#3520,1.);
#3520 = DIRECTION('',(-1.359631073447E-32,-1.110223024625E-16,-1.));
#3521 = ORIENTED_EDGE('',*,*,#1368,.T.);
#3522 = ORIENTED_EDGE('',*,*,#3485,.T.);
#3523 = PLANE('',#3524);
#3524 = AXIS2_PLACEMENT_3D('',#3525,#3526,#3527);
#3525 = CARTESIAN_POINT('',(13.,-3.95,0.95));
#3526 = DIRECTION('',(-1.224646799147E-16,-1.,1.110223024625E-16));
#3527 = DIRECTION('',(-1.,1.224646799147E-16,0.));
#3528 = ADVANCED_FACE('',(#3529),#3540,.F.);
#3529 = FACE_BOUND('',#3530,.F.);
#3530 = EDGE_LOOP('',(#3531,#3537,#3538,#3539));
#3531 = ORIENTED_EDGE('',*,*,#3532,.T.);
#3532 = EDGE_CURVE('',#1887,#3509,#3533,.T.);
#3533 = LINE('',#3534,#3535);
#3534 = CARTESIAN_POINT('',(12.8,-2.05,1.1));
#3535 = VECTOR('',#3536,1.);
#3536 = DIRECTION('',(-1.224646799147E-16,-1.,1.110223024625E-16));
#3537 = ORIENTED_EDGE('',*,*,#3516,.T.);
#3538 = ORIENTED_EDGE('',*,*,#1360,.F.);
#3539 = ORIENTED_EDGE('',*,*,#1886,.F.);
#3540 = PLANE('',#3541);
#3541 = AXIS2_PLACEMENT_3D('',#3542,#3543,#3544);
#3542 = CARTESIAN_POINT('',(12.8,-2.05,1.1));
#3543 = DIRECTION('',(1.,-1.224646799147E-16,0.));
#3544 = DIRECTION('',(-1.359631073446E-32,-1.110223024625E-16,-1.));
#3545 = ADVANCED_FACE('',(#3546),#3564,.F.);
#3546 = FACE_BOUND('',#3547,.F.);
#3547 = EDGE_LOOP('',(#3548,#3549,#3557,#3563));
#3548 = ORIENTED_EDGE('',*,*,#1344,.T.);
#3549 = ORIENTED_EDGE('',*,*,#3550,.T.);
#3550 = EDGE_CURVE('',#1337,#3551,#3553,.T.);
#3551 = VERTEX_POINT('',#3552);
#3552 = CARTESIAN_POINT('',(11.2,-3.95,1.1));
#3553 = LINE('',#3554,#3555);
#3554 = CARTESIAN_POINT('',(11.2,-3.95,0.8));
#3555 = VECTOR('',#3556,1.);
#3556 = DIRECTION('',(1.359631073447E-32,1.110223024625E-16,1.));
#3557 = ORIENTED_EDGE('',*,*,#3558,.F.);
#3558 = EDGE_CURVE('',#1872,#3551,#3559,.T.);
#3559 = LINE('',#3560,#3561);
#3560 = CARTESIAN_POINT('',(11.2,-2.05,1.1));
#3561 = VECTOR('',#3562,1.);
#3562 = DIRECTION('',(-1.224646799147E-16,-1.,1.110223024625E-16));
#3563 = ORIENTED_EDGE('',*,*,#1879,.F.);
#3564 = PLANE('',#3565);
#3565 = AXIS2_PLACEMENT_3D('',#3566,#3567,#3568);
#3566 = CARTESIAN_POINT('',(11.2,-2.05,0.8));
#3567 = DIRECTION('',(-1.,1.224646799147E-16,0.));
#3568 = DIRECTION('',(1.359631073446E-32,1.110223024625E-16,1.));
#3569 = ADVANCED_FACE('',(#3570),#3588,.T.);
#3570 = FACE_BOUND('',#3571,.T.);
#3571 = EDGE_LOOP('',(#3572,#3580,#3586,#3587));
#3572 = ORIENTED_EDGE('',*,*,#3573,.T.);
#3573 = EDGE_CURVE('',#3551,#3574,#3576,.T.);
#3574 = VERTEX_POINT('',#3575);
#3575 = CARTESIAN_POINT('',(10.8,-3.95,1.1));
#3576 = LINE('',#3577,#3578);
#3577 = CARTESIAN_POINT('',(11.2,-3.95,1.1));
#3578 = VECTOR('',#3579,1.);
#3579 = DIRECTION('',(-1.,1.224646799147E-16,0.));
#3580 = ORIENTED_EDGE('',*,*,#3581,.T.);
#3581 = EDGE_CURVE('',#3574,#1329,#3582,.T.);
#3582 = LINE('',#3583,#3584);
#3583 = CARTESIAN_POINT('',(10.8,-3.95,1.1));
#3584 = VECTOR('',#3585,1.);
#3585 = DIRECTION('',(-1.359631073447E-32,-1.110223024625E-16,-1.));
#3586 = ORIENTED_EDGE('',*,*,#1336,.T.);
#3587 = ORIENTED_EDGE('',*,*,#3550,.T.);
#3588 = PLANE('',#3589);
#3589 = AXIS2_PLACEMENT_3D('',#3590,#3591,#3592);
#3590 = CARTESIAN_POINT('',(11.,-3.95,0.95));
#3591 = DIRECTION('',(-1.224646799147E-16,-1.,1.110223024625E-16));
#3592 = DIRECTION('',(-1.,1.224646799147E-16,0.));
#3593 = ADVANCED_FACE('',(#3594),#3605,.F.);
#3594 = FACE_BOUND('',#3595,.F.);
#3595 = EDGE_LOOP('',(#3596,#3602,#3603,#3604));
#3596 = ORIENTED_EDGE('',*,*,#3597,.T.);
#3597 = EDGE_CURVE('',#1864,#3574,#3598,.T.);
#3598 = LINE('',#3599,#3600);
#3599 = CARTESIAN_POINT('',(10.8,-2.05,1.1));
#3600 = VECTOR('',#3601,1.);
#3601 = DIRECTION('',(-1.224646799147E-16,-1.,1.110223024625E-16));
#3602 = ORIENTED_EDGE('',*,*,#3581,.T.);
#3603 = ORIENTED_EDGE('',*,*,#1328,.F.);
#3604 = ORIENTED_EDGE('',*,*,#1863,.F.);
#3605 = PLANE('',#3606);
#3606 = AXIS2_PLACEMENT_3D('',#3607,#3608,#3609);
#3607 = CARTESIAN_POINT('',(10.8,-2.05,1.1));
#3608 = DIRECTION('',(1.,-1.224646799147E-16,0.));
#3609 = DIRECTION('',(-1.359631073446E-32,-1.110223024625E-16,-1.));
#3610 = ADVANCED_FACE('',(#3611),#3629,.F.);
#3611 = FACE_BOUND('',#3612,.F.);
#3612 = EDGE_LOOP('',(#3613,#3614,#3622,#3628));
#3613 = ORIENTED_EDGE('',*,*,#1312,.T.);
#3614 = ORIENTED_EDGE('',*,*,#3615,.T.);
#3615 = EDGE_CURVE('',#1305,#3616,#3618,.T.);
#3616 = VERTEX_POINT('',#3617);
#3617 = CARTESIAN_POINT('',(9.2,-3.95,1.1));
#3618 = LINE('',#3619,#3620);
#3619 = CARTESIAN_POINT('',(9.2,-3.95,0.8));
#3620 = VECTOR('',#3621,1.);
#3621 = DIRECTION('',(1.359631073447E-32,1.110223024625E-16,1.));
#3622 = ORIENTED_EDGE('',*,*,#3623,.F.);
#3623 = EDGE_CURVE('',#1849,#3616,#3624,.T.);
#3624 = LINE('',#3625,#3626);
#3625 = CARTESIAN_POINT('',(9.2,-2.05,1.1));
#3626 = VECTOR('',#3627,1.);
#3627 = DIRECTION('',(-1.224646799147E-16,-1.,1.110223024625E-16));
#3628 = ORIENTED_EDGE('',*,*,#1856,.F.);
#3629 = PLANE('',#3630);
#3630 = AXIS2_PLACEMENT_3D('',#3631,#3632,#3633);
#3631 = CARTESIAN_POINT('',(9.2,-2.05,0.8));
#3632 = DIRECTION('',(-1.,1.224646799147E-16,0.));
#3633 = DIRECTION('',(1.359631073446E-32,1.110223024625E-16,1.));
#3634 = ADVANCED_FACE('',(#3635),#3653,.T.);
#3635 = FACE_BOUND('',#3636,.T.);
#3636 = EDGE_LOOP('',(#3637,#3645,#3651,#3652));
#3637 = ORIENTED_EDGE('',*,*,#3638,.T.);
#3638 = EDGE_CURVE('',#3616,#3639,#3641,.T.);
#3639 = VERTEX_POINT('',#3640);
#3640 = CARTESIAN_POINT('',(8.8,-3.95,1.1));
#3641 = LINE('',#3642,#3643);
#3642 = CARTESIAN_POINT('',(9.2,-3.95,1.1));
#3643 = VECTOR('',#3644,1.);
#3644 = DIRECTION('',(-1.,1.224646799147E-16,0.));
#3645 = ORIENTED_EDGE('',*,*,#3646,.T.);
#3646 = EDGE_CURVE('',#3639,#1297,#3647,.T.);
#3647 = LINE('',#3648,#3649);
#3648 = CARTESIAN_POINT('',(8.8,-3.95,1.1));
#3649 = VECTOR('',#3650,1.);
#3650 = DIRECTION('',(-1.359631073447E-32,-1.110223024625E-16,-1.));
#3651 = ORIENTED_EDGE('',*,*,#1304,.T.);
#3652 = ORIENTED_EDGE('',*,*,#3615,.T.);
#3653 = PLANE('',#3654);
#3654 = AXIS2_PLACEMENT_3D('',#3655,#3656,#3657);
#3655 = CARTESIAN_POINT('',(9.,-3.95,0.95));
#3656 = DIRECTION('',(-1.224646799147E-16,-1.,1.110223024625E-16));
#3657 = DIRECTION('',(-1.,1.224646799147E-16,0.));
#3658 = ADVANCED_FACE('',(#3659),#3670,.F.);
#3659 = FACE_BOUND('',#3660,.F.);
#3660 = EDGE_LOOP('',(#3661,#3667,#3668,#3669));
#3661 = ORIENTED_EDGE('',*,*,#3662,.T.);
#3662 = EDGE_CURVE('',#1841,#3639,#3663,.T.);
#3663 = LINE('',#3664,#3665);
#3664 = CARTESIAN_POINT('',(8.8,-2.05,1.1));
#3665 = VECTOR('',#3666,1.);
#3666 = DIRECTION('',(-1.224646799147E-16,-1.,1.110223024625E-16));
#3667 = ORIENTED_EDGE('',*,*,#3646,.T.);
#3668 = ORIENTED_EDGE('',*,*,#1296,.F.);
#3669 = ORIENTED_EDGE('',*,*,#1840,.F.);
#3670 = PLANE('',#3671);
#3671 = AXIS2_PLACEMENT_3D('',#3672,#3673,#3674);
#3672 = CARTESIAN_POINT('',(8.8,-2.05,1.1));
#3673 = DIRECTION('',(1.,-1.224646799147E-16,0.));
#3674 = DIRECTION('',(-1.359631073446E-32,-1.110223024625E-16,-1.));
#3675 = ADVANCED_FACE('',(#3676),#3694,.F.);
#3676 = FACE_BOUND('',#3677,.F.);
#3677 = EDGE_LOOP('',(#3678,#3679,#3687,#3693));
#3678 = ORIENTED_EDGE('',*,*,#1280,.T.);
#3679 = ORIENTED_EDGE('',*,*,#3680,.T.);
#3680 = EDGE_CURVE('',#1273,#3681,#3683,.T.);
#3681 = VERTEX_POINT('',#3682);
#3682 = CARTESIAN_POINT('',(7.2,-3.95,1.1));
#3683 = LINE('',#3684,#3685);
#3684 = CARTESIAN_POINT('',(7.2,-3.95,0.8));
#3685 = VECTOR('',#3686,1.);
#3686 = DIRECTION('',(1.359631073447E-32,1.110223024625E-16,1.));
#3687 = ORIENTED_EDGE('',*,*,#3688,.F.);
#3688 = EDGE_CURVE('',#1826,#3681,#3689,.T.);
#3689 = LINE('',#3690,#3691);
#3690 = CARTESIAN_POINT('',(7.2,-2.05,1.1));
#3691 = VECTOR('',#3692,1.);
#3692 = DIRECTION('',(-1.224646799147E-16,-1.,1.110223024625E-16));
#3693 = ORIENTED_EDGE('',*,*,#1833,.F.);
#3694 = PLANE('',#3695);
#3695 = AXIS2_PLACEMENT_3D('',#3696,#3697,#3698);
#3696 = CARTESIAN_POINT('',(7.2,-2.05,0.8));
#3697 = DIRECTION('',(-1.,1.224646799147E-16,0.));
#3698 = DIRECTION('',(1.359631073446E-32,1.110223024625E-16,1.));
#3699 = ADVANCED_FACE('',(#3700),#3718,.T.);
#3700 = FACE_BOUND('',#3701,.T.);
#3701 = EDGE_LOOP('',(#3702,#3710,#3716,#3717));
#3702 = ORIENTED_EDGE('',*,*,#3703,.T.);
#3703 = EDGE_CURVE('',#3681,#3704,#3706,.T.);
#3704 = VERTEX_POINT('',#3705);
#3705 = CARTESIAN_POINT('',(6.8,-3.95,1.1));
#3706 = LINE('',#3707,#3708);
#3707 = CARTESIAN_POINT('',(7.2,-3.95,1.1));
#3708 = VECTOR('',#3709,1.);
#3709 = DIRECTION('',(-1.,1.224646799147E-16,0.));
#3710 = ORIENTED_EDGE('',*,*,#3711,.T.);
#3711 = EDGE_CURVE('',#3704,#1265,#3712,.T.);
#3712 = LINE('',#3713,#3714);
#3713 = CARTESIAN_POINT('',(6.8,-3.95,1.1));
#3714 = VECTOR('',#3715,1.);
#3715 = DIRECTION('',(-1.359631073447E-32,-1.110223024625E-16,-1.));
#3716 = ORIENTED_EDGE('',*,*,#1272,.T.);
#3717 = ORIENTED_EDGE('',*,*,#3680,.T.);
#3718 = PLANE('',#3719);
#3719 = AXIS2_PLACEMENT_3D('',#3720,#3721,#3722);
#3720 = CARTESIAN_POINT('',(7.,-3.95,0.95));
#3721 = DIRECTION('',(-1.224646799147E-16,-1.,1.110223024625E-16));
#3722 = DIRECTION('',(-1.,1.224646799147E-16,0.));
#3723 = ADVANCED_FACE('',(#3724),#3735,.F.);
#3724 = FACE_BOUND('',#3725,.F.);
#3725 = EDGE_LOOP('',(#3726,#3732,#3733,#3734));
#3726 = ORIENTED_EDGE('',*,*,#3727,.T.);
#3727 = EDGE_CURVE('',#1818,#3704,#3728,.T.);
#3728 = LINE('',#3729,#3730);
#3729 = CARTESIAN_POINT('',(6.8,-2.05,1.1));
#3730 = VECTOR('',#3731,1.);
#3731 = DIRECTION('',(-1.224646799147E-16,-1.,1.110223024625E-16));
#3732 = ORIENTED_EDGE('',*,*,#3711,.T.);
#3733 = ORIENTED_EDGE('',*,*,#1264,.F.);
#3734 = ORIENTED_EDGE('',*,*,#1817,.F.);
#3735 = PLANE('',#3736);
#3736 = AXIS2_PLACEMENT_3D('',#3737,#3738,#3739);
#3737 = CARTESIAN_POINT('',(6.8,-2.05,1.1));
#3738 = DIRECTION('',(1.,-1.224646799147E-16,0.));
#3739 = DIRECTION('',(-1.359631073446E-32,-1.110223024625E-16,-1.));
#3740 = ADVANCED_FACE('',(#3741),#3759,.F.);
#3741 = FACE_BOUND('',#3742,.F.);
#3742 = EDGE_LOOP('',(#3743,#3744,#3752,#3758));
#3743 = ORIENTED_EDGE('',*,*,#1248,.T.);
#3744 = ORIENTED_EDGE('',*,*,#3745,.T.);
#3745 = EDGE_CURVE('',#1241,#3746,#3748,.T.);
#3746 = VERTEX_POINT('',#3747);
#3747 = CARTESIAN_POINT('',(5.2,-3.95,1.1));
#3748 = LINE('',#3749,#3750);
#3749 = CARTESIAN_POINT('',(5.2,-3.95,0.8));
#3750 = VECTOR('',#3751,1.);
#3751 = DIRECTION('',(1.359631073447E-32,1.110223024625E-16,1.));
#3752 = ORIENTED_EDGE('',*,*,#3753,.F.);
#3753 = EDGE_CURVE('',#1803,#3746,#3754,.T.);
#3754 = LINE('',#3755,#3756);
#3755 = CARTESIAN_POINT('',(5.2,-2.05,1.1));
#3756 = VECTOR('',#3757,1.);
#3757 = DIRECTION('',(-1.224646799147E-16,-1.,1.110223024625E-16));
#3758 = ORIENTED_EDGE('',*,*,#1810,.F.);
#3759 = PLANE('',#3760);
#3760 = AXIS2_PLACEMENT_3D('',#3761,#3762,#3763);
#3761 = CARTESIAN_POINT('',(5.2,-2.05,0.8));
#3762 = DIRECTION('',(-1.,1.224646799147E-16,0.));
#3763 = DIRECTION('',(1.359631073446E-32,1.110223024625E-16,1.));
#3764 = ADVANCED_FACE('',(#3765),#3783,.T.);
#3765 = FACE_BOUND('',#3766,.T.);
#3766 = EDGE_LOOP('',(#3767,#3775,#3781,#3782));
#3767 = ORIENTED_EDGE('',*,*,#3768,.T.);
#3768 = EDGE_CURVE('',#3746,#3769,#3771,.T.);
#3769 = VERTEX_POINT('',#3770);
#3770 = CARTESIAN_POINT('',(4.8,-3.95,1.1));
#3771 = LINE('',#3772,#3773);
#3772 = CARTESIAN_POINT('',(5.2,-3.95,1.1));
#3773 = VECTOR('',#3774,1.);
#3774 = DIRECTION('',(-1.,1.224646799147E-16,0.));
#3775 = ORIENTED_EDGE('',*,*,#3776,.T.);
#3776 = EDGE_CURVE('',#3769,#1233,#3777,.T.);
#3777 = LINE('',#3778,#3779);
#3778 = CARTESIAN_POINT('',(4.8,-3.95,1.1));
#3779 = VECTOR('',#3780,1.);
#3780 = DIRECTION('',(-1.359631073447E-32,-1.110223024625E-16,-1.));
#3781 = ORIENTED_EDGE('',*,*,#1240,.T.);
#3782 = ORIENTED_EDGE('',*,*,#3745,.T.);
#3783 = PLANE('',#3784);
#3784 = AXIS2_PLACEMENT_3D('',#3785,#3786,#3787);
#3785 = CARTESIAN_POINT('',(5.,-3.95,0.95));
#3786 = DIRECTION('',(-1.224646799147E-16,-1.,1.110223024625E-16));
#3787 = DIRECTION('',(-1.,1.224646799147E-16,0.));
#3788 = ADVANCED_FACE('',(#3789),#3800,.F.);
#3789 = FACE_BOUND('',#3790,.F.);
#3790 = EDGE_LOOP('',(#3791,#3797,#3798,#3799));
#3791 = ORIENTED_EDGE('',*,*,#3792,.T.);
#3792 = EDGE_CURVE('',#1795,#3769,#3793,.T.);
#3793 = LINE('',#3794,#3795);
#3794 = CARTESIAN_POINT('',(4.8,-2.05,1.1));
#3795 = VECTOR('',#3796,1.);
#3796 = DIRECTION('',(-1.224646799147E-16,-1.,1.110223024625E-16));
#3797 = ORIENTED_EDGE('',*,*,#3776,.T.);
#3798 = ORIENTED_EDGE('',*,*,#1232,.F.);
#3799 = ORIENTED_EDGE('',*,*,#1794,.F.);
#3800 = PLANE('',#3801);
#3801 = AXIS2_PLACEMENT_3D('',#3802,#3803,#3804);
#3802 = CARTESIAN_POINT('',(4.8,-2.05,1.1));
#3803 = DIRECTION('',(1.,-1.224646799147E-16,0.));
#3804 = DIRECTION('',(-1.359631073446E-32,-1.110223024625E-16,-1.));
#3805 = ADVANCED_FACE('',(#3806),#3824,.F.);
#3806 = FACE_BOUND('',#3807,.F.);
#3807 = EDGE_LOOP('',(#3808,#3809,#3817,#3823));
#3808 = ORIENTED_EDGE('',*,*,#1216,.T.);
#3809 = ORIENTED_EDGE('',*,*,#3810,.T.);
#3810 = EDGE_CURVE('',#1209,#3811,#3813,.T.);
#3811 = VERTEX_POINT('',#3812);
#3812 = CARTESIAN_POINT('',(3.2,-3.95,1.1));
#3813 = LINE('',#3814,#3815);
#3814 = CARTESIAN_POINT('',(3.2,-3.95,0.8));
#3815 = VECTOR('',#3816,1.);
#3816 = DIRECTION('',(1.359631073447E-32,1.110223024625E-16,1.));
#3817 = ORIENTED_EDGE('',*,*,#3818,.F.);
#3818 = EDGE_CURVE('',#1780,#3811,#3819,.T.);
#3819 = LINE('',#3820,#3821);
#3820 = CARTESIAN_POINT('',(3.2,-2.05,1.1));
#3821 = VECTOR('',#3822,1.);
#3822 = DIRECTION('',(-1.224646799147E-16,-1.,1.110223024625E-16));
#3823 = ORIENTED_EDGE('',*,*,#1787,.F.);
#3824 = PLANE('',#3825);
#3825 = AXIS2_PLACEMENT_3D('',#3826,#3827,#3828);
#3826 = CARTESIAN_POINT('',(3.2,-2.05,0.8));
#3827 = DIRECTION('',(-1.,1.224646799147E-16,0.));
#3828 = DIRECTION('',(1.359631073446E-32,1.110223024625E-16,1.));
#3829 = ADVANCED_FACE('',(#3830),#3848,.T.);
#3830 = FACE_BOUND('',#3831,.T.);
#3831 = EDGE_LOOP('',(#3832,#3840,#3846,#3847));
#3832 = ORIENTED_EDGE('',*,*,#3833,.T.);
#3833 = EDGE_CURVE('',#3811,#3834,#3836,.T.);
#3834 = VERTEX_POINT('',#3835);
#3835 = CARTESIAN_POINT('',(2.8,-3.95,1.1));
#3836 = LINE('',#3837,#3838);
#3837 = CARTESIAN_POINT('',(3.2,-3.95,1.1));
#3838 = VECTOR('',#3839,1.);
#3839 = DIRECTION('',(-1.,1.224646799147E-16,0.));
#3840 = ORIENTED_EDGE('',*,*,#3841,.T.);
#3841 = EDGE_CURVE('',#3834,#1201,#3842,.T.);
#3842 = LINE('',#3843,#3844);
#3843 = CARTESIAN_POINT('',(2.8,-3.95,1.1));
#3844 = VECTOR('',#3845,1.);
#3845 = DIRECTION('',(-1.359631073447E-32,-1.110223024625E-16,-1.));
#3846 = ORIENTED_EDGE('',*,*,#1208,.T.);
#3847 = ORIENTED_EDGE('',*,*,#3810,.T.);
#3848 = PLANE('',#3849);
#3849 = AXIS2_PLACEMENT_3D('',#3850,#3851,#3852);
#3850 = CARTESIAN_POINT('',(3.,-3.95,0.95));
#3851 = DIRECTION('',(-1.224646799147E-16,-1.,1.110223024625E-16));
#3852 = DIRECTION('',(-1.,1.224646799147E-16,0.));
#3853 = ADVANCED_FACE('',(#3854),#3865,.F.);
#3854 = FACE_BOUND('',#3855,.F.);
#3855 = EDGE_LOOP('',(#3856,#3862,#3863,#3864));
#3856 = ORIENTED_EDGE('',*,*,#3857,.T.);
#3857 = EDGE_CURVE('',#1772,#3834,#3858,.T.);
#3858 = LINE('',#3859,#3860);
#3859 = CARTESIAN_POINT('',(2.8,-2.05,1.1));
#3860 = VECTOR('',#3861,1.);
#3861 = DIRECTION('',(-1.224646799147E-16,-1.,1.110223024625E-16));
#3862 = ORIENTED_EDGE('',*,*,#3841,.T.);
#3863 = ORIENTED_EDGE('',*,*,#1200,.F.);
#3864 = ORIENTED_EDGE('',*,*,#1771,.F.);
#3865 = PLANE('',#3866);
#3866 = AXIS2_PLACEMENT_3D('',#3867,#3868,#3869);
#3867 = CARTESIAN_POINT('',(2.8,-2.05,1.1));
#3868 = DIRECTION('',(1.,-1.224646799147E-16,0.));
#3869 = DIRECTION('',(-1.359631073446E-32,-1.110223024625E-16,-1.));
#3870 = ADVANCED_FACE('',(#3871),#3889,.F.);
#3871 = FACE_BOUND('',#3872,.F.);
#3872 = EDGE_LOOP('',(#3873,#3874,#3882,#3888));
#3873 = ORIENTED_EDGE('',*,*,#1184,.T.);
#3874 = ORIENTED_EDGE('',*,*,#3875,.T.);
#3875 = EDGE_CURVE('',#1177,#3876,#3878,.T.);
#3876 = VERTEX_POINT('',#3877);
#3877 = CARTESIAN_POINT('',(1.2,-3.95,1.1));
#3878 = LINE('',#3879,#3880);
#3879 = CARTESIAN_POINT('',(1.2,-3.95,0.8));
#3880 = VECTOR('',#3881,1.);
#3881 = DIRECTION('',(1.359631073447E-32,1.110223024625E-16,1.));
#3882 = ORIENTED_EDGE('',*,*,#3883,.F.);
#3883 = EDGE_CURVE('',#1757,#3876,#3884,.T.);
#3884 = LINE('',#3885,#3886);
#3885 = CARTESIAN_POINT('',(1.2,-2.05,1.1));
#3886 = VECTOR('',#3887,1.);
#3887 = DIRECTION('',(-1.224646799147E-16,-1.,1.110223024625E-16));
#3888 = ORIENTED_EDGE('',*,*,#1764,.F.);
#3889 = PLANE('',#3890);
#3890 = AXIS2_PLACEMENT_3D('',#3891,#3892,#3893);
#3891 = CARTESIAN_POINT('',(1.2,-2.05,0.8));
#3892 = DIRECTION('',(-1.,1.224646799147E-16,0.));
#3893 = DIRECTION('',(1.359631073446E-32,1.110223024625E-16,1.));
#3894 = ADVANCED_FACE('',(#3895),#3913,.T.);
#3895 = FACE_BOUND('',#3896,.T.);
#3896 = EDGE_LOOP('',(#3897,#3905,#3911,#3912));
#3897 = ORIENTED_EDGE('',*,*,#3898,.T.);
#3898 = EDGE_CURVE('',#3876,#3899,#3901,.T.);
#3899 = VERTEX_POINT('',#3900);
#3900 = CARTESIAN_POINT('',(0.8,-3.95,1.1));
#3901 = LINE('',#3902,#3903);
#3902 = CARTESIAN_POINT('',(1.2,-3.95,1.1));
#3903 = VECTOR('',#3904,1.);
#3904 = DIRECTION('',(-1.,1.224646799147E-16,0.));
#3905 = ORIENTED_EDGE('',*,*,#3906,.T.);
#3906 = EDGE_CURVE('',#3899,#1169,#3907,.T.);
#3907 = LINE('',#3908,#3909);
#3908 = CARTESIAN_POINT('',(0.8,-3.95,1.1));
#3909 = VECTOR('',#3910,1.);
#3910 = DIRECTION('',(-1.359631073447E-32,-1.110223024625E-16,-1.));
#3911 = ORIENTED_EDGE('',*,*,#1176,.T.);
#3912 = ORIENTED_EDGE('',*,*,#3875,.T.);
#3913 = PLANE('',#3914);
#3914 = AXIS2_PLACEMENT_3D('',#3915,#3916,#3917);
#3915 = CARTESIAN_POINT('',(1.,-3.95,0.95));
#3916 = DIRECTION('',(-1.224646799147E-16,-1.,1.110223024625E-16));
#3917 = DIRECTION('',(-1.,1.224646799147E-16,0.));
#3918 = ADVANCED_FACE('',(#3919),#3930,.F.);
#3919 = FACE_BOUND('',#3920,.F.);
#3920 = EDGE_LOOP('',(#3921,#3927,#3928,#3929));
#3921 = ORIENTED_EDGE('',*,*,#3922,.T.);
#3922 = EDGE_CURVE('',#1749,#3899,#3923,.T.);
#3923 = LINE('',#3924,#3925);
#3924 = CARTESIAN_POINT('',(0.8,-2.05,1.1));
#3925 = VECTOR('',#3926,1.);
#3926 = DIRECTION('',(-1.224646799147E-16,-1.,1.110223024625E-16));
#3927 = ORIENTED_EDGE('',*,*,#3906,.T.);
#3928 = ORIENTED_EDGE('',*,*,#1168,.F.);
#3929 = ORIENTED_EDGE('',*,*,#1748,.F.);
#3930 = PLANE('',#3931);
#3931 = AXIS2_PLACEMENT_3D('',#3932,#3933,#3934);
#3932 = CARTESIAN_POINT('',(0.8,-2.05,1.1));
#3933 = DIRECTION('',(1.,-1.224646799147E-16,0.));
#3934 = DIRECTION('',(-1.359631073446E-32,-1.110223024625E-16,-1.));
#3935 = ADVANCED_FACE('',(#3936),#3947,.T.);
#3936 = FACE_BOUND('',#3937,.T.);
#3937 = EDGE_LOOP('',(#3938,#3939,#3940,#3941));
#3938 = ORIENTED_EDGE('',*,*,#1442,.T.);
#3939 = ORIENTED_EDGE('',*,*,#3208,.T.);
#3940 = ORIENTED_EDGE('',*,*,#1523,.T.);
#3941 = ORIENTED_EDGE('',*,*,#3942,.F.);
#3942 = EDGE_CURVE('',#1434,#1515,#3943,.T.);
#3943 = LINE('',#3944,#3945);
#3944 = CARTESIAN_POINT('',(15.95,-4.65,3.3));
#3945 = VECTOR('',#3946,1.);
#3946 = DIRECTION('',(-1.,1.224646799147E-16,0.));
#3947 = PLANE('',#3948);
#3948 = AXIS2_PLACEMENT_3D('',#3949,#3950,#3951);
#3949 = CARTESIAN_POINT('',(15.95,-6.25,3.3));
#3950 = DIRECTION('',(-1.359631073447E-32,-1.110223024625E-16,-1.));
#3951 = DIRECTION('',(1.224646799147E-16,1.,-1.110223024625E-16));
#3952 = ADVANCED_FACE('',(#3953),#3959,.F.);
#3953 = FACE_BOUND('',#3954,.F.);
#3954 = EDGE_LOOP('',(#3955,#3956,#3957,#3958));
#3955 = ORIENTED_EDGE('',*,*,#1457,.T.);
#3956 = ORIENTED_EDGE('',*,*,#1514,.T.);
#3957 = ORIENTED_EDGE('',*,*,#3942,.F.);
#3958 = ORIENTED_EDGE('',*,*,#1433,.F.);
#3959 = CYLINDRICAL_SURFACE('',#3960,0.4);
#3960 = AXIS2_PLACEMENT_3D('',#3961,#3962,#3963);
#3961 = CARTESIAN_POINT('',(15.95,-4.65,2.9));
#3962 = DIRECTION('',(1.,-1.224646799147E-16,0.));
#3963 = DIRECTION('',(1.359631073446E-32,1.110223024625E-16,1.));
#3964 = ADVANCED_FACE('',(#3965),#3976,.F.);
#3965 = FACE_BOUND('',#3966,.F.);
#3966 = EDGE_LOOP('',(#3967,#3968,#3969,#3975));
#3967 = ORIENTED_EDGE('',*,*,#3287,.T.);
#3968 = ORIENTED_EDGE('',*,*,#1490,.T.);
#3969 = ORIENTED_EDGE('',*,*,#3970,.F.);
#3970 = EDGE_CURVE('',#1586,#1491,#3971,.T.);
#3971 = LINE('',#3972,#3973);
#3972 = CARTESIAN_POINT('',(-0.95,1.35,3.2));
#3973 = VECTOR('',#3974,1.);
#3974 = DIRECTION('',(-1.,1.224646799147E-16,0.));
#3975 = ORIENTED_EDGE('',*,*,#1585,.F.);
#3976 = PLANE('',#3977);
#3977 = AXIS2_PLACEMENT_3D('',#3978,#3979,#3980);
#3978 = CARTESIAN_POINT('',(-0.95,-0.25,4.1));
#3979 = DIRECTION('',(-6.003968578616E-17,-0.490261239633,
    -0.871575537124));
#3980 = DIRECTION('',(1.067372191754E-16,0.871575537124,-0.490261239633)
  );
#3981 = ADVANCED_FACE('',(#3982),#3988,.F.);
#3982 = FACE_BOUND('',#3983,.F.);
#3983 = EDGE_LOOP('',(#3984,#3985,#3986,#3987));
#3984 = ORIENTED_EDGE('',*,*,#3970,.T.);
#3985 = ORIENTED_EDGE('',*,*,#1498,.T.);
#3986 = ORIENTED_EDGE('',*,*,#1553,.F.);
#3987 = ORIENTED_EDGE('',*,*,#1593,.F.);
#3988 = PLANE('',#3989);
#3989 = AXIS2_PLACEMENT_3D('',#3990,#3991,#3992);
#3990 = CARTESIAN_POINT('',(-0.95,1.35,3.2));
#3991 = DIRECTION('',(-1.224646799147E-16,-1.,0.));
#3992 = DIRECTION('',(-0.,0.,-1.));
#3993 = ADVANCED_FACE('',(#3994),#4012,.F.);
#3994 = FACE_BOUND('',#3995,.F.);
#3995 = EDGE_LOOP('',(#3996,#3997,#4003,#4004,#4010,#4011));
#3996 = ORIENTED_EDGE('',*,*,#3280,.F.);
#3997 = ORIENTED_EDGE('',*,*,#3998,.F.);
#3998 = EDGE_CURVE('',#3108,#3271,#3999,.T.);
#3999 = LINE('',#4000,#4001);
#4000 = CARTESIAN_POINT('',(-1.4,-4.45,4.8));
#4001 = VECTOR('',#4002,1.);
#4002 = DIRECTION('',(1.224646799147E-16,1.,-1.110223024625E-16));
#4003 = ORIENTED_EDGE('',*,*,#3115,.F.);
#4004 = ORIENTED_EDGE('',*,*,#4005,.T.);
#4005 = EDGE_CURVE('',#3116,#3194,#4006,.T.);
#4006 = LINE('',#4007,#4008);
#4007 = CARTESIAN_POINT('',(-0.95,-4.45,4.8));
#4008 = VECTOR('',#4009,1.);
#4009 = DIRECTION('',(-1.224646799147E-16,-1.,1.110223024625E-16));
#4010 = ORIENTED_EDGE('',*,*,#3201,.T.);
#4011 = ORIENTED_EDGE('',*,*,#1539,.F.);
#4012 = PLANE('',#4013);
#4013 = AXIS2_PLACEMENT_3D('',#4014,#4015,#4016);
#4014 = CARTESIAN_POINT('',(15.95,-0.25,4.8));
#4015 = DIRECTION('',(-1.359631073447E-32,-1.110223024625E-16,-1.));
#4016 = DIRECTION('',(-1.,1.224646799147E-16,6.927121900793E-45));
#4017 = ADVANCED_FACE('',(#4018),#4030,.T.);
#4018 = FACE_BOUND('',#4019,.T.);
#4019 = EDGE_LOOP('',(#4020,#4021,#4022,#4023,#4029));
#4020 = ORIENTED_EDGE('',*,*,#3998,.F.);
#4021 = ORIENTED_EDGE('',*,*,#3107,.T.);
#4022 = ORIENTED_EDGE('',*,*,#1668,.T.);
#4023 = ORIENTED_EDGE('',*,*,#4024,.T.);
#4024 = EDGE_CURVE('',#1669,#3273,#4025,.T.);
#4025 = LINE('',#4026,#4027);
#4026 = CARTESIAN_POINT('',(-1.4,-4.45,4.2));
#4027 = VECTOR('',#4028,1.);
#4028 = DIRECTION('',(1.224646799147E-16,1.,-1.110223024625E-16));
#4029 = ORIENTED_EDGE('',*,*,#3270,.F.);
#4030 = PLANE('',#4031);
#4031 = AXIS2_PLACEMENT_3D('',#4032,#4033,#4034);
#4032 = CARTESIAN_POINT('',(-1.4,-4.45,4.8));
#4033 = DIRECTION('',(1.,-1.224646799147E-16,0.));
#4034 = DIRECTION('',(1.224646799147E-16,1.,-1.110223024625E-16));
#4035 = ADVANCED_FACE('',(#4036),#4042,.F.);
#4036 = FACE_BOUND('',#4037,.F.);
#4037 = EDGE_LOOP('',(#4038,#4039,#4040,#4041));
#4038 = ORIENTED_EDGE('',*,*,#3493,.T.);
#4039 = ORIENTED_EDGE('',*,*,#3508,.T.);
#4040 = ORIENTED_EDGE('',*,*,#3532,.F.);
#4041 = ORIENTED_EDGE('',*,*,#1894,.F.);
#4042 = PLANE('',#4043);
#4043 = AXIS2_PLACEMENT_3D('',#4044,#4045,#4046);
#4044 = CARTESIAN_POINT('',(13.2,-2.05,1.1));
#4045 = DIRECTION('',(-1.359631073447E-32,-1.110223024625E-16,-1.));
#4046 = DIRECTION('',(-1.,1.224646799147E-16,6.927121900793E-45));
#4047 = ADVANCED_FACE('',(#4048),#4054,.F.);
#4048 = FACE_BOUND('',#4049,.F.);
#4049 = EDGE_LOOP('',(#4050,#4051,#4052,#4053));
#4050 = ORIENTED_EDGE('',*,*,#3558,.T.);
#4051 = ORIENTED_EDGE('',*,*,#3573,.T.);
#4052 = ORIENTED_EDGE('',*,*,#3597,.F.);
#4053 = ORIENTED_EDGE('',*,*,#1871,.F.);
#4054 = PLANE('',#4055);
#4055 = AXIS2_PLACEMENT_3D('',#4056,#4057,#4058);
#4056 = CARTESIAN_POINT('',(11.2,-2.05,1.1));
#4057 = DIRECTION('',(-1.359631073447E-32,-1.110223024625E-16,-1.));
#4058 = DIRECTION('',(-1.,1.224646799147E-16,6.927121900793E-45));
#4059 = ADVANCED_FACE('',(#4060),#4068,.F.);
#4060 = FACE_BOUND('',#4061,.F.);
#4061 = EDGE_LOOP('',(#4062,#4063,#4064,#4065,#4066,#4067));
#4062 = ORIENTED_EDGE('',*,*,#1739,.T.);
#4063 = ORIENTED_EDGE('',*,*,#4024,.T.);
#4064 = ORIENTED_EDGE('',*,*,#3303,.T.);
#4065 = ORIENTED_EDGE('',*,*,#3318,.F.);
#4066 = ORIENTED_EDGE('',*,*,#3051,.T.);
#4067 = ORIENTED_EDGE('',*,*,#3083,.T.);
#4068 = PLANE('',#4069);
#4069 = AXIS2_PLACEMENT_3D('',#4070,#4071,#4072);
#4070 = CARTESIAN_POINT('',(-0.9,-2.35,4.2));
#4071 = DIRECTION('',(1.569340325403E-30,-1.110223024625E-16,-1.));
#4072 = DIRECTION('',(-1.,1.224646799147E-16,-1.582936636137E-30));
#4073 = ADVANCED_FACE('',(#4074),#4080,.F.);
#4074 = FACE_BOUND('',#4075,.F.);
#4075 = EDGE_LOOP('',(#4076,#4077,#4078,#4079));
#4076 = ORIENTED_EDGE('',*,*,#3623,.T.);
#4077 = ORIENTED_EDGE('',*,*,#3638,.T.);
#4078 = ORIENTED_EDGE('',*,*,#3662,.F.);
#4079 = ORIENTED_EDGE('',*,*,#1848,.F.);
#4080 = PLANE('',#4081);
#4081 = AXIS2_PLACEMENT_3D('',#4082,#4083,#4084);
#4082 = CARTESIAN_POINT('',(9.2,-2.05,1.1));
#4083 = DIRECTION('',(-1.359631073447E-32,-1.110223024625E-16,-1.));
#4084 = DIRECTION('',(-1.,1.224646799147E-16,6.927121900793E-45));
#4085 = ADVANCED_FACE('',(#4086),#4092,.F.);
#4086 = FACE_BOUND('',#4087,.F.);
#4087 = EDGE_LOOP('',(#4088,#4089,#4090,#4091));
#4088 = ORIENTED_EDGE('',*,*,#3883,.T.);
#4089 = ORIENTED_EDGE('',*,*,#3898,.T.);
#4090 = ORIENTED_EDGE('',*,*,#3922,.F.);
#4091 = ORIENTED_EDGE('',*,*,#1756,.F.);
#4092 = PLANE('',#4093);
#4093 = AXIS2_PLACEMENT_3D('',#4094,#4095,#4096);
#4094 = CARTESIAN_POINT('',(1.2,-2.05,1.1));
#4095 = DIRECTION('',(-1.359631073447E-32,-1.110223024625E-16,-1.));
#4096 = DIRECTION('',(-1.,1.224646799147E-16,6.927121900793E-45));
#4097 = ADVANCED_FACE('',(#4098),#4104,.F.);
#4098 = FACE_BOUND('',#4099,.F.);
#4099 = EDGE_LOOP('',(#4100,#4101,#4102,#4103));
#4100 = ORIENTED_EDGE('',*,*,#3688,.T.);
#4101 = ORIENTED_EDGE('',*,*,#3703,.T.);
#4102 = ORIENTED_EDGE('',*,*,#3727,.F.);
#4103 = ORIENTED_EDGE('',*,*,#1825,.F.);
#4104 = PLANE('',#4105);
#4105 = AXIS2_PLACEMENT_3D('',#4106,#4107,#4108);
#4106 = CARTESIAN_POINT('',(7.2,-2.05,1.1));
#4107 = DIRECTION('',(-1.359631073447E-32,-1.110223024625E-16,-1.));
#4108 = DIRECTION('',(-1.,1.224646799147E-16,6.927121900793E-45));
#4109 = ADVANCED_FACE('',(#4110),#4116,.F.);
#4110 = FACE_BOUND('',#4111,.F.);
#4111 = EDGE_LOOP('',(#4112,#4113,#4114,#4115));
#4112 = ORIENTED_EDGE('',*,*,#3818,.T.);
#4113 = ORIENTED_EDGE('',*,*,#3833,.T.);
#4114 = ORIENTED_EDGE('',*,*,#3857,.F.);
#4115 = ORIENTED_EDGE('',*,*,#1779,.F.);
#4116 = PLANE('',#4117);
#4117 = AXIS2_PLACEMENT_3D('',#4118,#4119,#4120);
#4118 = CARTESIAN_POINT('',(3.2,-2.05,1.1));
#4119 = DIRECTION('',(-1.359631073447E-32,-1.110223024625E-16,-1.));
#4120 = DIRECTION('',(-1.,1.224646799147E-16,6.927121900793E-45));
#4121 = ADVANCED_FACE('',(#4122),#4128,.F.);
#4122 = FACE_BOUND('',#4123,.F.);
#4123 = EDGE_LOOP('',(#4124,#4125,#4126,#4127));
#4124 = ORIENTED_EDGE('',*,*,#3753,.T.);
#4125 = ORIENTED_EDGE('',*,*,#3768,.T.);
#4126 = ORIENTED_EDGE('',*,*,#3792,.F.);
#4127 = ORIENTED_EDGE('',*,*,#1802,.F.);
#4128 = PLANE('',#4129);
#4129 = AXIS2_PLACEMENT_3D('',#4130,#4131,#4132);
#4130 = CARTESIAN_POINT('',(5.2,-2.05,1.1));
#4131 = DIRECTION('',(-1.359631073447E-32,-1.110223024625E-16,-1.));
#4132 = DIRECTION('',(-1.,1.224646799147E-16,6.927121900793E-45));
#4133 = ADVANCED_FACE('',(#4134),#4159,.T.);
#4134 = FACE_BOUND('',#4135,.T.);
#4135 = EDGE_LOOP('',(#4136,#4146,#4152,#4153));
#4136 = ORIENTED_EDGE('',*,*,#4137,.T.);
#4137 = EDGE_CURVE('',#4138,#4140,#4142,.T.);
#4138 = VERTEX_POINT('',#4139);
#4139 = CARTESIAN_POINT('',(9.75,-5.55,2.85));
#4140 = VERTEX_POINT('',#4141);
#4141 = CARTESIAN_POINT('',(9.75,-5.55,3.35));
#4142 = LINE('',#4143,#4144);
#4143 = CARTESIAN_POINT('',(9.75,-5.55,2.85));
#4144 = VECTOR('',#4145,1.);
#4145 = DIRECTION('',(0.,0.,1.));
#4146 = ORIENTED_EDGE('',*,*,#4147,.T.);
#4147 = EDGE_CURVE('',#4140,#1903,#4148,.T.);
#4148 = LINE('',#4149,#4150);
#4149 = CARTESIAN_POINT('',(9.75,-5.75,3.35));
#4150 = VECTOR('',#4151,1.);
#4151 = DIRECTION('',(1.224646799147E-16,1.,0.));
#4152 = ORIENTED_EDGE('',*,*,#1902,.T.);
#4153 = ORIENTED_EDGE('',*,*,#4154,.T.);
#4154 = EDGE_CURVE('',#1905,#4138,#4155,.T.);
#4155 = LINE('',#4156,#4157);
#4156 = CARTESIAN_POINT('',(9.75,-0.25,2.85));
#4157 = VECTOR('',#4158,1.);
#4158 = DIRECTION('',(-1.224646799147E-16,-1.,0.));
#4159 = PLANE('',#4160);
#4160 = AXIS2_PLACEMENT_3D('',#4161,#4162,#4163);
#4161 = CARTESIAN_POINT('',(9.75,-1.401960784314,1.323039215686));
#4162 = DIRECTION('',(-1.,1.224646799147E-16,0.));
#4163 = DIRECTION('',(0.,0.,1.));
#4164 = ADVANCED_FACE('',(#4165),#4183,.F.);
#4165 = FACE_BOUND('',#4166,.F.);
#4166 = EDGE_LOOP('',(#4167,#4175,#4176,#4177));
#4167 = ORIENTED_EDGE('',*,*,#4168,.F.);
#4168 = EDGE_CURVE('',#1921,#4169,#4171,.T.);
#4169 = VERTEX_POINT('',#4170);
#4170 = CARTESIAN_POINT('',(10.25,-5.55,2.85));
#4171 = LINE('',#4172,#4173);
#4172 = CARTESIAN_POINT('',(10.25,-0.25,2.85));
#4173 = VECTOR('',#4174,1.);
#4174 = DIRECTION('',(-1.224646799147E-16,-1.,0.));
#4175 = ORIENTED_EDGE('',*,*,#1928,.T.);
#4176 = ORIENTED_EDGE('',*,*,#4154,.T.);
#4177 = ORIENTED_EDGE('',*,*,#4178,.F.);
#4178 = EDGE_CURVE('',#4169,#4138,#4179,.T.);
#4179 = LINE('',#4180,#4181);
#4180 = CARTESIAN_POINT('',(10.25,-5.55,2.85));
#4181 = VECTOR('',#4182,1.);
#4182 = DIRECTION('',(-1.,1.224646799147E-16,0.));
#4183 = PLANE('',#4184);
#4184 = AXIS2_PLACEMENT_3D('',#4185,#4186,#4187);
#4185 = CARTESIAN_POINT('',(10.25,-0.25,2.85));
#4186 = DIRECTION('',(0.,0.,1.));
#4187 = DIRECTION('',(-1.224646799147E-16,-1.,0.));
#4188 = ADVANCED_FACE('',(#4189),#4207,.F.);
#4189 = FACE_BOUND('',#4190,.F.);
#4190 = EDGE_LOOP('',(#4191,#4199,#4205,#4206));
#4191 = ORIENTED_EDGE('',*,*,#4192,.T.);
#4192 = EDGE_CURVE('',#4169,#4193,#4195,.T.);
#4193 = VERTEX_POINT('',#4194);
#4194 = CARTESIAN_POINT('',(10.25,-5.55,3.35));
#4195 = LINE('',#4196,#4197);
#4196 = CARTESIAN_POINT('',(10.25,-5.55,2.85));
#4197 = VECTOR('',#4198,1.);
#4198 = DIRECTION('',(0.,0.,1.));
#4199 = ORIENTED_EDGE('',*,*,#4200,.T.);
#4200 = EDGE_CURVE('',#4193,#1913,#4201,.T.);
#4201 = LINE('',#4202,#4203);
#4202 = CARTESIAN_POINT('',(10.25,-5.75,3.35));
#4203 = VECTOR('',#4204,1.);
#4204 = DIRECTION('',(1.224646799147E-16,1.,0.));
#4205 = ORIENTED_EDGE('',*,*,#1920,.T.);
#4206 = ORIENTED_EDGE('',*,*,#4168,.T.);
#4207 = PLANE('',#4208);
#4208 = AXIS2_PLACEMENT_3D('',#4209,#4210,#4211);
#4209 = CARTESIAN_POINT('',(10.25,-1.401960784314,1.323039215686));
#4210 = DIRECTION('',(-1.,1.224646799147E-16,0.));
#4211 = DIRECTION('',(0.,0.,1.));
#4212 = ADVANCED_FACE('',(#4213),#4224,.F.);
#4213 = FACE_BOUND('',#4214,.F.);
#4214 = EDGE_LOOP('',(#4215,#4216,#4222,#4223));
#4215 = ORIENTED_EDGE('',*,*,#4200,.F.);
#4216 = ORIENTED_EDGE('',*,*,#4217,.T.);
#4217 = EDGE_CURVE('',#4193,#4140,#4218,.T.);
#4218 = LINE('',#4219,#4220);
#4219 = CARTESIAN_POINT('',(10.25,-5.55,3.35));
#4220 = VECTOR('',#4221,1.);
#4221 = DIRECTION('',(-1.,1.224646799147E-16,0.));
#4222 = ORIENTED_EDGE('',*,*,#4147,.T.);
#4223 = ORIENTED_EDGE('',*,*,#1912,.T.);
#4224 = PLANE('',#4225);
#4225 = AXIS2_PLACEMENT_3D('',#4226,#4227,#4228);
#4226 = CARTESIAN_POINT('',(10.25,-5.75,3.35));
#4227 = DIRECTION('',(-0.,0.,-1.));
#4228 = DIRECTION('',(1.224646799147E-16,1.,0.));
#4229 = ADVANCED_FACE('',(#4230),#4255,.F.);
#4230 = FACE_BOUND('',#4231,.F.);
#4231 = EDGE_LOOP('',(#4232,#4240,#4248,#4254));
#4232 = ORIENTED_EDGE('',*,*,#4233,.F.);
#4233 = EDGE_CURVE('',#4234,#1939,#4236,.T.);
#4234 = VERTEX_POINT('',#4235);
#4235 = CARTESIAN_POINT('',(8.25,-5.55,3.35));
#4236 = LINE('',#4237,#4238);
#4237 = CARTESIAN_POINT('',(8.25,-5.75,3.35));
#4238 = VECTOR('',#4239,1.);
#4239 = DIRECTION('',(1.224646799147E-16,1.,0.));
#4240 = ORIENTED_EDGE('',*,*,#4241,.T.);
#4241 = EDGE_CURVE('',#4234,#4242,#4244,.T.);
#4242 = VERTEX_POINT('',#4243);
#4243 = CARTESIAN_POINT('',(7.75,-5.55,3.35));
#4244 = LINE('',#4245,#4246);
#4245 = CARTESIAN_POINT('',(8.25,-5.55,3.35));
#4246 = VECTOR('',#4247,1.);
#4247 = DIRECTION('',(-1.,1.224646799147E-16,0.));
#4248 = ORIENTED_EDGE('',*,*,#4249,.T.);
#4249 = EDGE_CURVE('',#4242,#1937,#4250,.T.);
#4250 = LINE('',#4251,#4252);
#4251 = CARTESIAN_POINT('',(7.75,-5.75,3.35));
#4252 = VECTOR('',#4253,1.);
#4253 = DIRECTION('',(1.224646799147E-16,1.,0.));
#4254 = ORIENTED_EDGE('',*,*,#1936,.T.);
#4255 = PLANE('',#4256);
#4256 = AXIS2_PLACEMENT_3D('',#4257,#4258,#4259);
#4257 = CARTESIAN_POINT('',(8.25,-5.75,3.35));
#4258 = DIRECTION('',(-0.,0.,-1.));
#4259 = DIRECTION('',(1.224646799147E-16,1.,0.));
#4260 = ADVANCED_FACE('',(#4261),#4279,.T.);
#4261 = FACE_BOUND('',#4262,.T.);
#4262 = EDGE_LOOP('',(#4263,#4271,#4272,#4273));
#4263 = ORIENTED_EDGE('',*,*,#4264,.T.);
#4264 = EDGE_CURVE('',#4265,#4242,#4267,.T.);
#4265 = VERTEX_POINT('',#4266);
#4266 = CARTESIAN_POINT('',(7.75,-5.55,2.85));
#4267 = LINE('',#4268,#4269);
#4268 = CARTESIAN_POINT('',(7.75,-5.55,2.85));
#4269 = VECTOR('',#4270,1.);
#4270 = DIRECTION('',(0.,0.,1.));
#4271 = ORIENTED_EDGE('',*,*,#4249,.T.);
#4272 = ORIENTED_EDGE('',*,*,#1962,.T.);
#4273 = ORIENTED_EDGE('',*,*,#4274,.T.);
#4274 = EDGE_CURVE('',#1955,#4265,#4275,.T.);
#4275 = LINE('',#4276,#4277);
#4276 = CARTESIAN_POINT('',(7.75,-0.25,2.85));
#4277 = VECTOR('',#4278,1.);
#4278 = DIRECTION('',(-1.224646799147E-16,-1.,0.));
#4279 = PLANE('',#4280);
#4280 = AXIS2_PLACEMENT_3D('',#4281,#4282,#4283);
#4281 = CARTESIAN_POINT('',(7.75,-1.401960784314,1.323039215686));
#4282 = DIRECTION('',(-1.,1.224646799147E-16,0.));
#4283 = DIRECTION('',(0.,0.,1.));
#4284 = ADVANCED_FACE('',(#4285),#4303,.F.);
#4285 = FACE_BOUND('',#4286,.F.);
#4286 = EDGE_LOOP('',(#4287,#4295,#4296,#4297));
#4287 = ORIENTED_EDGE('',*,*,#4288,.F.);
#4288 = EDGE_CURVE('',#1947,#4289,#4291,.T.);
#4289 = VERTEX_POINT('',#4290);
#4290 = CARTESIAN_POINT('',(8.25,-5.55,2.85));
#4291 = LINE('',#4292,#4293);
#4292 = CARTESIAN_POINT('',(8.25,-0.25,2.85));
#4293 = VECTOR('',#4294,1.);
#4294 = DIRECTION('',(-1.224646799147E-16,-1.,0.));
#4295 = ORIENTED_EDGE('',*,*,#1954,.T.);
#4296 = ORIENTED_EDGE('',*,*,#4274,.T.);
#4297 = ORIENTED_EDGE('',*,*,#4298,.F.);
#4298 = EDGE_CURVE('',#4289,#4265,#4299,.T.);
#4299 = LINE('',#4300,#4301);
#4300 = CARTESIAN_POINT('',(8.25,-5.55,2.85));
#4301 = VECTOR('',#4302,1.);
#4302 = DIRECTION('',(-1.,1.224646799147E-16,0.));
#4303 = PLANE('',#4304);
#4304 = AXIS2_PLACEMENT_3D('',#4305,#4306,#4307);
#4305 = CARTESIAN_POINT('',(8.25,-0.25,2.85));
#4306 = DIRECTION('',(0.,0.,1.));
#4307 = DIRECTION('',(-1.224646799147E-16,-1.,0.));
#4308 = ADVANCED_FACE('',(#4309),#4320,.F.);
#4309 = FACE_BOUND('',#4310,.F.);
#4310 = EDGE_LOOP('',(#4311,#4317,#4318,#4319));
#4311 = ORIENTED_EDGE('',*,*,#4312,.T.);
#4312 = EDGE_CURVE('',#4289,#4234,#4313,.T.);
#4313 = LINE('',#4314,#4315);
#4314 = CARTESIAN_POINT('',(8.25,-5.55,2.85));
#4315 = VECTOR('',#4316,1.);
#4316 = DIRECTION('',(0.,0.,1.));
#4317 = ORIENTED_EDGE('',*,*,#4233,.T.);
#4318 = ORIENTED_EDGE('',*,*,#1946,.T.);
#4319 = ORIENTED_EDGE('',*,*,#4288,.T.);
#4320 = PLANE('',#4321);
#4321 = AXIS2_PLACEMENT_3D('',#4322,#4323,#4324);
#4322 = CARTESIAN_POINT('',(8.25,-1.401960784314,1.323039215686));
#4323 = DIRECTION('',(-1.,1.224646799147E-16,0.));
#4324 = DIRECTION('',(0.,0.,1.));
#4325 = ADVANCED_FACE('',(#4326),#4351,.F.);
#4326 = FACE_BOUND('',#4327,.F.);
#4327 = EDGE_LOOP('',(#4328,#4338,#4344,#4345));
#4328 = ORIENTED_EDGE('',*,*,#4329,.T.);
#4329 = EDGE_CURVE('',#4330,#4332,#4334,.T.);
#4330 = VERTEX_POINT('',#4331);
#4331 = CARTESIAN_POINT('',(6.25,-5.55,2.85));
#4332 = VERTEX_POINT('',#4333);
#4333 = CARTESIAN_POINT('',(6.25,-5.55,3.35));
#4334 = LINE('',#4335,#4336);
#4335 = CARTESIAN_POINT('',(6.25,-5.55,2.85));
#4336 = VECTOR('',#4337,1.);
#4337 = DIRECTION('',(0.,0.,1.));
#4338 = ORIENTED_EDGE('',*,*,#4339,.T.);
#4339 = EDGE_CURVE('',#4332,#1971,#4340,.T.);
#4340 = LINE('',#4341,#4342);
#4341 = CARTESIAN_POINT('',(6.25,-5.75,3.35));
#4342 = VECTOR('',#4343,1.);
#4343 = DIRECTION('',(1.224646799147E-16,1.,0.));
#4344 = ORIENTED_EDGE('',*,*,#1970,.T.);
#4345 = ORIENTED_EDGE('',*,*,#4346,.T.);
#4346 = EDGE_CURVE('',#1973,#4330,#4347,.T.);
#4347 = LINE('',#4348,#4349);
#4348 = CARTESIAN_POINT('',(6.25,-0.25,2.85));
#4349 = VECTOR('',#4350,1.);
#4350 = DIRECTION('',(-1.224646799147E-16,-1.,0.));
#4351 = PLANE('',#4352);
#4352 = AXIS2_PLACEMENT_3D('',#4353,#4354,#4355);
#4353 = CARTESIAN_POINT('',(6.25,-1.401960784314,1.323039215686));
#4354 = DIRECTION('',(-1.,1.224646799147E-16,0.));
#4355 = DIRECTION('',(0.,0.,1.));
#4356 = ADVANCED_FACE('',(#4357),#4375,.F.);
#4357 = FACE_BOUND('',#4358,.F.);
#4358 = EDGE_LOOP('',(#4359,#4360,#4368,#4374));
#4359 = ORIENTED_EDGE('',*,*,#4339,.F.);
#4360 = ORIENTED_EDGE('',*,*,#4361,.T.);
#4361 = EDGE_CURVE('',#4332,#4362,#4364,.T.);
#4362 = VERTEX_POINT('',#4363);
#4363 = CARTESIAN_POINT('',(5.75,-5.55,3.35));
#4364 = LINE('',#4365,#4366);
#4365 = CARTESIAN_POINT('',(6.25,-5.55,3.35));
#4366 = VECTOR('',#4367,1.);
#4367 = DIRECTION('',(-1.,1.224646799147E-16,0.));
#4368 = ORIENTED_EDGE('',*,*,#4369,.T.);
#4369 = EDGE_CURVE('',#4362,#1989,#4370,.T.);
#4370 = LINE('',#4371,#4372);
#4371 = CARTESIAN_POINT('',(5.75,-5.75,3.35));
#4372 = VECTOR('',#4373,1.);
#4373 = DIRECTION('',(1.224646799147E-16,1.,0.));
#4374 = ORIENTED_EDGE('',*,*,#1996,.T.);
#4375 = PLANE('',#4376);
#4376 = AXIS2_PLACEMENT_3D('',#4377,#4378,#4379);
#4377 = CARTESIAN_POINT('',(6.25,-5.75,3.35));
#4378 = DIRECTION('',(-0.,0.,-1.));
#4379 = DIRECTION('',(1.224646799147E-16,1.,0.));
#4380 = ADVANCED_FACE('',(#4381),#4399,.T.);
#4381 = FACE_BOUND('',#4382,.T.);
#4382 = EDGE_LOOP('',(#4383,#4391,#4392,#4393));
#4383 = ORIENTED_EDGE('',*,*,#4384,.T.);
#4384 = EDGE_CURVE('',#4385,#4362,#4387,.T.);
#4385 = VERTEX_POINT('',#4386);
#4386 = CARTESIAN_POINT('',(5.75,-5.55,2.85));
#4387 = LINE('',#4388,#4389);
#4388 = CARTESIAN_POINT('',(5.75,-5.55,2.85));
#4389 = VECTOR('',#4390,1.);
#4390 = DIRECTION('',(0.,0.,1.));
#4391 = ORIENTED_EDGE('',*,*,#4369,.T.);
#4392 = ORIENTED_EDGE('',*,*,#1988,.T.);
#4393 = ORIENTED_EDGE('',*,*,#4394,.T.);
#4394 = EDGE_CURVE('',#1981,#4385,#4395,.T.);
#4395 = LINE('',#4396,#4397);
#4396 = CARTESIAN_POINT('',(5.75,-0.25,2.85));
#4397 = VECTOR('',#4398,1.);
#4398 = DIRECTION('',(-1.224646799147E-16,-1.,0.));
#4399 = PLANE('',#4400);
#4400 = AXIS2_PLACEMENT_3D('',#4401,#4402,#4403);
#4401 = CARTESIAN_POINT('',(5.75,-1.401960784314,1.323039215686));
#4402 = DIRECTION('',(-1.,1.224646799147E-16,0.));
#4403 = DIRECTION('',(0.,0.,1.));
#4404 = ADVANCED_FACE('',(#4405),#4416,.F.);
#4405 = FACE_BOUND('',#4406,.F.);
#4406 = EDGE_LOOP('',(#4407,#4408,#4409,#4410));
#4407 = ORIENTED_EDGE('',*,*,#4346,.F.);
#4408 = ORIENTED_EDGE('',*,*,#1980,.T.);
#4409 = ORIENTED_EDGE('',*,*,#4394,.T.);
#4410 = ORIENTED_EDGE('',*,*,#4411,.F.);
#4411 = EDGE_CURVE('',#4330,#4385,#4412,.T.);
#4412 = LINE('',#4413,#4414);
#4413 = CARTESIAN_POINT('',(6.25,-5.55,2.85));
#4414 = VECTOR('',#4415,1.);
#4415 = DIRECTION('',(-1.,1.224646799147E-16,0.));
#4416 = PLANE('',#4417);
#4417 = AXIS2_PLACEMENT_3D('',#4418,#4419,#4420);
#4418 = CARTESIAN_POINT('',(6.25,-0.25,2.85));
#4419 = DIRECTION('',(0.,0.,1.));
#4420 = DIRECTION('',(-1.224646799147E-16,-1.,0.));
#4421 = ADVANCED_FACE('',(#4422),#4447,.T.);
#4422 = FACE_BOUND('',#4423,.T.);
#4423 = EDGE_LOOP('',(#4424,#4434,#4440,#4441));
#4424 = ORIENTED_EDGE('',*,*,#4425,.T.);
#4425 = EDGE_CURVE('',#4426,#4428,#4430,.T.);
#4426 = VERTEX_POINT('',#4427);
#4427 = CARTESIAN_POINT('',(1.75,-5.55,2.85));
#4428 = VERTEX_POINT('',#4429);
#4429 = CARTESIAN_POINT('',(1.75,-5.55,3.35));
#4430 = LINE('',#4431,#4432);
#4431 = CARTESIAN_POINT('',(1.75,-5.55,2.85));
#4432 = VECTOR('',#4433,1.);
#4433 = DIRECTION('',(0.,0.,1.));
#4434 = ORIENTED_EDGE('',*,*,#4435,.T.);
#4435 = EDGE_CURVE('',#4428,#2005,#4436,.T.);
#4436 = LINE('',#4437,#4438);
#4437 = CARTESIAN_POINT('',(1.75,-5.75,3.35));
#4438 = VECTOR('',#4439,1.);
#4439 = DIRECTION('',(1.224646799147E-16,1.,0.));
#4440 = ORIENTED_EDGE('',*,*,#2004,.T.);
#4441 = ORIENTED_EDGE('',*,*,#4442,.T.);
#4442 = EDGE_CURVE('',#2007,#4426,#4443,.T.);
#4443 = LINE('',#4444,#4445);
#4444 = CARTESIAN_POINT('',(1.75,-0.25,2.85));
#4445 = VECTOR('',#4446,1.);
#4446 = DIRECTION('',(-1.224646799147E-16,-1.,0.));
#4447 = PLANE('',#4448);
#4448 = AXIS2_PLACEMENT_3D('',#4449,#4450,#4451);
#4449 = CARTESIAN_POINT('',(1.75,-1.401960784314,1.323039215686));
#4450 = DIRECTION('',(-1.,1.224646799147E-16,0.));
#4451 = DIRECTION('',(0.,0.,1.));
#4452 = ADVANCED_FACE('',(#4453),#4471,.F.);
#4453 = FACE_BOUND('',#4454,.F.);
#4454 = EDGE_LOOP('',(#4455,#4463,#4464,#4465));
#4455 = ORIENTED_EDGE('',*,*,#4456,.F.);
#4456 = EDGE_CURVE('',#2023,#4457,#4459,.T.);
#4457 = VERTEX_POINT('',#4458);
#4458 = CARTESIAN_POINT('',(2.25,-5.55,2.85));
#4459 = LINE('',#4460,#4461);
#4460 = CARTESIAN_POINT('',(2.25,-0.25,2.85));
#4461 = VECTOR('',#4462,1.);
#4462 = DIRECTION('',(-1.224646799147E-16,-1.,0.));
#4463 = ORIENTED_EDGE('',*,*,#2030,.T.);
#4464 = ORIENTED_EDGE('',*,*,#4442,.T.);
#4465 = ORIENTED_EDGE('',*,*,#4466,.F.);
#4466 = EDGE_CURVE('',#4457,#4426,#4467,.T.);
#4467 = LINE('',#4468,#4469);
#4468 = CARTESIAN_POINT('',(2.25,-5.55,2.85));
#4469 = VECTOR('',#4470,1.);
#4470 = DIRECTION('',(-1.,1.224646799147E-16,0.));
#4471 = PLANE('',#4472);
#4472 = AXIS2_PLACEMENT_3D('',#4473,#4474,#4475);
#4473 = CARTESIAN_POINT('',(2.25,-0.25,2.85));
#4474 = DIRECTION('',(0.,0.,1.));
#4475 = DIRECTION('',(-1.224646799147E-16,-1.,0.));
#4476 = ADVANCED_FACE('',(#4477),#4495,.F.);
#4477 = FACE_BOUND('',#4478,.F.);
#4478 = EDGE_LOOP('',(#4479,#4487,#4493,#4494));
#4479 = ORIENTED_EDGE('',*,*,#4480,.T.);
#4480 = EDGE_CURVE('',#4457,#4481,#4483,.T.);
#4481 = VERTEX_POINT('',#4482);
#4482 = CARTESIAN_POINT('',(2.25,-5.55,3.35));
#4483 = LINE('',#4484,#4485);
#4484 = CARTESIAN_POINT('',(2.25,-5.55,2.85));
#4485 = VECTOR('',#4486,1.);
#4486 = DIRECTION('',(0.,0.,1.));
#4487 = ORIENTED_EDGE('',*,*,#4488,.T.);
#4488 = EDGE_CURVE('',#4481,#2015,#4489,.T.);
#4489 = LINE('',#4490,#4491);
#4490 = CARTESIAN_POINT('',(2.25,-5.75,3.35));
#4491 = VECTOR('',#4492,1.);
#4492 = DIRECTION('',(1.224646799147E-16,1.,0.));
#4493 = ORIENTED_EDGE('',*,*,#2022,.T.);
#4494 = ORIENTED_EDGE('',*,*,#4456,.T.);
#4495 = PLANE('',#4496);
#4496 = AXIS2_PLACEMENT_3D('',#4497,#4498,#4499);
#4497 = CARTESIAN_POINT('',(2.25,-1.401960784314,1.323039215686));
#4498 = DIRECTION('',(-1.,1.224646799147E-16,0.));
#4499 = DIRECTION('',(0.,0.,1.));
#4500 = ADVANCED_FACE('',(#4501),#4512,.F.);
#4501 = FACE_BOUND('',#4502,.F.);
#4502 = EDGE_LOOP('',(#4503,#4504,#4510,#4511));
#4503 = ORIENTED_EDGE('',*,*,#4488,.F.);
#4504 = ORIENTED_EDGE('',*,*,#4505,.T.);
#4505 = EDGE_CURVE('',#4481,#4428,#4506,.T.);
#4506 = LINE('',#4507,#4508);
#4507 = CARTESIAN_POINT('',(2.25,-5.55,3.35));
#4508 = VECTOR('',#4509,1.);
#4509 = DIRECTION('',(-1.,1.224646799147E-16,0.));
#4510 = ORIENTED_EDGE('',*,*,#4435,.T.);
#4511 = ORIENTED_EDGE('',*,*,#2014,.T.);
#4512 = PLANE('',#4513);
#4513 = AXIS2_PLACEMENT_3D('',#4514,#4515,#4516);
#4514 = CARTESIAN_POINT('',(2.25,-5.75,3.35));
#4515 = DIRECTION('',(-0.,0.,-1.));
#4516 = DIRECTION('',(1.224646799147E-16,1.,0.));
#4517 = ADVANCED_FACE('',(#4518),#4543,.T.);
#4518 = FACE_BOUND('',#4519,.T.);
#4519 = EDGE_LOOP('',(#4520,#4530,#4536,#4537));
#4520 = ORIENTED_EDGE('',*,*,#4521,.T.);
#4521 = EDGE_CURVE('',#4522,#4524,#4526,.T.);
#4522 = VERTEX_POINT('',#4523);
#4523 = CARTESIAN_POINT('',(3.75,-5.55,2.85));
#4524 = VERTEX_POINT('',#4525);
#4525 = CARTESIAN_POINT('',(3.75,-5.55,3.35));
#4526 = LINE('',#4527,#4528);
#4527 = CARTESIAN_POINT('',(3.75,-5.55,2.85));
#4528 = VECTOR('',#4529,1.);
#4529 = DIRECTION('',(0.,0.,1.));
#4530 = ORIENTED_EDGE('',*,*,#4531,.T.);
#4531 = EDGE_CURVE('',#4524,#2039,#4532,.T.);
#4532 = LINE('',#4533,#4534);
#4533 = CARTESIAN_POINT('',(3.75,-5.75,3.35));
#4534 = VECTOR('',#4535,1.);
#4535 = DIRECTION('',(1.224646799147E-16,1.,0.));
#4536 = ORIENTED_EDGE('',*,*,#2038,.T.);
#4537 = ORIENTED_EDGE('',*,*,#4538,.T.);
#4538 = EDGE_CURVE('',#2041,#4522,#4539,.T.);
#4539 = LINE('',#4540,#4541);
#4540 = CARTESIAN_POINT('',(3.75,-0.25,2.85));
#4541 = VECTOR('',#4542,1.);
#4542 = DIRECTION('',(-1.224646799147E-16,-1.,0.));
#4543 = PLANE('',#4544);
#4544 = AXIS2_PLACEMENT_3D('',#4545,#4546,#4547);
#4545 = CARTESIAN_POINT('',(3.75,-1.401960784314,1.323039215686));
#4546 = DIRECTION('',(-1.,1.224646799147E-16,0.));
#4547 = DIRECTION('',(0.,0.,1.));
#4548 = ADVANCED_FACE('',(#4549),#4567,.F.);
#4549 = FACE_BOUND('',#4550,.F.);
#4550 = EDGE_LOOP('',(#4551,#4559,#4560,#4561));
#4551 = ORIENTED_EDGE('',*,*,#4552,.F.);
#4552 = EDGE_CURVE('',#2057,#4553,#4555,.T.);
#4553 = VERTEX_POINT('',#4554);
#4554 = CARTESIAN_POINT('',(4.25,-5.55,2.85));
#4555 = LINE('',#4556,#4557);
#4556 = CARTESIAN_POINT('',(4.25,-0.25,2.85));
#4557 = VECTOR('',#4558,1.);
#4558 = DIRECTION('',(-1.224646799147E-16,-1.,0.));
#4559 = ORIENTED_EDGE('',*,*,#2064,.T.);
#4560 = ORIENTED_EDGE('',*,*,#4538,.T.);
#4561 = ORIENTED_EDGE('',*,*,#4562,.F.);
#4562 = EDGE_CURVE('',#4553,#4522,#4563,.T.);
#4563 = LINE('',#4564,#4565);
#4564 = CARTESIAN_POINT('',(4.25,-5.55,2.85));
#4565 = VECTOR('',#4566,1.);
#4566 = DIRECTION('',(-1.,1.224646799147E-16,0.));
#4567 = PLANE('',#4568);
#4568 = AXIS2_PLACEMENT_3D('',#4569,#4570,#4571);
#4569 = CARTESIAN_POINT('',(4.25,-0.25,2.85));
#4570 = DIRECTION('',(0.,0.,1.));
#4571 = DIRECTION('',(-1.224646799147E-16,-1.,0.));
#4572 = ADVANCED_FACE('',(#4573),#4591,.F.);
#4573 = FACE_BOUND('',#4574,.F.);
#4574 = EDGE_LOOP('',(#4575,#4583,#4589,#4590));
#4575 = ORIENTED_EDGE('',*,*,#4576,.T.);
#4576 = EDGE_CURVE('',#4553,#4577,#4579,.T.);
#4577 = VERTEX_POINT('',#4578);
#4578 = CARTESIAN_POINT('',(4.25,-5.55,3.35));
#4579 = LINE('',#4580,#4581);
#4580 = CARTESIAN_POINT('',(4.25,-5.55,2.85));
#4581 = VECTOR('',#4582,1.);
#4582 = DIRECTION('',(0.,0.,1.));
#4583 = ORIENTED_EDGE('',*,*,#4584,.T.);
#4584 = EDGE_CURVE('',#4577,#2049,#4585,.T.);
#4585 = LINE('',#4586,#4587);
#4586 = CARTESIAN_POINT('',(4.25,-5.75,3.35));
#4587 = VECTOR('',#4588,1.);
#4588 = DIRECTION('',(1.224646799147E-16,1.,0.));
#4589 = ORIENTED_EDGE('',*,*,#2056,.T.);
#4590 = ORIENTED_EDGE('',*,*,#4552,.T.);
#4591 = PLANE('',#4592);
#4592 = AXIS2_PLACEMENT_3D('',#4593,#4594,#4595);
#4593 = CARTESIAN_POINT('',(4.25,-1.401960784314,1.323039215686));
#4594 = DIRECTION('',(-1.,1.224646799147E-16,0.));
#4595 = DIRECTION('',(0.,0.,1.));
#4596 = ADVANCED_FACE('',(#4597),#4608,.F.);
#4597 = FACE_BOUND('',#4598,.F.);
#4598 = EDGE_LOOP('',(#4599,#4600,#4606,#4607));
#4599 = ORIENTED_EDGE('',*,*,#4584,.F.);
#4600 = ORIENTED_EDGE('',*,*,#4601,.T.);
#4601 = EDGE_CURVE('',#4577,#4524,#4602,.T.);
#4602 = LINE('',#4603,#4604);
#4603 = CARTESIAN_POINT('',(4.25,-5.55,3.35));
#4604 = VECTOR('',#4605,1.);
#4605 = DIRECTION('',(-1.,1.224646799147E-16,0.));
#4606 = ORIENTED_EDGE('',*,*,#4531,.T.);
#4607 = ORIENTED_EDGE('',*,*,#2048,.T.);
#4608 = PLANE('',#4609);
#4609 = AXIS2_PLACEMENT_3D('',#4610,#4611,#4612);
#4610 = CARTESIAN_POINT('',(4.25,-5.75,3.35));
#4611 = DIRECTION('',(-0.,0.,-1.));
#4612 = DIRECTION('',(1.224646799147E-16,1.,0.));
#4613 = ADVANCED_FACE('',(#4614),#4639,.T.);
#4614 = FACE_BOUND('',#4615,.T.);
#4615 = EDGE_LOOP('',(#4616,#4626,#4632,#4633));
#4616 = ORIENTED_EDGE('',*,*,#4617,.T.);
#4617 = EDGE_CURVE('',#4618,#4620,#4622,.T.);
#4618 = VERTEX_POINT('',#4619);
#4619 = CARTESIAN_POINT('',(11.75,-5.55,2.85));
#4620 = VERTEX_POINT('',#4621);
#4621 = CARTESIAN_POINT('',(11.75,-5.55,3.35));
#4622 = LINE('',#4623,#4624);
#4623 = CARTESIAN_POINT('',(11.75,-5.55,2.85));
#4624 = VECTOR('',#4625,1.);
#4625 = DIRECTION('',(0.,0.,1.));
#4626 = ORIENTED_EDGE('',*,*,#4627,.T.);
#4627 = EDGE_CURVE('',#4620,#2073,#4628,.T.);
#4628 = LINE('',#4629,#4630);
#4629 = CARTESIAN_POINT('',(11.75,-5.75,3.35));
#4630 = VECTOR('',#4631,1.);
#4631 = DIRECTION('',(1.224646799147E-16,1.,0.));
#4632 = ORIENTED_EDGE('',*,*,#2072,.T.);
#4633 = ORIENTED_EDGE('',*,*,#4634,.T.);
#4634 = EDGE_CURVE('',#2075,#4618,#4635,.T.);
#4635 = LINE('',#4636,#4637);
#4636 = CARTESIAN_POINT('',(11.75,-0.25,2.85));
#4637 = VECTOR('',#4638,1.);
#4638 = DIRECTION('',(-1.224646799147E-16,-1.,0.));
#4639 = PLANE('',#4640);
#4640 = AXIS2_PLACEMENT_3D('',#4641,#4642,#4643);
#4641 = CARTESIAN_POINT('',(11.75,-1.401960784314,1.323039215686));
#4642 = DIRECTION('',(-1.,1.224646799147E-16,0.));
#4643 = DIRECTION('',(0.,0.,1.));
#4644 = ADVANCED_FACE('',(#4645),#4663,.F.);
#4645 = FACE_BOUND('',#4646,.F.);
#4646 = EDGE_LOOP('',(#4647,#4655,#4656,#4657));
#4647 = ORIENTED_EDGE('',*,*,#4648,.F.);
#4648 = EDGE_CURVE('',#2091,#4649,#4651,.T.);
#4649 = VERTEX_POINT('',#4650);
#4650 = CARTESIAN_POINT('',(12.25,-5.55,2.85));
#4651 = LINE('',#4652,#4653);
#4652 = CARTESIAN_POINT('',(12.25,-0.25,2.85));
#4653 = VECTOR('',#4654,1.);
#4654 = DIRECTION('',(-1.224646799147E-16,-1.,0.));
#4655 = ORIENTED_EDGE('',*,*,#2098,.T.);
#4656 = ORIENTED_EDGE('',*,*,#4634,.T.);
#4657 = ORIENTED_EDGE('',*,*,#4658,.F.);
#4658 = EDGE_CURVE('',#4649,#4618,#4659,.T.);
#4659 = LINE('',#4660,#4661);
#4660 = CARTESIAN_POINT('',(12.25,-5.55,2.85));
#4661 = VECTOR('',#4662,1.);
#4662 = DIRECTION('',(-1.,1.224646799147E-16,0.));
#4663 = PLANE('',#4664);
#4664 = AXIS2_PLACEMENT_3D('',#4665,#4666,#4667);
#4665 = CARTESIAN_POINT('',(12.25,-0.25,2.85));
#4666 = DIRECTION('',(0.,0.,1.));
#4667 = DIRECTION('',(-1.224646799147E-16,-1.,0.));
#4668 = ADVANCED_FACE('',(#4669),#4687,.F.);
#4669 = FACE_BOUND('',#4670,.F.);
#4670 = EDGE_LOOP('',(#4671,#4679,#4685,#4686));
#4671 = ORIENTED_EDGE('',*,*,#4672,.T.);
#4672 = EDGE_CURVE('',#4649,#4673,#4675,.T.);
#4673 = VERTEX_POINT('',#4674);
#4674 = CARTESIAN_POINT('',(12.25,-5.55,3.35));
#4675 = LINE('',#4676,#4677);
#4676 = CARTESIAN_POINT('',(12.25,-5.55,2.85));
#4677 = VECTOR('',#4678,1.);
#4678 = DIRECTION('',(0.,0.,1.));
#4679 = ORIENTED_EDGE('',*,*,#4680,.T.);
#4680 = EDGE_CURVE('',#4673,#2083,#4681,.T.);
#4681 = LINE('',#4682,#4683);
#4682 = CARTESIAN_POINT('',(12.25,-5.75,3.35));
#4683 = VECTOR('',#4684,1.);
#4684 = DIRECTION('',(1.224646799147E-16,1.,0.));
#4685 = ORIENTED_EDGE('',*,*,#2090,.T.);
#4686 = ORIENTED_EDGE('',*,*,#4648,.T.);
#4687 = PLANE('',#4688);
#4688 = AXIS2_PLACEMENT_3D('',#4689,#4690,#4691);
#4689 = CARTESIAN_POINT('',(12.25,-1.401960784314,1.323039215686));
#4690 = DIRECTION('',(-1.,1.224646799147E-16,0.));
#4691 = DIRECTION('',(0.,0.,1.));
#4692 = ADVANCED_FACE('',(#4693),#4704,.F.);
#4693 = FACE_BOUND('',#4694,.F.);
#4694 = EDGE_LOOP('',(#4695,#4696,#4702,#4703));
#4695 = ORIENTED_EDGE('',*,*,#4680,.F.);
#4696 = ORIENTED_EDGE('',*,*,#4697,.T.);
#4697 = EDGE_CURVE('',#4673,#4620,#4698,.T.);
#4698 = LINE('',#4699,#4700);
#4699 = CARTESIAN_POINT('',(12.25,-5.55,3.35));
#4700 = VECTOR('',#4701,1.);
#4701 = DIRECTION('',(-1.,1.224646799147E-16,0.));
#4702 = ORIENTED_EDGE('',*,*,#4627,.T.);
#4703 = ORIENTED_EDGE('',*,*,#2082,.T.);
#4704 = PLANE('',#4705);
#4705 = AXIS2_PLACEMENT_3D('',#4706,#4707,#4708);
#4706 = CARTESIAN_POINT('',(12.25,-5.75,3.35));
#4707 = DIRECTION('',(-0.,0.,-1.));
#4708 = DIRECTION('',(1.224646799147E-16,1.,0.));
#4709 = ADVANCED_FACE('',(#4710),#4735,.T.);
#4710 = FACE_BOUND('',#4711,.T.);
#4711 = EDGE_LOOP('',(#4712,#4722,#4728,#4729));
#4712 = ORIENTED_EDGE('',*,*,#4713,.T.);
#4713 = EDGE_CURVE('',#4714,#4716,#4718,.T.);
#4714 = VERTEX_POINT('',#4715);
#4715 = CARTESIAN_POINT('',(13.75,-5.55,2.85));
#4716 = VERTEX_POINT('',#4717);
#4717 = CARTESIAN_POINT('',(13.75,-5.55,3.35));
#4718 = LINE('',#4719,#4720);
#4719 = CARTESIAN_POINT('',(13.75,-5.55,2.85));
#4720 = VECTOR('',#4721,1.);
#4721 = DIRECTION('',(0.,0.,1.));
#4722 = ORIENTED_EDGE('',*,*,#4723,.T.);
#4723 = EDGE_CURVE('',#4716,#2107,#4724,.T.);
#4724 = LINE('',#4725,#4726);
#4725 = CARTESIAN_POINT('',(13.75,-5.75,3.35));
#4726 = VECTOR('',#4727,1.);
#4727 = DIRECTION('',(1.224646799147E-16,1.,0.));
#4728 = ORIENTED_EDGE('',*,*,#2106,.T.);
#4729 = ORIENTED_EDGE('',*,*,#4730,.T.);
#4730 = EDGE_CURVE('',#2109,#4714,#4731,.T.);
#4731 = LINE('',#4732,#4733);
#4732 = CARTESIAN_POINT('',(13.75,-0.25,2.85));
#4733 = VECTOR('',#4734,1.);
#4734 = DIRECTION('',(-1.224646799147E-16,-1.,0.));
#4735 = PLANE('',#4736);
#4736 = AXIS2_PLACEMENT_3D('',#4737,#4738,#4739);
#4737 = CARTESIAN_POINT('',(13.75,-1.421959173294,1.302213422577));
#4738 = DIRECTION('',(-1.,1.224646799147E-16,0.));
#4739 = DIRECTION('',(0.,0.,1.));
#4740 = ADVANCED_FACE('',(#4741),#4759,.F.);
#4741 = FACE_BOUND('',#4742,.F.);
#4742 = EDGE_LOOP('',(#4743,#4751,#4752,#4753));
#4743 = ORIENTED_EDGE('',*,*,#4744,.F.);
#4744 = EDGE_CURVE('',#2125,#4745,#4747,.T.);
#4745 = VERTEX_POINT('',#4746);
#4746 = CARTESIAN_POINT('',(14.25,-5.55,2.85));
#4747 = LINE('',#4748,#4749);
#4748 = CARTESIAN_POINT('',(14.25,-0.25,2.85));
#4749 = VECTOR('',#4750,1.);
#4750 = DIRECTION('',(-1.224646799147E-16,-1.,0.));
#4751 = ORIENTED_EDGE('',*,*,#2132,.T.);
#4752 = ORIENTED_EDGE('',*,*,#4730,.T.);
#4753 = ORIENTED_EDGE('',*,*,#4754,.F.);
#4754 = EDGE_CURVE('',#4745,#4714,#4755,.T.);
#4755 = LINE('',#4756,#4757);
#4756 = CARTESIAN_POINT('',(14.25,-5.55,2.85));
#4757 = VECTOR('',#4758,1.);
#4758 = DIRECTION('',(-1.,1.224646799147E-16,0.));
#4759 = PLANE('',#4760);
#4760 = AXIS2_PLACEMENT_3D('',#4761,#4762,#4763);
#4761 = CARTESIAN_POINT('',(14.25,-0.25,2.85));
#4762 = DIRECTION('',(0.,0.,1.));
#4763 = DIRECTION('',(-1.224646799147E-16,-1.,0.));
#4764 = ADVANCED_FACE('',(#4765),#4783,.F.);
#4765 = FACE_BOUND('',#4766,.F.);
#4766 = EDGE_LOOP('',(#4767,#4775,#4781,#4782));
#4767 = ORIENTED_EDGE('',*,*,#4768,.T.);
#4768 = EDGE_CURVE('',#4745,#4769,#4771,.T.);
#4769 = VERTEX_POINT('',#4770);
#4770 = CARTESIAN_POINT('',(14.25,-5.55,3.35));
#4771 = LINE('',#4772,#4773);
#4772 = CARTESIAN_POINT('',(14.25,-5.55,2.85));
#4773 = VECTOR('',#4774,1.);
#4774 = DIRECTION('',(0.,0.,1.));
#4775 = ORIENTED_EDGE('',*,*,#4776,.T.);
#4776 = EDGE_CURVE('',#4769,#2117,#4777,.T.);
#4777 = LINE('',#4778,#4779);
#4778 = CARTESIAN_POINT('',(14.25,-5.75,3.35));
#4779 = VECTOR('',#4780,1.);
#4780 = DIRECTION('',(1.224646799147E-16,1.,0.));
#4781 = ORIENTED_EDGE('',*,*,#2124,.T.);
#4782 = ORIENTED_EDGE('',*,*,#4744,.T.);
#4783 = PLANE('',#4784);
#4784 = AXIS2_PLACEMENT_3D('',#4785,#4786,#4787);
#4785 = CARTESIAN_POINT('',(14.25,-1.421959173294,1.302213422577));
#4786 = DIRECTION('',(-1.,1.224646799147E-16,0.));
#4787 = DIRECTION('',(0.,0.,1.));
#4788 = ADVANCED_FACE('',(#4789),#4800,.F.);
#4789 = FACE_BOUND('',#4790,.F.);
#4790 = EDGE_LOOP('',(#4791,#4792,#4798,#4799));
#4791 = ORIENTED_EDGE('',*,*,#4776,.F.);
#4792 = ORIENTED_EDGE('',*,*,#4793,.T.);
#4793 = EDGE_CURVE('',#4769,#4716,#4794,.T.);
#4794 = LINE('',#4795,#4796);
#4795 = CARTESIAN_POINT('',(14.25,-5.55,3.35));
#4796 = VECTOR('',#4797,1.);
#4797 = DIRECTION('',(-1.,1.224646799147E-16,0.));
#4798 = ORIENTED_EDGE('',*,*,#4723,.T.);
#4799 = ORIENTED_EDGE('',*,*,#2116,.T.);
#4800 = PLANE('',#4801);
#4801 = AXIS2_PLACEMENT_3D('',#4802,#4803,#4804);
#4802 = CARTESIAN_POINT('',(14.25,-5.75,3.35));
#4803 = DIRECTION('',(-0.,0.,-1.));
#4804 = DIRECTION('',(1.224646799147E-16,1.,0.));
#4805 = ADVANCED_FACE('',(#4806),#4831,.F.);
#4806 = FACE_BOUND('',#4807,.F.);
#4807 = EDGE_LOOP('',(#4808,#4816,#4824,#4830));
#4808 = ORIENTED_EDGE('',*,*,#4809,.F.);
#4809 = EDGE_CURVE('',#4810,#2143,#4812,.T.);
#4810 = VERTEX_POINT('',#4811);
#4811 = CARTESIAN_POINT('',(0.25,-5.55,3.35));
#4812 = LINE('',#4813,#4814);
#4813 = CARTESIAN_POINT('',(0.25,-5.75,3.35));
#4814 = VECTOR('',#4815,1.);
#4815 = DIRECTION('',(1.224646799147E-16,1.,0.));
#4816 = ORIENTED_EDGE('',*,*,#4817,.T.);
#4817 = EDGE_CURVE('',#4810,#4818,#4820,.T.);
#4818 = VERTEX_POINT('',#4819);
#4819 = CARTESIAN_POINT('',(-0.25,-5.55,3.35));
#4820 = LINE('',#4821,#4822);
#4821 = CARTESIAN_POINT('',(0.25,-5.55,3.35));
#4822 = VECTOR('',#4823,1.);
#4823 = DIRECTION('',(-1.,1.224646799147E-16,0.));
#4824 = ORIENTED_EDGE('',*,*,#4825,.T.);
#4825 = EDGE_CURVE('',#4818,#2141,#4826,.T.);
#4826 = LINE('',#4827,#4828);
#4827 = CARTESIAN_POINT('',(-0.25,-5.75,3.35));
#4828 = VECTOR('',#4829,1.);
#4829 = DIRECTION('',(1.224646799147E-16,1.,0.));
#4830 = ORIENTED_EDGE('',*,*,#2140,.T.);
#4831 = PLANE('',#4832);
#4832 = AXIS2_PLACEMENT_3D('',#4833,#4834,#4835);
#4833 = CARTESIAN_POINT('',(0.25,-5.75,3.35));
#4834 = DIRECTION('',(-0.,0.,-1.));
#4835 = DIRECTION('',(1.224646799147E-16,1.,0.));
#4836 = ADVANCED_FACE('',(#4837),#4855,.T.);
#4837 = FACE_BOUND('',#4838,.T.);
#4838 = EDGE_LOOP('',(#4839,#4847,#4848,#4849));
#4839 = ORIENTED_EDGE('',*,*,#4840,.T.);
#4840 = EDGE_CURVE('',#4841,#4818,#4843,.T.);
#4841 = VERTEX_POINT('',#4842);
#4842 = CARTESIAN_POINT('',(-0.25,-5.55,2.85));
#4843 = LINE('',#4844,#4845);
#4844 = CARTESIAN_POINT('',(-0.25,-5.55,2.85));
#4845 = VECTOR('',#4846,1.);
#4846 = DIRECTION('',(0.,0.,1.));
#4847 = ORIENTED_EDGE('',*,*,#4825,.T.);
#4848 = ORIENTED_EDGE('',*,*,#2166,.T.);
#4849 = ORIENTED_EDGE('',*,*,#4850,.T.);
#4850 = EDGE_CURVE('',#2159,#4841,#4851,.T.);
#4851 = LINE('',#4852,#4853);
#4852 = CARTESIAN_POINT('',(-0.25,-0.25,2.85));
#4853 = VECTOR('',#4854,1.);
#4854 = DIRECTION('',(-1.224646799147E-16,-1.,0.));
#4855 = PLANE('',#4856);
#4856 = AXIS2_PLACEMENT_3D('',#4857,#4858,#4859);
#4857 = CARTESIAN_POINT('',(-0.25,-1.421959173294,1.302213422577));
#4858 = DIRECTION('',(-1.,1.224646799147E-16,0.));
#4859 = DIRECTION('',(0.,0.,1.));
#4860 = ADVANCED_FACE('',(#4861),#4879,.F.);
#4861 = FACE_BOUND('',#4862,.F.);
#4862 = EDGE_LOOP('',(#4863,#4871,#4872,#4873));
#4863 = ORIENTED_EDGE('',*,*,#4864,.F.);
#4864 = EDGE_CURVE('',#2151,#4865,#4867,.T.);
#4865 = VERTEX_POINT('',#4866);
#4866 = CARTESIAN_POINT('',(0.25,-5.55,2.85));
#4867 = LINE('',#4868,#4869);
#4868 = CARTESIAN_POINT('',(0.25,-0.25,2.85));
#4869 = VECTOR('',#4870,1.);
#4870 = DIRECTION('',(-1.224646799147E-16,-1.,0.));
#4871 = ORIENTED_EDGE('',*,*,#2158,.T.);
#4872 = ORIENTED_EDGE('',*,*,#4850,.T.);
#4873 = ORIENTED_EDGE('',*,*,#4874,.F.);
#4874 = EDGE_CURVE('',#4865,#4841,#4875,.T.);
#4875 = LINE('',#4876,#4877);
#4876 = CARTESIAN_POINT('',(0.25,-5.55,2.85));
#4877 = VECTOR('',#4878,1.);
#4878 = DIRECTION('',(-1.,1.224646799147E-16,0.));
#4879 = PLANE('',#4880);
#4880 = AXIS2_PLACEMENT_3D('',#4881,#4882,#4883);
#4881 = CARTESIAN_POINT('',(0.25,-0.25,2.85));
#4882 = DIRECTION('',(0.,0.,1.));
#4883 = DIRECTION('',(-1.224646799147E-16,-1.,0.));
#4884 = ADVANCED_FACE('',(#4885),#4896,.F.);
#4885 = FACE_BOUND('',#4886,.F.);
#4886 = EDGE_LOOP('',(#4887,#4893,#4894,#4895));
#4887 = ORIENTED_EDGE('',*,*,#4888,.T.);
#4888 = EDGE_CURVE('',#4865,#4810,#4889,.T.);
#4889 = LINE('',#4890,#4891);
#4890 = CARTESIAN_POINT('',(0.25,-5.55,2.85));
#4891 = VECTOR('',#4892,1.);
#4892 = DIRECTION('',(0.,0.,1.));
#4893 = ORIENTED_EDGE('',*,*,#4809,.T.);
#4894 = ORIENTED_EDGE('',*,*,#2150,.T.);
#4895 = ORIENTED_EDGE('',*,*,#4864,.T.);
#4896 = PLANE('',#4897);
#4897 = AXIS2_PLACEMENT_3D('',#4898,#4899,#4900);
#4898 = CARTESIAN_POINT('',(0.25,-1.421959173294,1.302213422577));
#4899 = DIRECTION('',(-1.,1.224646799147E-16,0.));
#4900 = DIRECTION('',(0.,0.,1.));
#4901 = ADVANCED_FACE('',(#4902,#4908),#4942,.F.);
#4902 = FACE_BOUND('',#4903,.F.);
#4903 = EDGE_LOOP('',(#4904,#4905,#4906,#4907));
#4904 = ORIENTED_EDGE('',*,*,#2314,.T.);
#4905 = ORIENTED_EDGE('',*,*,#2332,.T.);
#4906 = ORIENTED_EDGE('',*,*,#3467,.F.);
#4907 = ORIENTED_EDGE('',*,*,#2197,.F.);
#4908 = FACE_BOUND('',#4909,.F.);
#4909 = EDGE_LOOP('',(#4910,#4920,#4928,#4936));
#4910 = ORIENTED_EDGE('',*,*,#4911,.F.);
#4911 = EDGE_CURVE('',#4912,#4914,#4916,.T.);
#4912 = VERTEX_POINT('',#4913);
#4913 = CARTESIAN_POINT('',(13.75,-0.35,3.35));
#4914 = VERTEX_POINT('',#4915);
#4915 = CARTESIAN_POINT('',(13.75,-0.35,2.85));
#4916 = LINE('',#4917,#4918);
#4917 = CARTESIAN_POINT('',(13.75,-0.35,2.451106711288));
#4918 = VECTOR('',#4919,1.);
#4919 = DIRECTION('',(-1.359631073447E-32,-1.110223024625E-16,-1.));
#4920 = ORIENTED_EDGE('',*,*,#4921,.T.);
#4921 = EDGE_CURVE('',#4912,#4922,#4924,.T.);
#4922 = VERTEX_POINT('',#4923);
#4923 = CARTESIAN_POINT('',(14.25,-0.35,3.35));
#4924 = LINE('',#4925,#4926);
#4925 = CARTESIAN_POINT('',(14.5,-0.35,3.35));
#4926 = VECTOR('',#4927,1.);
#4927 = DIRECTION('',(1.,-1.224646799147E-16,0.));
#4928 = ORIENTED_EDGE('',*,*,#4929,.T.);
#4929 = EDGE_CURVE('',#4922,#4930,#4932,.T.);
#4930 = VERTEX_POINT('',#4931);
#4931 = CARTESIAN_POINT('',(14.25,-0.35,2.85));
#4932 = LINE('',#4933,#4934);
#4933 = CARTESIAN_POINT('',(14.25,-0.35,2.451106711288));
#4934 = VECTOR('',#4935,1.);
#4935 = DIRECTION('',(-1.359631073447E-32,-1.110223024625E-16,-1.));
#4936 = ORIENTED_EDGE('',*,*,#4937,.T.);
#4937 = EDGE_CURVE('',#4930,#4914,#4938,.T.);
#4938 = LINE('',#4939,#4940);
#4939 = CARTESIAN_POINT('',(14.5,-0.35,2.85));
#4940 = VECTOR('',#4941,1.);
#4941 = DIRECTION('',(-1.,1.224646799147E-16,0.));
#4942 = PLANE('',#4943);
#4943 = AXIS2_PLACEMENT_3D('',#4944,#4945,#4946);
#4944 = CARTESIAN_POINT('',(14.75,-0.35,3.6));
#4945 = DIRECTION('',(-1.224646799147E-16,-1.,1.110223024625E-16));
#4946 = DIRECTION('',(-1.359631073447E-32,-1.110223024625E-16,-1.));
#4947 = ADVANCED_FACE('',(#4948,#4954),#4988,.F.);
#4948 = FACE_BOUND('',#4949,.F.);
#4949 = EDGE_LOOP('',(#4950,#4951,#4952,#4953));
#4950 = ORIENTED_EDGE('',*,*,#2420,.T.);
#4951 = ORIENTED_EDGE('',*,*,#2437,.T.);
#4952 = ORIENTED_EDGE('',*,*,#3450,.F.);
#4953 = ORIENTED_EDGE('',*,*,#2387,.F.);
#4954 = FACE_BOUND('',#4955,.F.);
#4955 = EDGE_LOOP('',(#4956,#4966,#4974,#4982));
#4956 = ORIENTED_EDGE('',*,*,#4957,.F.);
#4957 = EDGE_CURVE('',#4958,#4960,#4962,.T.);
#4958 = VERTEX_POINT('',#4959);
#4959 = CARTESIAN_POINT('',(11.75,-0.35,3.35));
#4960 = VERTEX_POINT('',#4961);
#4961 = CARTESIAN_POINT('',(11.75,-0.35,2.85));
#4962 = LINE('',#4963,#4964);
#4963 = CARTESIAN_POINT('',(11.75,-0.35,2.461519607843));
#4964 = VECTOR('',#4965,1.);
#4965 = DIRECTION('',(-1.359631073447E-32,-1.110223024625E-16,-1.));
#4966 = ORIENTED_EDGE('',*,*,#4967,.T.);
#4967 = EDGE_CURVE('',#4958,#4968,#4970,.T.);
#4968 = VERTEX_POINT('',#4969);
#4969 = CARTESIAN_POINT('',(12.25,-0.35,3.35));
#4970 = LINE('',#4971,#4972);
#4971 = CARTESIAN_POINT('',(12.5,-0.35,3.35));
#4972 = VECTOR('',#4973,1.);
#4973 = DIRECTION('',(1.,-1.224646799147E-16,0.));
#4974 = ORIENTED_EDGE('',*,*,#4975,.T.);
#4975 = EDGE_CURVE('',#4968,#4976,#4978,.T.);
#4976 = VERTEX_POINT('',#4977);
#4977 = CARTESIAN_POINT('',(12.25,-0.35,2.85));
#4978 = LINE('',#4979,#4980);
#4979 = CARTESIAN_POINT('',(12.25,-0.35,2.461519607843));
#4980 = VECTOR('',#4981,1.);
#4981 = DIRECTION('',(-1.359631073447E-32,-1.110223024625E-16,-1.));
#4982 = ORIENTED_EDGE('',*,*,#4983,.T.);
#4983 = EDGE_CURVE('',#4976,#4960,#4984,.T.);
#4984 = LINE('',#4985,#4986);
#4985 = CARTESIAN_POINT('',(12.5,-0.35,2.85));
#4986 = VECTOR('',#4987,1.);
#4987 = DIRECTION('',(-1.,1.224646799147E-16,0.));
#4988 = PLANE('',#4989);
#4989 = AXIS2_PLACEMENT_3D('',#4990,#4991,#4992);
#4990 = CARTESIAN_POINT('',(12.75,-0.35,3.6));
#4991 = DIRECTION('',(-1.224646799147E-16,-1.,1.110223024625E-16));
#4992 = DIRECTION('',(-1.359631073447E-32,-1.110223024625E-16,-1.));
#4993 = ADVANCED_FACE('',(#4994,#5000),#5034,.F.);
#4994 = FACE_BOUND('',#4995,.F.);
#4995 = EDGE_LOOP('',(#4996,#4997,#4998,#4999));
#4996 = ORIENTED_EDGE('',*,*,#2525,.T.);
#4997 = ORIENTED_EDGE('',*,*,#2542,.T.);
#4998 = ORIENTED_EDGE('',*,*,#3433,.F.);
#4999 = ORIENTED_EDGE('',*,*,#2492,.F.);
#5000 = FACE_BOUND('',#5001,.F.);
#5001 = EDGE_LOOP('',(#5002,#5012,#5020,#5028));
#5002 = ORIENTED_EDGE('',*,*,#5003,.F.);
#5003 = EDGE_CURVE('',#5004,#5006,#5008,.T.);
#5004 = VERTEX_POINT('',#5005);
#5005 = CARTESIAN_POINT('',(9.75,-0.35,3.35));
#5006 = VERTEX_POINT('',#5007);
#5007 = CARTESIAN_POINT('',(9.75,-0.35,2.85));
#5008 = LINE('',#5009,#5010);
#5009 = CARTESIAN_POINT('',(9.75,-0.35,2.461519607843));
#5010 = VECTOR('',#5011,1.);
#5011 = DIRECTION('',(-1.359631073447E-32,-1.110223024625E-16,-1.));
#5012 = ORIENTED_EDGE('',*,*,#5013,.T.);
#5013 = EDGE_CURVE('',#5004,#5014,#5016,.T.);
#5014 = VERTEX_POINT('',#5015);
#5015 = CARTESIAN_POINT('',(10.25,-0.35,3.35));
#5016 = LINE('',#5017,#5018);
#5017 = CARTESIAN_POINT('',(10.5,-0.35,3.35));
#5018 = VECTOR('',#5019,1.);
#5019 = DIRECTION('',(1.,-1.224646799147E-16,0.));
#5020 = ORIENTED_EDGE('',*,*,#5021,.T.);
#5021 = EDGE_CURVE('',#5014,#5022,#5024,.T.);
#5022 = VERTEX_POINT('',#5023);
#5023 = CARTESIAN_POINT('',(10.25,-0.35,2.85));
#5024 = LINE('',#5025,#5026);
#5025 = CARTESIAN_POINT('',(10.25,-0.35,2.461519607843));
#5026 = VECTOR('',#5027,1.);
#5027 = DIRECTION('',(-1.359631073447E-32,-1.110223024625E-16,-1.));
#5028 = ORIENTED_EDGE('',*,*,#5029,.T.);
#5029 = EDGE_CURVE('',#5022,#5006,#5030,.T.);
#5030 = LINE('',#5031,#5032);
#5031 = CARTESIAN_POINT('',(10.5,-0.35,2.85));
#5032 = VECTOR('',#5033,1.);
#5033 = DIRECTION('',(-1.,1.224646799147E-16,0.));
#5034 = PLANE('',#5035);
#5035 = AXIS2_PLACEMENT_3D('',#5036,#5037,#5038);
#5036 = CARTESIAN_POINT('',(10.75,-0.35,3.6));
#5037 = DIRECTION('',(-1.224646799147E-16,-1.,1.110223024625E-16));
#5038 = DIRECTION('',(-1.359631073447E-32,-1.110223024625E-16,-1.));
#5039 = ADVANCED_FACE('',(#5040,#5046),#5080,.F.);
#5040 = FACE_BOUND('',#5041,.F.);
#5041 = EDGE_LOOP('',(#5042,#5043,#5044,#5045));
#5042 = ORIENTED_EDGE('',*,*,#2630,.T.);
#5043 = ORIENTED_EDGE('',*,*,#2647,.T.);
#5044 = ORIENTED_EDGE('',*,*,#3416,.F.);
#5045 = ORIENTED_EDGE('',*,*,#2597,.F.);
#5046 = FACE_BOUND('',#5047,.F.);
#5047 = EDGE_LOOP('',(#5048,#5058,#5066,#5074));
#5048 = ORIENTED_EDGE('',*,*,#5049,.T.);
#5049 = EDGE_CURVE('',#5050,#5052,#5054,.T.);
#5050 = VERTEX_POINT('',#5051);
#5051 = CARTESIAN_POINT('',(7.75,-0.35,3.35));
#5052 = VERTEX_POINT('',#5053);
#5053 = CARTESIAN_POINT('',(8.25,-0.35,3.35));
#5054 = LINE('',#5055,#5056);
#5055 = CARTESIAN_POINT('',(8.5,-0.35,3.35));
#5056 = VECTOR('',#5057,1.);
#5057 = DIRECTION('',(1.,-1.224646799147E-16,0.));
#5058 = ORIENTED_EDGE('',*,*,#5059,.T.);
#5059 = EDGE_CURVE('',#5052,#5060,#5062,.T.);
#5060 = VERTEX_POINT('',#5061);
#5061 = CARTESIAN_POINT('',(8.25,-0.35,2.85));
#5062 = LINE('',#5063,#5064);
#5063 = CARTESIAN_POINT('',(8.25,-0.35,2.461519607843));
#5064 = VECTOR('',#5065,1.);
#5065 = DIRECTION('',(-1.359631073447E-32,-1.110223024625E-16,-1.));
#5066 = ORIENTED_EDGE('',*,*,#5067,.T.);
#5067 = EDGE_CURVE('',#5060,#5068,#5070,.T.);
#5068 = VERTEX_POINT('',#5069);
#5069 = CARTESIAN_POINT('',(7.75,-0.35,2.85));
#5070 = LINE('',#5071,#5072);
#5071 = CARTESIAN_POINT('',(8.5,-0.35,2.85));
#5072 = VECTOR('',#5073,1.);
#5073 = DIRECTION('',(-1.,1.224646799147E-16,0.));
#5074 = ORIENTED_EDGE('',*,*,#5075,.F.);
#5075 = EDGE_CURVE('',#5050,#5068,#5076,.T.);
#5076 = LINE('',#5077,#5078);
#5077 = CARTESIAN_POINT('',(7.75,-0.35,2.461519607843));
#5078 = VECTOR('',#5079,1.);
#5079 = DIRECTION('',(-1.359631073447E-32,-1.110223024625E-16,-1.));
#5080 = PLANE('',#5081);
#5081 = AXIS2_PLACEMENT_3D('',#5082,#5083,#5084);
#5082 = CARTESIAN_POINT('',(8.75,-0.35,3.6));
#5083 = DIRECTION('',(-1.224646799147E-16,-1.,1.110223024625E-16));
#5084 = DIRECTION('',(-1.359631073447E-32,-1.110223024625E-16,-1.));
#5085 = ADVANCED_FACE('',(#5086,#5092),#5126,.F.);
#5086 = FACE_BOUND('',#5087,.F.);
#5087 = EDGE_LOOP('',(#5088,#5089,#5090,#5091));
#5088 = ORIENTED_EDGE('',*,*,#2735,.T.);
#5089 = ORIENTED_EDGE('',*,*,#2752,.T.);
#5090 = ORIENTED_EDGE('',*,*,#3399,.F.);
#5091 = ORIENTED_EDGE('',*,*,#2702,.F.);
#5092 = FACE_BOUND('',#5093,.F.);
#5093 = EDGE_LOOP('',(#5094,#5104,#5112,#5120));
#5094 = ORIENTED_EDGE('',*,*,#5095,.T.);
#5095 = EDGE_CURVE('',#5096,#5098,#5100,.T.);
#5096 = VERTEX_POINT('',#5097);
#5097 = CARTESIAN_POINT('',(6.25,-0.35,3.35));
#5098 = VERTEX_POINT('',#5099);
#5099 = CARTESIAN_POINT('',(6.25,-0.35,2.85));
#5100 = LINE('',#5101,#5102);
#5101 = CARTESIAN_POINT('',(6.25,-0.35,2.461519607843));
#5102 = VECTOR('',#5103,1.);
#5103 = DIRECTION('',(-1.359631073447E-32,-1.110223024625E-16,-1.));
#5104 = ORIENTED_EDGE('',*,*,#5105,.T.);
#5105 = EDGE_CURVE('',#5098,#5106,#5108,.T.);
#5106 = VERTEX_POINT('',#5107);
#5107 = CARTESIAN_POINT('',(5.75,-0.35,2.85));
#5108 = LINE('',#5109,#5110);
#5109 = CARTESIAN_POINT('',(6.5,-0.35,2.85));
#5110 = VECTOR('',#5111,1.);
#5111 = DIRECTION('',(-1.,1.224646799147E-16,0.));
#5112 = ORIENTED_EDGE('',*,*,#5113,.F.);
#5113 = EDGE_CURVE('',#5114,#5106,#5116,.T.);
#5114 = VERTEX_POINT('',#5115);
#5115 = CARTESIAN_POINT('',(5.75,-0.35,3.35));
#5116 = LINE('',#5117,#5118);
#5117 = CARTESIAN_POINT('',(5.75,-0.35,2.461519607843));
#5118 = VECTOR('',#5119,1.);
#5119 = DIRECTION('',(-1.359631073447E-32,-1.110223024625E-16,-1.));
#5120 = ORIENTED_EDGE('',*,*,#5121,.T.);
#5121 = EDGE_CURVE('',#5114,#5096,#5122,.T.);
#5122 = LINE('',#5123,#5124);
#5123 = CARTESIAN_POINT('',(6.5,-0.35,3.35));
#5124 = VECTOR('',#5125,1.);
#5125 = DIRECTION('',(1.,-1.224646799147E-16,0.));
#5126 = PLANE('',#5127);
#5127 = AXIS2_PLACEMENT_3D('',#5128,#5129,#5130);
#5128 = CARTESIAN_POINT('',(6.75,-0.35,3.6));
#5129 = DIRECTION('',(-1.224646799147E-16,-1.,1.110223024625E-16));
#5130 = DIRECTION('',(-1.359631073447E-32,-1.110223024625E-16,-1.));
#5131 = ADVANCED_FACE('',(#5132,#5138),#5172,.F.);
#5132 = FACE_BOUND('',#5133,.F.);
#5133 = EDGE_LOOP('',(#5134,#5135,#5136,#5137));
#5134 = ORIENTED_EDGE('',*,*,#2840,.T.);
#5135 = ORIENTED_EDGE('',*,*,#2857,.T.);
#5136 = ORIENTED_EDGE('',*,*,#3382,.F.);
#5137 = ORIENTED_EDGE('',*,*,#2807,.F.);
#5138 = FACE_BOUND('',#5139,.F.);
#5139 = EDGE_LOOP('',(#5140,#5150,#5158,#5166));
#5140 = ORIENTED_EDGE('',*,*,#5141,.F.);
#5141 = EDGE_CURVE('',#5142,#5144,#5146,.T.);
#5142 = VERTEX_POINT('',#5143);
#5143 = CARTESIAN_POINT('',(3.75,-0.35,3.35));
#5144 = VERTEX_POINT('',#5145);
#5145 = CARTESIAN_POINT('',(3.75,-0.35,2.85));
#5146 = LINE('',#5147,#5148);
#5147 = CARTESIAN_POINT('',(3.75,-0.35,2.461519607843));
#5148 = VECTOR('',#5149,1.);
#5149 = DIRECTION('',(-1.359631073447E-32,-1.110223024625E-16,-1.));
#5150 = ORIENTED_EDGE('',*,*,#5151,.T.);
#5151 = EDGE_CURVE('',#5142,#5152,#5154,.T.);
#5152 = VERTEX_POINT('',#5153);
#5153 = CARTESIAN_POINT('',(4.25,-0.35,3.35));
#5154 = LINE('',#5155,#5156);
#5155 = CARTESIAN_POINT('',(4.5,-0.35,3.35));
#5156 = VECTOR('',#5157,1.);
#5157 = DIRECTION('',(1.,-1.224646799147E-16,0.));
#5158 = ORIENTED_EDGE('',*,*,#5159,.T.);
#5159 = EDGE_CURVE('',#5152,#5160,#5162,.T.);
#5160 = VERTEX_POINT('',#5161);
#5161 = CARTESIAN_POINT('',(4.25,-0.35,2.85));
#5162 = LINE('',#5163,#5164);
#5163 = CARTESIAN_POINT('',(4.25,-0.35,2.461519607843));
#5164 = VECTOR('',#5165,1.);
#5165 = DIRECTION('',(-1.359631073447E-32,-1.110223024625E-16,-1.));
#5166 = ORIENTED_EDGE('',*,*,#5167,.T.);
#5167 = EDGE_CURVE('',#5160,#5144,#5168,.T.);
#5168 = LINE('',#5169,#5170);
#5169 = CARTESIAN_POINT('',(4.5,-0.35,2.85));
#5170 = VECTOR('',#5171,1.);
#5171 = DIRECTION('',(-1.,1.224646799147E-16,0.));
#5172 = PLANE('',#5173);
#5173 = AXIS2_PLACEMENT_3D('',#5174,#5175,#5176);
#5174 = CARTESIAN_POINT('',(4.75,-0.35,3.6));
#5175 = DIRECTION('',(-1.224646799147E-16,-1.,1.110223024625E-16));
#5176 = DIRECTION('',(-1.359631073447E-32,-1.110223024625E-16,-1.));
#5177 = ADVANCED_FACE('',(#5178,#5184),#5218,.F.);
#5178 = FACE_BOUND('',#5179,.F.);
#5179 = EDGE_LOOP('',(#5180,#5181,#5182,#5183));
#5180 = ORIENTED_EDGE('',*,*,#2945,.T.);
#5181 = ORIENTED_EDGE('',*,*,#2962,.T.);
#5182 = ORIENTED_EDGE('',*,*,#3365,.F.);
#5183 = ORIENTED_EDGE('',*,*,#2912,.F.);
#5184 = FACE_BOUND('',#5185,.F.);
#5185 = EDGE_LOOP('',(#5186,#5196,#5204,#5212));
#5186 = ORIENTED_EDGE('',*,*,#5187,.F.);
#5187 = EDGE_CURVE('',#5188,#5190,#5192,.T.);
#5188 = VERTEX_POINT('',#5189);
#5189 = CARTESIAN_POINT('',(1.75,-0.35,3.35));
#5190 = VERTEX_POINT('',#5191);
#5191 = CARTESIAN_POINT('',(1.75,-0.35,2.85));
#5192 = LINE('',#5193,#5194);
#5193 = CARTESIAN_POINT('',(1.75,-0.35,2.461519607843));
#5194 = VECTOR('',#5195,1.);
#5195 = DIRECTION('',(-1.359631073447E-32,-1.110223024625E-16,-1.));
#5196 = ORIENTED_EDGE('',*,*,#5197,.T.);
#5197 = EDGE_CURVE('',#5188,#5198,#5200,.T.);
#5198 = VERTEX_POINT('',#5199);
#5199 = CARTESIAN_POINT('',(2.25,-0.35,3.35));
#5200 = LINE('',#5201,#5202);
#5201 = CARTESIAN_POINT('',(2.5,-0.35,3.35));
#5202 = VECTOR('',#5203,1.);
#5203 = DIRECTION('',(1.,-1.224646799147E-16,0.));
#5204 = ORIENTED_EDGE('',*,*,#5205,.T.);
#5205 = EDGE_CURVE('',#5198,#5206,#5208,.T.);
#5206 = VERTEX_POINT('',#5207);
#5207 = CARTESIAN_POINT('',(2.25,-0.35,2.85));
#5208 = LINE('',#5209,#5210);
#5209 = CARTESIAN_POINT('',(2.25,-0.35,2.461519607843));
#5210 = VECTOR('',#5211,1.);
#5211 = DIRECTION('',(-1.359631073447E-32,-1.110223024625E-16,-1.));
#5212 = ORIENTED_EDGE('',*,*,#5213,.T.);
#5213 = EDGE_CURVE('',#5206,#5190,#5214,.T.);
#5214 = LINE('',#5215,#5216);
#5215 = CARTESIAN_POINT('',(2.5,-0.35,2.85));
#5216 = VECTOR('',#5217,1.);
#5217 = DIRECTION('',(-1.,1.224646799147E-16,0.));
#5218 = PLANE('',#5219);
#5219 = AXIS2_PLACEMENT_3D('',#5220,#5221,#5222);
#5220 = CARTESIAN_POINT('',(2.75,-0.35,3.6));
#5221 = DIRECTION('',(-1.224646799147E-16,-1.,1.110223024625E-16));
#5222 = DIRECTION('',(-1.359631073447E-32,-1.110223024625E-16,-1.));
#5223 = ADVANCED_FACE('',(#5224,#5230),#5264,.F.);
#5224 = FACE_BOUND('',#5225,.F.);
#5225 = EDGE_LOOP('',(#5226,#5227,#5228,#5229));
#5226 = ORIENTED_EDGE('',*,*,#3067,.T.);
#5227 = ORIENTED_EDGE('',*,*,#3325,.T.);
#5228 = ORIENTED_EDGE('',*,*,#3348,.F.);
#5229 = ORIENTED_EDGE('',*,*,#3017,.F.);
#5230 = FACE_BOUND('',#5231,.F.);
#5231 = EDGE_LOOP('',(#5232,#5242,#5250,#5258));
#5232 = ORIENTED_EDGE('',*,*,#5233,.T.);
#5233 = EDGE_CURVE('',#5234,#5236,#5238,.T.);
#5234 = VERTEX_POINT('',#5235);
#5235 = CARTESIAN_POINT('',(-0.25,-0.35,3.35));
#5236 = VERTEX_POINT('',#5237);
#5237 = CARTESIAN_POINT('',(0.25,-0.35,3.35));
#5238 = LINE('',#5239,#5240);
#5239 = CARTESIAN_POINT('',(0.5,-0.35,3.35));
#5240 = VECTOR('',#5241,1.);
#5241 = DIRECTION('',(1.,-1.224646799147E-16,0.));
#5242 = ORIENTED_EDGE('',*,*,#5243,.T.);
#5243 = EDGE_CURVE('',#5236,#5244,#5246,.T.);
#5244 = VERTEX_POINT('',#5245);
#5245 = CARTESIAN_POINT('',(0.25,-0.35,2.85));
#5246 = LINE('',#5247,#5248);
#5247 = CARTESIAN_POINT('',(0.25,-0.35,2.451106711288));
#5248 = VECTOR('',#5249,1.);
#5249 = DIRECTION('',(-1.359631073447E-32,-1.110223024625E-16,-1.));
#5250 = ORIENTED_EDGE('',*,*,#5251,.T.);
#5251 = EDGE_CURVE('',#5244,#5252,#5254,.T.);
#5252 = VERTEX_POINT('',#5253);
#5253 = CARTESIAN_POINT('',(-0.25,-0.35,2.85));
#5254 = LINE('',#5255,#5256);
#5255 = CARTESIAN_POINT('',(0.5,-0.35,2.85));
#5256 = VECTOR('',#5257,1.);
#5257 = DIRECTION('',(-1.,1.224646799147E-16,0.));
#5258 = ORIENTED_EDGE('',*,*,#5259,.F.);
#5259 = EDGE_CURVE('',#5234,#5252,#5260,.T.);
#5260 = LINE('',#5261,#5262);
#5261 = CARTESIAN_POINT('',(-0.25,-0.35,2.451106711288));
#5262 = VECTOR('',#5263,1.);
#5263 = DIRECTION('',(-1.359631073447E-32,-1.110223024625E-16,-1.));
#5264 = PLANE('',#5265);
#5265 = AXIS2_PLACEMENT_3D('',#5266,#5267,#5268);
#5266 = CARTESIAN_POINT('',(0.75,-0.35,3.6));
#5267 = DIRECTION('',(-1.224646799147E-16,-1.,1.110223024625E-16));
#5268 = DIRECTION('',(-1.359631073447E-32,-1.110223024625E-16,-1.));
#5269 = ADVANCED_FACE('',(#5270),#5281,.F.);
#5270 = FACE_BOUND('',#5271,.F.);
#5271 = EDGE_LOOP('',(#5272,#5278,#5279,#5280));
#5272 = ORIENTED_EDGE('',*,*,#5273,.T.);
#5273 = EDGE_CURVE('',#3124,#3186,#5274,.T.);
#5274 = LINE('',#5275,#5276);
#5275 = CARTESIAN_POINT('',(-0.95,-4.45,4.85));
#5276 = VECTOR('',#5277,1.);
#5277 = DIRECTION('',(-1.224646799147E-16,-1.,1.110223024625E-16));
#5278 = ORIENTED_EDGE('',*,*,#3193,.T.);
#5279 = ORIENTED_EDGE('',*,*,#4005,.F.);
#5280 = ORIENTED_EDGE('',*,*,#3123,.F.);
#5281 = PLANE('',#5282);
#5282 = AXIS2_PLACEMENT_3D('',#5283,#5284,#5285);
#5283 = CARTESIAN_POINT('',(-0.95,-4.45,4.85));
#5284 = DIRECTION('',(1.,-1.224646799147E-16,0.));
#5285 = DIRECTION('',(-1.359631073446E-32,-1.110223024625E-16,-1.));
#5286 = ADVANCED_FACE('',(#5287),#5293,.F.);
#5287 = FACE_BOUND('',#5288,.F.);
#5288 = EDGE_LOOP('',(#5289,#5290,#5291,#5292));
#5289 = ORIENTED_EDGE('',*,*,#3162,.T.);
#5290 = ORIENTED_EDGE('',*,*,#3185,.T.);
#5291 = ORIENTED_EDGE('',*,*,#5273,.F.);
#5292 = ORIENTED_EDGE('',*,*,#3131,.F.);
#5293 = PLANE('',#5294);
#5294 = AXIS2_PLACEMENT_3D('',#5295,#5296,#5297);
#5295 = CARTESIAN_POINT('',(-0.45,-4.45,4.85));
#5296 = DIRECTION('',(-1.359631073447E-32,-1.110223024625E-16,-1.));
#5297 = DIRECTION('',(-1.,1.224646799147E-16,6.927121900793E-45));
#5298 = ADVANCED_FACE('',(#5299),#5324,.F.);
#5299 = FACE_BOUND('',#5300,.F.);
#5300 = EDGE_LOOP('',(#5301,#5309,#5310,#5318));
#5301 = ORIENTED_EDGE('',*,*,#5302,.F.);
#5302 = EDGE_CURVE('',#4138,#5303,#5305,.T.);
#5303 = VERTEX_POINT('',#5304);
#5304 = CARTESIAN_POINT('',(9.95,-5.75,3.05));
#5305 = LINE('',#5306,#5307);
#5306 = CARTESIAN_POINT('',(9.9,-5.7,3.));
#5307 = VECTOR('',#5308,1.);
#5308 = DIRECTION('',(0.57735026919,-0.57735026919,0.57735026919));
#5309 = ORIENTED_EDGE('',*,*,#4137,.T.);
#5310 = ORIENTED_EDGE('',*,*,#5311,.T.);
#5311 = EDGE_CURVE('',#4140,#5312,#5314,.T.);
#5312 = VERTEX_POINT('',#5313);
#5313 = CARTESIAN_POINT('',(9.95,-5.75,3.15));
#5314 = LINE('',#5315,#5316);
#5315 = CARTESIAN_POINT('',(9.983333333333,-5.783333333333,
    3.116666666667));
#5316 = VECTOR('',#5317,1.);
#5317 = DIRECTION('',(0.57735026919,-0.57735026919,-0.57735026919));
#5318 = ORIENTED_EDGE('',*,*,#5319,.F.);
#5319 = EDGE_CURVE('',#5303,#5312,#5320,.T.);
#5320 = LINE('',#5321,#5322);
#5321 = CARTESIAN_POINT('',(9.95,-5.75,2.85));
#5322 = VECTOR('',#5323,1.);
#5323 = DIRECTION('',(0.,0.,1.));
#5324 = PLANE('',#5325);
#5325 = AXIS2_PLACEMENT_3D('',#5326,#5327,#5328);
#5326 = CARTESIAN_POINT('',(9.85,-5.65,2.85));
#5327 = DIRECTION('',(0.707106781187,0.707106781187,1.735417226644E-18)
  );
#5328 = DIRECTION('',(-1.227125289148E-18,-1.227125289148E-18,1.));
#5329 = ADVANCED_FACE('',(#5330),#5348,.T.);
#5330 = FACE_BOUND('',#5331,.F.);
#5331 = EDGE_LOOP('',(#5332,#5340,#5341,#5342));
#5332 = ORIENTED_EDGE('',*,*,#5333,.F.);
#5333 = EDGE_CURVE('',#4169,#5334,#5336,.T.);
#5334 = VERTEX_POINT('',#5335);
#5335 = CARTESIAN_POINT('',(10.05,-5.75,3.05));
#5336 = LINE('',#5337,#5338);
#5337 = CARTESIAN_POINT('',(10.183333333333,-5.616666666667,
    2.916666666667));
#5338 = VECTOR('',#5339,1.);
#5339 = DIRECTION('',(-0.57735026919,-0.57735026919,0.57735026919));
#5340 = ORIENTED_EDGE('',*,*,#4178,.T.);
#5341 = ORIENTED_EDGE('',*,*,#5302,.T.);
#5342 = ORIENTED_EDGE('',*,*,#5343,.F.);
#5343 = EDGE_CURVE('',#5334,#5303,#5344,.T.);
#5344 = LINE('',#5345,#5346);
#5345 = CARTESIAN_POINT('',(10.25,-5.75,3.05));
#5346 = VECTOR('',#5347,1.);
#5347 = DIRECTION('',(-1.,1.224646799147E-16,0.));
#5348 = PLANE('',#5349);
#5349 = AXIS2_PLACEMENT_3D('',#5350,#5351,#5352);
#5350 = CARTESIAN_POINT('',(10.25,-5.65,2.95));
#5351 = DIRECTION('',(-8.659560562349E-17,-0.707106781187,
    -0.707106781187));
#5352 = DIRECTION('',(1.,-1.224646799147E-16,2.105272540809E-29));
#5353 = ADVANCED_FACE('',(#5354),#5372,.T.);
#5354 = FACE_BOUND('',#5355,.T.);
#5355 = EDGE_LOOP('',(#5356,#5357,#5358,#5366));
#5356 = ORIENTED_EDGE('',*,*,#5333,.F.);
#5357 = ORIENTED_EDGE('',*,*,#4192,.T.);
#5358 = ORIENTED_EDGE('',*,*,#5359,.T.);
#5359 = EDGE_CURVE('',#4193,#5360,#5362,.T.);
#5360 = VERTEX_POINT('',#5361);
#5361 = CARTESIAN_POINT('',(10.05,-5.75,3.15));
#5362 = LINE('',#5363,#5364);
#5363 = CARTESIAN_POINT('',(10.1,-5.7,3.2));
#5364 = VECTOR('',#5365,1.);
#5365 = DIRECTION('',(-0.57735026919,-0.57735026919,-0.57735026919));
#5366 = ORIENTED_EDGE('',*,*,#5367,.F.);
#5367 = EDGE_CURVE('',#5334,#5360,#5368,.T.);
#5368 = LINE('',#5369,#5370);
#5369 = CARTESIAN_POINT('',(10.05,-5.75,2.85));
#5370 = VECTOR('',#5371,1.);
#5371 = DIRECTION('',(0.,0.,1.));
#5372 = PLANE('',#5373);
#5373 = AXIS2_PLACEMENT_3D('',#5374,#5375,#5376);
#5374 = CARTESIAN_POINT('',(10.15,-5.65,2.85));
#5375 = DIRECTION('',(0.707106781187,-0.707106781187,-1.735417226644E-18
    ));
#5376 = DIRECTION('',(1.227125289148E-18,-1.227125289148E-18,1.));
#5377 = ADVANCED_FACE('',(#5378),#5389,.T.);
#5378 = FACE_BOUND('',#5379,.T.);
#5379 = EDGE_LOOP('',(#5380,#5381,#5382,#5383));
#5380 = ORIENTED_EDGE('',*,*,#5359,.F.);
#5381 = ORIENTED_EDGE('',*,*,#4217,.T.);
#5382 = ORIENTED_EDGE('',*,*,#5311,.T.);
#5383 = ORIENTED_EDGE('',*,*,#5384,.F.);
#5384 = EDGE_CURVE('',#5360,#5312,#5385,.T.);
#5385 = LINE('',#5386,#5387);
#5386 = CARTESIAN_POINT('',(10.25,-5.75,3.15));
#5387 = VECTOR('',#5388,1.);
#5388 = DIRECTION('',(-1.,1.224646799147E-16,0.));
#5389 = PLANE('',#5390);
#5390 = AXIS2_PLACEMENT_3D('',#5391,#5392,#5393);
#5391 = CARTESIAN_POINT('',(10.25,-5.65,3.25));
#5392 = DIRECTION('',(-8.659560562349E-17,-0.707106781187,0.707106781187
    ));
#5393 = DIRECTION('',(-1.,1.224646799147E-16,2.105272540809E-29));
#5394 = ADVANCED_FACE('',(#5395),#5420,.T.);
#5395 = FACE_BOUND('',#5396,.T.);
#5396 = EDGE_LOOP('',(#5397,#5405,#5406,#5414));
#5397 = ORIENTED_EDGE('',*,*,#5398,.F.);
#5398 = EDGE_CURVE('',#4234,#5399,#5401,.T.);
#5399 = VERTEX_POINT('',#5400);
#5400 = CARTESIAN_POINT('',(8.05,-5.75,3.15));
#5401 = LINE('',#5402,#5403);
#5402 = CARTESIAN_POINT('',(8.1,-5.7,3.2));
#5403 = VECTOR('',#5404,1.);
#5404 = DIRECTION('',(-0.57735026919,-0.57735026919,-0.57735026919));
#5405 = ORIENTED_EDGE('',*,*,#4241,.T.);
#5406 = ORIENTED_EDGE('',*,*,#5407,.T.);
#5407 = EDGE_CURVE('',#4242,#5408,#5410,.T.);
#5408 = VERTEX_POINT('',#5409);
#5409 = CARTESIAN_POINT('',(7.95,-5.75,3.15));
#5410 = LINE('',#5411,#5412);
#5411 = CARTESIAN_POINT('',(7.983333333333,-5.783333333333,
    3.116666666667));
#5412 = VECTOR('',#5413,1.);
#5413 = DIRECTION('',(0.57735026919,-0.57735026919,-0.57735026919));
#5414 = ORIENTED_EDGE('',*,*,#5415,.F.);
#5415 = EDGE_CURVE('',#5399,#5408,#5416,.T.);
#5416 = LINE('',#5417,#5418);
#5417 = CARTESIAN_POINT('',(8.25,-5.75,3.15));
#5418 = VECTOR('',#5419,1.);
#5419 = DIRECTION('',(-1.,1.224646799147E-16,0.));
#5420 = PLANE('',#5421);
#5421 = AXIS2_PLACEMENT_3D('',#5422,#5423,#5424);
#5422 = CARTESIAN_POINT('',(8.25,-5.65,3.25));
#5423 = DIRECTION('',(-8.659560562349E-17,-0.707106781187,0.707106781187
    ));
#5424 = DIRECTION('',(-1.,1.224646799147E-16,2.105272540809E-29));
#5425 = ADVANCED_FACE('',(#5426),#5444,.F.);
#5426 = FACE_BOUND('',#5427,.F.);
#5427 = EDGE_LOOP('',(#5428,#5436,#5437,#5438));
#5428 = ORIENTED_EDGE('',*,*,#5429,.F.);
#5429 = EDGE_CURVE('',#4265,#5430,#5432,.T.);
#5430 = VERTEX_POINT('',#5431);
#5431 = CARTESIAN_POINT('',(7.95,-5.75,3.05));
#5432 = LINE('',#5433,#5434);
#5433 = CARTESIAN_POINT('',(7.9,-5.7,3.));
#5434 = VECTOR('',#5435,1.);
#5435 = DIRECTION('',(0.57735026919,-0.57735026919,0.57735026919));
#5436 = ORIENTED_EDGE('',*,*,#4264,.T.);
#5437 = ORIENTED_EDGE('',*,*,#5407,.T.);
#5438 = ORIENTED_EDGE('',*,*,#5439,.F.);
#5439 = EDGE_CURVE('',#5430,#5408,#5440,.T.);
#5440 = LINE('',#5441,#5442);
#5441 = CARTESIAN_POINT('',(7.95,-5.75,2.85));
#5442 = VECTOR('',#5443,1.);
#5443 = DIRECTION('',(0.,0.,1.));
#5444 = PLANE('',#5445);
#5445 = AXIS2_PLACEMENT_3D('',#5446,#5447,#5448);
#5446 = CARTESIAN_POINT('',(7.85,-5.65,2.85));
#5447 = DIRECTION('',(0.707106781187,0.707106781187,1.735417226644E-18)
  );
#5448 = DIRECTION('',(-1.227125289148E-18,-1.227125289148E-18,1.));
#5449 = ADVANCED_FACE('',(#5450),#5468,.T.);
#5450 = FACE_BOUND('',#5451,.F.);
#5451 = EDGE_LOOP('',(#5452,#5460,#5461,#5462));
#5452 = ORIENTED_EDGE('',*,*,#5453,.F.);
#5453 = EDGE_CURVE('',#4289,#5454,#5456,.T.);
#5454 = VERTEX_POINT('',#5455);
#5455 = CARTESIAN_POINT('',(8.05,-5.75,3.05));
#5456 = LINE('',#5457,#5458);
#5457 = CARTESIAN_POINT('',(8.183333333333,-5.616666666667,
    2.916666666667));
#5458 = VECTOR('',#5459,1.);
#5459 = DIRECTION('',(-0.57735026919,-0.57735026919,0.57735026919));
#5460 = ORIENTED_EDGE('',*,*,#4298,.T.);
#5461 = ORIENTED_EDGE('',*,*,#5429,.T.);
#5462 = ORIENTED_EDGE('',*,*,#5463,.F.);
#5463 = EDGE_CURVE('',#5454,#5430,#5464,.T.);
#5464 = LINE('',#5465,#5466);
#5465 = CARTESIAN_POINT('',(8.25,-5.75,3.05));
#5466 = VECTOR('',#5467,1.);
#5467 = DIRECTION('',(-1.,1.224646799147E-16,0.));
#5468 = PLANE('',#5469);
#5469 = AXIS2_PLACEMENT_3D('',#5470,#5471,#5472);
#5470 = CARTESIAN_POINT('',(8.25,-5.65,2.95));
#5471 = DIRECTION('',(-8.659560562349E-17,-0.707106781187,
    -0.707106781187));
#5472 = DIRECTION('',(1.,-1.224646799147E-16,2.105272540809E-29));
#5473 = ADVANCED_FACE('',(#5474),#5485,.T.);
#5474 = FACE_BOUND('',#5475,.T.);
#5475 = EDGE_LOOP('',(#5476,#5477,#5478,#5479));
#5476 = ORIENTED_EDGE('',*,*,#5453,.F.);
#5477 = ORIENTED_EDGE('',*,*,#4312,.T.);
#5478 = ORIENTED_EDGE('',*,*,#5398,.T.);
#5479 = ORIENTED_EDGE('',*,*,#5480,.F.);
#5480 = EDGE_CURVE('',#5454,#5399,#5481,.T.);
#5481 = LINE('',#5482,#5483);
#5482 = CARTESIAN_POINT('',(8.05,-5.75,2.85));
#5483 = VECTOR('',#5484,1.);
#5484 = DIRECTION('',(0.,0.,1.));
#5485 = PLANE('',#5486);
#5486 = AXIS2_PLACEMENT_3D('',#5487,#5488,#5489);
#5487 = CARTESIAN_POINT('',(8.15,-5.65,2.85));
#5488 = DIRECTION('',(0.707106781187,-0.707106781187,-1.735417226644E-18
    ));
#5489 = DIRECTION('',(1.227125289148E-18,-1.227125289148E-18,1.));
#5490 = ADVANCED_FACE('',(#5491),#5516,.T.);
#5491 = FACE_BOUND('',#5492,.T.);
#5492 = EDGE_LOOP('',(#5493,#5501,#5502,#5510));
#5493 = ORIENTED_EDGE('',*,*,#5494,.F.);
#5494 = EDGE_CURVE('',#4330,#5495,#5497,.T.);
#5495 = VERTEX_POINT('',#5496);
#5496 = CARTESIAN_POINT('',(6.05,-5.75,3.05));
#5497 = LINE('',#5498,#5499);
#5498 = CARTESIAN_POINT('',(6.183333333333,-5.616666666667,
    2.916666666667));
#5499 = VECTOR('',#5500,1.);
#5500 = DIRECTION('',(-0.57735026919,-0.57735026919,0.57735026919));
#5501 = ORIENTED_EDGE('',*,*,#4329,.T.);
#5502 = ORIENTED_EDGE('',*,*,#5503,.T.);
#5503 = EDGE_CURVE('',#4332,#5504,#5506,.T.);
#5504 = VERTEX_POINT('',#5505);
#5505 = CARTESIAN_POINT('',(6.05,-5.75,3.15));
#5506 = LINE('',#5507,#5508);
#5507 = CARTESIAN_POINT('',(6.1,-5.7,3.2));
#5508 = VECTOR('',#5509,1.);
#5509 = DIRECTION('',(-0.57735026919,-0.57735026919,-0.57735026919));
#5510 = ORIENTED_EDGE('',*,*,#5511,.F.);
#5511 = EDGE_CURVE('',#5495,#5504,#5512,.T.);
#5512 = LINE('',#5513,#5514);
#5513 = CARTESIAN_POINT('',(6.05,-5.75,2.85));
#5514 = VECTOR('',#5515,1.);
#5515 = DIRECTION('',(0.,0.,1.));
#5516 = PLANE('',#5517);
#5517 = AXIS2_PLACEMENT_3D('',#5518,#5519,#5520);
#5518 = CARTESIAN_POINT('',(6.15,-5.65,2.85));
#5519 = DIRECTION('',(0.707106781187,-0.707106781187,-1.735417226644E-18
    ));
#5520 = DIRECTION('',(1.227125289148E-18,-1.227125289148E-18,1.));
#5521 = ADVANCED_FACE('',(#5522),#5540,.T.);
#5522 = FACE_BOUND('',#5523,.T.);
#5523 = EDGE_LOOP('',(#5524,#5525,#5526,#5534));
#5524 = ORIENTED_EDGE('',*,*,#5503,.F.);
#5525 = ORIENTED_EDGE('',*,*,#4361,.T.);
#5526 = ORIENTED_EDGE('',*,*,#5527,.T.);
#5527 = EDGE_CURVE('',#4362,#5528,#5530,.T.);
#5528 = VERTEX_POINT('',#5529);
#5529 = CARTESIAN_POINT('',(5.95,-5.75,3.15));
#5530 = LINE('',#5531,#5532);
#5531 = CARTESIAN_POINT('',(5.983333333333,-5.783333333333,
    3.116666666667));
#5532 = VECTOR('',#5533,1.);
#5533 = DIRECTION('',(0.57735026919,-0.57735026919,-0.57735026919));
#5534 = ORIENTED_EDGE('',*,*,#5535,.F.);
#5535 = EDGE_CURVE('',#5504,#5528,#5536,.T.);
#5536 = LINE('',#5537,#5538);
#5537 = CARTESIAN_POINT('',(6.25,-5.75,3.15));
#5538 = VECTOR('',#5539,1.);
#5539 = DIRECTION('',(-1.,1.224646799147E-16,0.));
#5540 = PLANE('',#5541);
#5541 = AXIS2_PLACEMENT_3D('',#5542,#5543,#5544);
#5542 = CARTESIAN_POINT('',(6.25,-5.65,3.25));
#5543 = DIRECTION('',(-8.659560562349E-17,-0.707106781187,0.707106781187
    ));
#5544 = DIRECTION('',(-1.,1.224646799147E-16,2.105272540809E-29));
#5545 = ADVANCED_FACE('',(#5546),#5564,.F.);
#5546 = FACE_BOUND('',#5547,.F.);
#5547 = EDGE_LOOP('',(#5548,#5556,#5557,#5558));
#5548 = ORIENTED_EDGE('',*,*,#5549,.F.);
#5549 = EDGE_CURVE('',#4385,#5550,#5552,.T.);
#5550 = VERTEX_POINT('',#5551);
#5551 = CARTESIAN_POINT('',(5.95,-5.75,3.05));
#5552 = LINE('',#5553,#5554);
#5553 = CARTESIAN_POINT('',(5.9,-5.7,3.));
#5554 = VECTOR('',#5555,1.);
#5555 = DIRECTION('',(0.57735026919,-0.57735026919,0.57735026919));
#5556 = ORIENTED_EDGE('',*,*,#4384,.T.);
#5557 = ORIENTED_EDGE('',*,*,#5527,.T.);
#5558 = ORIENTED_EDGE('',*,*,#5559,.F.);
#5559 = EDGE_CURVE('',#5550,#5528,#5560,.T.);
#5560 = LINE('',#5561,#5562);
#5561 = CARTESIAN_POINT('',(5.95,-5.75,2.85));
#5562 = VECTOR('',#5563,1.);
#5563 = DIRECTION('',(0.,0.,1.));
#5564 = PLANE('',#5565);
#5565 = AXIS2_PLACEMENT_3D('',#5566,#5567,#5568);
#5566 = CARTESIAN_POINT('',(5.85,-5.65,2.85));
#5567 = DIRECTION('',(0.707106781187,0.707106781187,1.735417226644E-18)
  );
#5568 = DIRECTION('',(-1.227125289148E-18,-1.227125289148E-18,1.));
#5569 = ADVANCED_FACE('',(#5570),#5581,.T.);
#5570 = FACE_BOUND('',#5571,.F.);
#5571 = EDGE_LOOP('',(#5572,#5573,#5574,#5575));
#5572 = ORIENTED_EDGE('',*,*,#5494,.F.);
#5573 = ORIENTED_EDGE('',*,*,#4411,.T.);
#5574 = ORIENTED_EDGE('',*,*,#5549,.T.);
#5575 = ORIENTED_EDGE('',*,*,#5576,.F.);
#5576 = EDGE_CURVE('',#5495,#5550,#5577,.T.);
#5577 = LINE('',#5578,#5579);
#5578 = CARTESIAN_POINT('',(6.25,-5.75,3.05));
#5579 = VECTOR('',#5580,1.);
#5580 = DIRECTION('',(-1.,1.224646799147E-16,0.));
#5581 = PLANE('',#5582);
#5582 = AXIS2_PLACEMENT_3D('',#5583,#5584,#5585);
#5583 = CARTESIAN_POINT('',(6.25,-5.65,2.95));
#5584 = DIRECTION('',(-8.659560562349E-17,-0.707106781187,
    -0.707106781187));
#5585 = DIRECTION('',(1.,-1.224646799147E-16,2.105272540809E-29));
#5586 = ADVANCED_FACE('',(#5587),#5612,.F.);
#5587 = FACE_BOUND('',#5588,.F.);
#5588 = EDGE_LOOP('',(#5589,#5597,#5598,#5606));
#5589 = ORIENTED_EDGE('',*,*,#5590,.F.);
#5590 = EDGE_CURVE('',#4426,#5591,#5593,.T.);
#5591 = VERTEX_POINT('',#5592);
#5592 = CARTESIAN_POINT('',(1.95,-5.75,3.05));
#5593 = LINE('',#5594,#5595);
#5594 = CARTESIAN_POINT('',(1.9,-5.7,3.));
#5595 = VECTOR('',#5596,1.);
#5596 = DIRECTION('',(0.57735026919,-0.57735026919,0.57735026919));
#5597 = ORIENTED_EDGE('',*,*,#4425,.T.);
#5598 = ORIENTED_EDGE('',*,*,#5599,.T.);
#5599 = EDGE_CURVE('',#4428,#5600,#5602,.T.);
#5600 = VERTEX_POINT('',#5601);
#5601 = CARTESIAN_POINT('',(1.95,-5.75,3.15));
#5602 = LINE('',#5603,#5604);
#5603 = CARTESIAN_POINT('',(1.983333333333,-5.783333333333,
    3.116666666667));
#5604 = VECTOR('',#5605,1.);
#5605 = DIRECTION('',(0.57735026919,-0.57735026919,-0.57735026919));
#5606 = ORIENTED_EDGE('',*,*,#5607,.F.);
#5607 = EDGE_CURVE('',#5591,#5600,#5608,.T.);
#5608 = LINE('',#5609,#5610);
#5609 = CARTESIAN_POINT('',(1.95,-5.75,2.85));
#5610 = VECTOR('',#5611,1.);
#5611 = DIRECTION('',(0.,0.,1.));
#5612 = PLANE('',#5613);
#5613 = AXIS2_PLACEMENT_3D('',#5614,#5615,#5616);
#5614 = CARTESIAN_POINT('',(1.85,-5.65,2.85));
#5615 = DIRECTION('',(0.707106781187,0.707106781187,1.735417226644E-18)
  );
#5616 = DIRECTION('',(-1.227125289148E-18,-1.227125289148E-18,1.));
#5617 = ADVANCED_FACE('',(#5618),#5636,.T.);
#5618 = FACE_BOUND('',#5619,.F.);
#5619 = EDGE_LOOP('',(#5620,#5628,#5629,#5630));
#5620 = ORIENTED_EDGE('',*,*,#5621,.F.);
#5621 = EDGE_CURVE('',#4457,#5622,#5624,.T.);
#5622 = VERTEX_POINT('',#5623);
#5623 = CARTESIAN_POINT('',(2.05,-5.75,3.05));
#5624 = LINE('',#5625,#5626);
#5625 = CARTESIAN_POINT('',(2.183333333333,-5.616666666667,
    2.916666666667));
#5626 = VECTOR('',#5627,1.);
#5627 = DIRECTION('',(-0.57735026919,-0.57735026919,0.57735026919));
#5628 = ORIENTED_EDGE('',*,*,#4466,.T.);
#5629 = ORIENTED_EDGE('',*,*,#5590,.T.);
#5630 = ORIENTED_EDGE('',*,*,#5631,.F.);
#5631 = EDGE_CURVE('',#5622,#5591,#5632,.T.);
#5632 = LINE('',#5633,#5634);
#5633 = CARTESIAN_POINT('',(2.25,-5.75,3.05));
#5634 = VECTOR('',#5635,1.);
#5635 = DIRECTION('',(-1.,1.224646799147E-16,0.));
#5636 = PLANE('',#5637);
#5637 = AXIS2_PLACEMENT_3D('',#5638,#5639,#5640);
#5638 = CARTESIAN_POINT('',(2.25,-5.65,2.95));
#5639 = DIRECTION('',(-8.659560562349E-17,-0.707106781187,
    -0.707106781187));
#5640 = DIRECTION('',(1.,-1.224646799147E-16,2.105272540809E-29));
#5641 = ADVANCED_FACE('',(#5642),#5660,.T.);
#5642 = FACE_BOUND('',#5643,.T.);
#5643 = EDGE_LOOP('',(#5644,#5645,#5646,#5654));
#5644 = ORIENTED_EDGE('',*,*,#5621,.F.);
#5645 = ORIENTED_EDGE('',*,*,#4480,.T.);
#5646 = ORIENTED_EDGE('',*,*,#5647,.T.);
#5647 = EDGE_CURVE('',#4481,#5648,#5650,.T.);
#5648 = VERTEX_POINT('',#5649);
#5649 = CARTESIAN_POINT('',(2.05,-5.75,3.15));
#5650 = LINE('',#5651,#5652);
#5651 = CARTESIAN_POINT('',(2.1,-5.7,3.2));
#5652 = VECTOR('',#5653,1.);
#5653 = DIRECTION('',(-0.57735026919,-0.57735026919,-0.57735026919));
#5654 = ORIENTED_EDGE('',*,*,#5655,.F.);
#5655 = EDGE_CURVE('',#5622,#5648,#5656,.T.);
#5656 = LINE('',#5657,#5658);
#5657 = CARTESIAN_POINT('',(2.05,-5.75,2.85));
#5658 = VECTOR('',#5659,1.);
#5659 = DIRECTION('',(0.,0.,1.));
#5660 = PLANE('',#5661);
#5661 = AXIS2_PLACEMENT_3D('',#5662,#5663,#5664);
#5662 = CARTESIAN_POINT('',(2.15,-5.65,2.85));
#5663 = DIRECTION('',(0.707106781187,-0.707106781187,-1.735417226644E-18
    ));
#5664 = DIRECTION('',(1.227125289148E-18,-1.227125289148E-18,1.));
#5665 = ADVANCED_FACE('',(#5666),#5677,.T.);
#5666 = FACE_BOUND('',#5667,.T.);
#5667 = EDGE_LOOP('',(#5668,#5669,#5670,#5671));
#5668 = ORIENTED_EDGE('',*,*,#5647,.F.);
#5669 = ORIENTED_EDGE('',*,*,#4505,.T.);
#5670 = ORIENTED_EDGE('',*,*,#5599,.T.);
#5671 = ORIENTED_EDGE('',*,*,#5672,.F.);
#5672 = EDGE_CURVE('',#5648,#5600,#5673,.T.);
#5673 = LINE('',#5674,#5675);
#5674 = CARTESIAN_POINT('',(2.25,-5.75,3.15));
#5675 = VECTOR('',#5676,1.);
#5676 = DIRECTION('',(-1.,1.224646799147E-16,0.));
#5677 = PLANE('',#5678);
#5678 = AXIS2_PLACEMENT_3D('',#5679,#5680,#5681);
#5679 = CARTESIAN_POINT('',(2.25,-5.65,3.25));
#5680 = DIRECTION('',(-8.659560562349E-17,-0.707106781187,0.707106781187
    ));
#5681 = DIRECTION('',(-1.,1.224646799147E-16,2.105272540809E-29));
#5682 = ADVANCED_FACE('',(#5683),#5708,.F.);
#5683 = FACE_BOUND('',#5684,.F.);
#5684 = EDGE_LOOP('',(#5685,#5693,#5694,#5702));
#5685 = ORIENTED_EDGE('',*,*,#5686,.F.);
#5686 = EDGE_CURVE('',#4522,#5687,#5689,.T.);
#5687 = VERTEX_POINT('',#5688);
#5688 = CARTESIAN_POINT('',(3.95,-5.75,3.05));
#5689 = LINE('',#5690,#5691);
#5690 = CARTESIAN_POINT('',(3.9,-5.7,3.));
#5691 = VECTOR('',#5692,1.);
#5692 = DIRECTION('',(0.57735026919,-0.57735026919,0.57735026919));
#5693 = ORIENTED_EDGE('',*,*,#4521,.T.);
#5694 = ORIENTED_EDGE('',*,*,#5695,.T.);
#5695 = EDGE_CURVE('',#4524,#5696,#5698,.T.);
#5696 = VERTEX_POINT('',#5697);
#5697 = CARTESIAN_POINT('',(3.95,-5.75,3.15));
#5698 = LINE('',#5699,#5700);
#5699 = CARTESIAN_POINT('',(3.983333333333,-5.783333333333,
    3.116666666667));
#5700 = VECTOR('',#5701,1.);
#5701 = DIRECTION('',(0.57735026919,-0.57735026919,-0.57735026919));
#5702 = ORIENTED_EDGE('',*,*,#5703,.F.);
#5703 = EDGE_CURVE('',#5687,#5696,#5704,.T.);
#5704 = LINE('',#5705,#5706);
#5705 = CARTESIAN_POINT('',(3.95,-5.75,2.85));
#5706 = VECTOR('',#5707,1.);
#5707 = DIRECTION('',(0.,0.,1.));
#5708 = PLANE('',#5709);
#5709 = AXIS2_PLACEMENT_3D('',#5710,#5711,#5712);
#5710 = CARTESIAN_POINT('',(3.85,-5.65,2.85));
#5711 = DIRECTION('',(0.707106781187,0.707106781187,1.735417226644E-18)
  );
#5712 = DIRECTION('',(-1.227125289148E-18,-1.227125289148E-18,1.));
#5713 = ADVANCED_FACE('',(#5714),#5732,.T.);
#5714 = FACE_BOUND('',#5715,.F.);
#5715 = EDGE_LOOP('',(#5716,#5724,#5725,#5726));
#5716 = ORIENTED_EDGE('',*,*,#5717,.F.);
#5717 = EDGE_CURVE('',#4553,#5718,#5720,.T.);
#5718 = VERTEX_POINT('',#5719);
#5719 = CARTESIAN_POINT('',(4.05,-5.75,3.05));
#5720 = LINE('',#5721,#5722);
#5721 = CARTESIAN_POINT('',(4.183333333333,-5.616666666667,
    2.916666666667));
#5722 = VECTOR('',#5723,1.);
#5723 = DIRECTION('',(-0.57735026919,-0.57735026919,0.57735026919));
#5724 = ORIENTED_EDGE('',*,*,#4562,.T.);
#5725 = ORIENTED_EDGE('',*,*,#5686,.T.);
#5726 = ORIENTED_EDGE('',*,*,#5727,.F.);
#5727 = EDGE_CURVE('',#5718,#5687,#5728,.T.);
#5728 = LINE('',#5729,#5730);
#5729 = CARTESIAN_POINT('',(4.25,-5.75,3.05));
#5730 = VECTOR('',#5731,1.);
#5731 = DIRECTION('',(-1.,1.224646799147E-16,0.));
#5732 = PLANE('',#5733);
#5733 = AXIS2_PLACEMENT_3D('',#5734,#5735,#5736);
#5734 = CARTESIAN_POINT('',(4.25,-5.65,2.95));
#5735 = DIRECTION('',(-8.659560562349E-17,-0.707106781187,
    -0.707106781187));
#5736 = DIRECTION('',(1.,-1.224646799147E-16,2.105272540809E-29));
#5737 = ADVANCED_FACE('',(#5738),#5756,.T.);
#5738 = FACE_BOUND('',#5739,.T.);
#5739 = EDGE_LOOP('',(#5740,#5741,#5742,#5750));
#5740 = ORIENTED_EDGE('',*,*,#5717,.F.);
#5741 = ORIENTED_EDGE('',*,*,#4576,.T.);
#5742 = ORIENTED_EDGE('',*,*,#5743,.T.);
#5743 = EDGE_CURVE('',#4577,#5744,#5746,.T.);
#5744 = VERTEX_POINT('',#5745);
#5745 = CARTESIAN_POINT('',(4.05,-5.75,3.15));
#5746 = LINE('',#5747,#5748);
#5747 = CARTESIAN_POINT('',(4.1,-5.7,3.2));
#5748 = VECTOR('',#5749,1.);
#5749 = DIRECTION('',(-0.57735026919,-0.57735026919,-0.57735026919));
#5750 = ORIENTED_EDGE('',*,*,#5751,.F.);
#5751 = EDGE_CURVE('',#5718,#5744,#5752,.T.);
#5752 = LINE('',#5753,#5754);
#5753 = CARTESIAN_POINT('',(4.05,-5.75,2.85));
#5754 = VECTOR('',#5755,1.);
#5755 = DIRECTION('',(0.,0.,1.));
#5756 = PLANE('',#5757);
#5757 = AXIS2_PLACEMENT_3D('',#5758,#5759,#5760);
#5758 = CARTESIAN_POINT('',(4.15,-5.65,2.85));
#5759 = DIRECTION('',(0.707106781187,-0.707106781187,-1.735417226644E-18
    ));
#5760 = DIRECTION('',(1.227125289148E-18,-1.227125289148E-18,1.));
#5761 = ADVANCED_FACE('',(#5762),#5773,.T.);
#5762 = FACE_BOUND('',#5763,.T.);
#5763 = EDGE_LOOP('',(#5764,#5765,#5766,#5767));
#5764 = ORIENTED_EDGE('',*,*,#5743,.F.);
#5765 = ORIENTED_EDGE('',*,*,#4601,.T.);
#5766 = ORIENTED_EDGE('',*,*,#5695,.T.);
#5767 = ORIENTED_EDGE('',*,*,#5768,.F.);
#5768 = EDGE_CURVE('',#5744,#5696,#5769,.T.);
#5769 = LINE('',#5770,#5771);
#5770 = CARTESIAN_POINT('',(4.25,-5.75,3.15));
#5771 = VECTOR('',#5772,1.);
#5772 = DIRECTION('',(-1.,1.224646799147E-16,0.));
#5773 = PLANE('',#5774);
#5774 = AXIS2_PLACEMENT_3D('',#5775,#5776,#5777);
#5775 = CARTESIAN_POINT('',(4.25,-5.65,3.25));
#5776 = DIRECTION('',(-8.659560562349E-17,-0.707106781187,0.707106781187
    ));
#5777 = DIRECTION('',(-1.,1.224646799147E-16,2.105272540809E-29));
#5778 = ADVANCED_FACE('',(#5779),#5804,.F.);
#5779 = FACE_BOUND('',#5780,.F.);
#5780 = EDGE_LOOP('',(#5781,#5789,#5790,#5798));
#5781 = ORIENTED_EDGE('',*,*,#5782,.F.);
#5782 = EDGE_CURVE('',#4618,#5783,#5785,.T.);
#5783 = VERTEX_POINT('',#5784);
#5784 = CARTESIAN_POINT('',(11.95,-5.75,3.05));
#5785 = LINE('',#5786,#5787);
#5786 = CARTESIAN_POINT('',(11.9,-5.7,3.));
#5787 = VECTOR('',#5788,1.);
#5788 = DIRECTION('',(0.57735026919,-0.57735026919,0.57735026919));
#5789 = ORIENTED_EDGE('',*,*,#4617,.T.);
#5790 = ORIENTED_EDGE('',*,*,#5791,.T.);
#5791 = EDGE_CURVE('',#4620,#5792,#5794,.T.);
#5792 = VERTEX_POINT('',#5793);
#5793 = CARTESIAN_POINT('',(11.95,-5.75,3.15));
#5794 = LINE('',#5795,#5796);
#5795 = CARTESIAN_POINT('',(11.983333333333,-5.783333333333,
    3.116666666667));
#5796 = VECTOR('',#5797,1.);
#5797 = DIRECTION('',(0.57735026919,-0.57735026919,-0.57735026919));
#5798 = ORIENTED_EDGE('',*,*,#5799,.F.);
#5799 = EDGE_CURVE('',#5783,#5792,#5800,.T.);
#5800 = LINE('',#5801,#5802);
#5801 = CARTESIAN_POINT('',(11.95,-5.75,2.85));
#5802 = VECTOR('',#5803,1.);
#5803 = DIRECTION('',(0.,0.,1.));
#5804 = PLANE('',#5805);
#5805 = AXIS2_PLACEMENT_3D('',#5806,#5807,#5808);
#5806 = CARTESIAN_POINT('',(11.85,-5.65,2.85));
#5807 = DIRECTION('',(0.707106781187,0.707106781187,1.735417226644E-18)
  );
#5808 = DIRECTION('',(-1.227125289148E-18,-1.227125289148E-18,1.));
#5809 = ADVANCED_FACE('',(#5810),#5828,.T.);
#5810 = FACE_BOUND('',#5811,.F.);
#5811 = EDGE_LOOP('',(#5812,#5820,#5821,#5822));
#5812 = ORIENTED_EDGE('',*,*,#5813,.F.);
#5813 = EDGE_CURVE('',#4649,#5814,#5816,.T.);
#5814 = VERTEX_POINT('',#5815);
#5815 = CARTESIAN_POINT('',(12.05,-5.75,3.05));
#5816 = LINE('',#5817,#5818);
#5817 = CARTESIAN_POINT('',(12.183333333333,-5.616666666667,
    2.916666666667));
#5818 = VECTOR('',#5819,1.);
#5819 = DIRECTION('',(-0.57735026919,-0.57735026919,0.57735026919));
#5820 = ORIENTED_EDGE('',*,*,#4658,.T.);
#5821 = ORIENTED_EDGE('',*,*,#5782,.T.);
#5822 = ORIENTED_EDGE('',*,*,#5823,.F.);
#5823 = EDGE_CURVE('',#5814,#5783,#5824,.T.);
#5824 = LINE('',#5825,#5826);
#5825 = CARTESIAN_POINT('',(12.25,-5.75,3.05));
#5826 = VECTOR('',#5827,1.);
#5827 = DIRECTION('',(-1.,1.224646799147E-16,0.));
#5828 = PLANE('',#5829);
#5829 = AXIS2_PLACEMENT_3D('',#5830,#5831,#5832);
#5830 = CARTESIAN_POINT('',(12.25,-5.65,2.95));
#5831 = DIRECTION('',(-8.659560562349E-17,-0.707106781187,
    -0.707106781187));
#5832 = DIRECTION('',(1.,-1.224646799147E-16,2.105272540809E-29));
#5833 = ADVANCED_FACE('',(#5834),#5852,.T.);
#5834 = FACE_BOUND('',#5835,.T.);
#5835 = EDGE_LOOP('',(#5836,#5837,#5838,#5846));
#5836 = ORIENTED_EDGE('',*,*,#5813,.F.);
#5837 = ORIENTED_EDGE('',*,*,#4672,.T.);
#5838 = ORIENTED_EDGE('',*,*,#5839,.T.);
#5839 = EDGE_CURVE('',#4673,#5840,#5842,.T.);
#5840 = VERTEX_POINT('',#5841);
#5841 = CARTESIAN_POINT('',(12.05,-5.75,3.15));
#5842 = LINE('',#5843,#5844);
#5843 = CARTESIAN_POINT('',(12.1,-5.7,3.2));
#5844 = VECTOR('',#5845,1.);
#5845 = DIRECTION('',(-0.57735026919,-0.57735026919,-0.57735026919));
#5846 = ORIENTED_EDGE('',*,*,#5847,.F.);
#5847 = EDGE_CURVE('',#5814,#5840,#5848,.T.);
#5848 = LINE('',#5849,#5850);
#5849 = CARTESIAN_POINT('',(12.05,-5.75,2.85));
#5850 = VECTOR('',#5851,1.);
#5851 = DIRECTION('',(0.,0.,1.));
#5852 = PLANE('',#5853);
#5853 = AXIS2_PLACEMENT_3D('',#5854,#5855,#5856);
#5854 = CARTESIAN_POINT('',(12.15,-5.65,2.85));
#5855 = DIRECTION('',(0.707106781187,-0.707106781187,-1.735417226644E-18
    ));
#5856 = DIRECTION('',(1.227125289148E-18,-1.227125289148E-18,1.));
#5857 = ADVANCED_FACE('',(#5858),#5869,.T.);
#5858 = FACE_BOUND('',#5859,.T.);
#5859 = EDGE_LOOP('',(#5860,#5861,#5862,#5863));
#5860 = ORIENTED_EDGE('',*,*,#5839,.F.);
#5861 = ORIENTED_EDGE('',*,*,#4697,.T.);
#5862 = ORIENTED_EDGE('',*,*,#5791,.T.);
#5863 = ORIENTED_EDGE('',*,*,#5864,.F.);
#5864 = EDGE_CURVE('',#5840,#5792,#5865,.T.);
#5865 = LINE('',#5866,#5867);
#5866 = CARTESIAN_POINT('',(12.25,-5.75,3.15));
#5867 = VECTOR('',#5868,1.);
#5868 = DIRECTION('',(-1.,1.224646799147E-16,0.));
#5869 = PLANE('',#5870);
#5870 = AXIS2_PLACEMENT_3D('',#5871,#5872,#5873);
#5871 = CARTESIAN_POINT('',(12.25,-5.65,3.25));
#5872 = DIRECTION('',(-8.659560562349E-17,-0.707106781187,0.707106781187
    ));
#5873 = DIRECTION('',(-1.,1.224646799147E-16,2.105272540809E-29));
#5874 = ADVANCED_FACE('',(#5875),#5900,.F.);
#5875 = FACE_BOUND('',#5876,.F.);
#5876 = EDGE_LOOP('',(#5877,#5885,#5886,#5894));
#5877 = ORIENTED_EDGE('',*,*,#5878,.F.);
#5878 = EDGE_CURVE('',#4714,#5879,#5881,.T.);
#5879 = VERTEX_POINT('',#5880);
#5880 = CARTESIAN_POINT('',(13.95,-5.75,3.05));
#5881 = LINE('',#5882,#5883);
#5882 = CARTESIAN_POINT('',(13.9,-5.7,3.));
#5883 = VECTOR('',#5884,1.);
#5884 = DIRECTION('',(0.57735026919,-0.57735026919,0.57735026919));
#5885 = ORIENTED_EDGE('',*,*,#4713,.T.);
#5886 = ORIENTED_EDGE('',*,*,#5887,.F.);
#5887 = EDGE_CURVE('',#5888,#4716,#5890,.T.);
#5888 = VERTEX_POINT('',#5889);
#5889 = CARTESIAN_POINT('',(13.95,-5.75,3.15));
#5890 = LINE('',#5891,#5892);
#5891 = CARTESIAN_POINT('',(13.983333333333,-5.783333333333,
    3.116666666667));
#5892 = VECTOR('',#5893,1.);
#5893 = DIRECTION('',(-0.57735026919,0.57735026919,0.57735026919));
#5894 = ORIENTED_EDGE('',*,*,#5895,.F.);
#5895 = EDGE_CURVE('',#5879,#5888,#5896,.T.);
#5896 = LINE('',#5897,#5898);
#5897 = CARTESIAN_POINT('',(13.95,-5.75,2.85));
#5898 = VECTOR('',#5899,1.);
#5899 = DIRECTION('',(0.,0.,1.));
#5900 = PLANE('',#5901);
#5901 = AXIS2_PLACEMENT_3D('',#5902,#5903,#5904);
#5902 = CARTESIAN_POINT('',(13.85,-5.65,2.85));
#5903 = DIRECTION('',(0.707106781187,0.707106781187,1.735417226644E-18)
  );
#5904 = DIRECTION('',(-1.227125289148E-18,-1.227125289148E-18,1.));
#5905 = ADVANCED_FACE('',(#5906),#5924,.T.);
#5906 = FACE_BOUND('',#5907,.F.);
#5907 = EDGE_LOOP('',(#5908,#5916,#5917,#5918));
#5908 = ORIENTED_EDGE('',*,*,#5909,.F.);
#5909 = EDGE_CURVE('',#4745,#5910,#5912,.T.);
#5910 = VERTEX_POINT('',#5911);
#5911 = CARTESIAN_POINT('',(14.05,-5.75,3.05));
#5912 = LINE('',#5913,#5914);
#5913 = CARTESIAN_POINT('',(14.183333333333,-5.616666666667,
    2.916666666667));
#5914 = VECTOR('',#5915,1.);
#5915 = DIRECTION('',(-0.57735026919,-0.57735026919,0.57735026919));
#5916 = ORIENTED_EDGE('',*,*,#4754,.T.);
#5917 = ORIENTED_EDGE('',*,*,#5878,.T.);
#5918 = ORIENTED_EDGE('',*,*,#5919,.F.);
#5919 = EDGE_CURVE('',#5910,#5879,#5920,.T.);
#5920 = LINE('',#5921,#5922);
#5921 = CARTESIAN_POINT('',(14.25,-5.75,3.05));
#5922 = VECTOR('',#5923,1.);
#5923 = DIRECTION('',(-1.,1.224646799147E-16,0.));
#5924 = PLANE('',#5925);
#5925 = AXIS2_PLACEMENT_3D('',#5926,#5927,#5928);
#5926 = CARTESIAN_POINT('',(14.25,-5.65,2.95));
#5927 = DIRECTION('',(-8.659560562349E-17,-0.707106781187,
    -0.707106781187));
#5928 = DIRECTION('',(1.,-1.224646799147E-16,2.105272540809E-29));
#5929 = ADVANCED_FACE('',(#5930),#5948,.T.);
#5930 = FACE_BOUND('',#5931,.T.);
#5931 = EDGE_LOOP('',(#5932,#5933,#5934,#5942));
#5932 = ORIENTED_EDGE('',*,*,#5909,.F.);
#5933 = ORIENTED_EDGE('',*,*,#4768,.T.);
#5934 = ORIENTED_EDGE('',*,*,#5935,.F.);
#5935 = EDGE_CURVE('',#5936,#4769,#5938,.T.);
#5936 = VERTEX_POINT('',#5937);
#5937 = CARTESIAN_POINT('',(14.05,-5.75,3.15));
#5938 = LINE('',#5939,#5940);
#5939 = CARTESIAN_POINT('',(14.1,-5.7,3.2));
#5940 = VECTOR('',#5941,1.);
#5941 = DIRECTION('',(0.57735026919,0.57735026919,0.57735026919));
#5942 = ORIENTED_EDGE('',*,*,#5943,.F.);
#5943 = EDGE_CURVE('',#5910,#5936,#5944,.T.);
#5944 = LINE('',#5945,#5946);
#5945 = CARTESIAN_POINT('',(14.05,-5.75,2.85));
#5946 = VECTOR('',#5947,1.);
#5947 = DIRECTION('',(0.,0.,1.));
#5948 = PLANE('',#5949);
#5949 = AXIS2_PLACEMENT_3D('',#5950,#5951,#5952);
#5950 = CARTESIAN_POINT('',(14.15,-5.65,2.85));
#5951 = DIRECTION('',(0.707106781187,-0.707106781187,-1.735417226644E-18
    ));
#5952 = DIRECTION('',(1.227125289148E-18,-1.227125289148E-18,1.));
#5953 = ADVANCED_FACE('',(#5954),#5965,.T.);
#5954 = FACE_BOUND('',#5955,.F.);
#5955 = EDGE_LOOP('',(#5956,#5957,#5963,#5964));
#5956 = ORIENTED_EDGE('',*,*,#5935,.F.);
#5957 = ORIENTED_EDGE('',*,*,#5958,.T.);
#5958 = EDGE_CURVE('',#5936,#5888,#5959,.T.);
#5959 = LINE('',#5960,#5961);
#5960 = CARTESIAN_POINT('',(14.25,-5.75,3.15));
#5961 = VECTOR('',#5962,1.);
#5962 = DIRECTION('',(-1.,1.224646799147E-16,0.));
#5963 = ORIENTED_EDGE('',*,*,#5887,.T.);
#5964 = ORIENTED_EDGE('',*,*,#4793,.F.);
#5965 = PLANE('',#5966);
#5966 = AXIS2_PLACEMENT_3D('',#5967,#5968,#5969);
#5967 = CARTESIAN_POINT('',(14.25,-5.65,3.25));
#5968 = DIRECTION('',(-8.659560562349E-17,-0.707106781187,0.707106781187
    ));
#5969 = DIRECTION('',(1.,-1.224646799147E-16,-2.105272540809E-29));
#5970 = ADVANCED_FACE('',(#5971),#5996,.T.);
#5971 = FACE_BOUND('',#5972,.F.);
#5972 = EDGE_LOOP('',(#5973,#5981,#5989,#5995));
#5973 = ORIENTED_EDGE('',*,*,#5974,.F.);
#5974 = EDGE_CURVE('',#5975,#4810,#5977,.T.);
#5975 = VERTEX_POINT('',#5976);
#5976 = CARTESIAN_POINT('',(5.E-02,-5.75,3.15));
#5977 = LINE('',#5978,#5979);
#5978 = CARTESIAN_POINT('',(0.1,-5.7,3.2));
#5979 = VECTOR('',#5980,1.);
#5980 = DIRECTION('',(0.57735026919,0.57735026919,0.57735026919));
#5981 = ORIENTED_EDGE('',*,*,#5982,.T.);
#5982 = EDGE_CURVE('',#5975,#5983,#5985,.T.);
#5983 = VERTEX_POINT('',#5984);
#5984 = CARTESIAN_POINT('',(-5.E-02,-5.75,3.15));
#5985 = LINE('',#5986,#5987);
#5986 = CARTESIAN_POINT('',(0.25,-5.75,3.15));
#5987 = VECTOR('',#5988,1.);
#5988 = DIRECTION('',(-1.,1.224646799147E-16,0.));
#5989 = ORIENTED_EDGE('',*,*,#5990,.T.);
#5990 = EDGE_CURVE('',#5983,#4818,#5991,.T.);
#5991 = LINE('',#5992,#5993);
#5992 = CARTESIAN_POINT('',(-1.666666666667E-02,-5.783333333333,
    3.116666666667));
#5993 = VECTOR('',#5994,1.);
#5994 = DIRECTION('',(-0.57735026919,0.57735026919,0.57735026919));
#5995 = ORIENTED_EDGE('',*,*,#4817,.F.);
#5996 = PLANE('',#5997);
#5997 = AXIS2_PLACEMENT_3D('',#5998,#5999,#6000);
#5998 = CARTESIAN_POINT('',(0.25,-5.65,3.25));
#5999 = DIRECTION('',(-8.659560562349E-17,-0.707106781187,0.707106781187
    ));
#6000 = DIRECTION('',(1.,-1.224646799147E-16,-2.105272540809E-29));
#6001 = ADVANCED_FACE('',(#6002),#6020,.F.);
#6002 = FACE_BOUND('',#6003,.F.);
#6003 = EDGE_LOOP('',(#6004,#6012,#6013,#6014));
#6004 = ORIENTED_EDGE('',*,*,#6005,.F.);
#6005 = EDGE_CURVE('',#4841,#6006,#6008,.T.);
#6006 = VERTEX_POINT('',#6007);
#6007 = CARTESIAN_POINT('',(-5.E-02,-5.75,3.05));
#6008 = LINE('',#6009,#6010);
#6009 = CARTESIAN_POINT('',(-0.1,-5.7,3.));
#6010 = VECTOR('',#6011,1.);
#6011 = DIRECTION('',(0.57735026919,-0.57735026919,0.57735026919));
#6012 = ORIENTED_EDGE('',*,*,#4840,.T.);
#6013 = ORIENTED_EDGE('',*,*,#5990,.F.);
#6014 = ORIENTED_EDGE('',*,*,#6015,.F.);
#6015 = EDGE_CURVE('',#6006,#5983,#6016,.T.);
#6016 = LINE('',#6017,#6018);
#6017 = CARTESIAN_POINT('',(-5.E-02,-5.75,2.85));
#6018 = VECTOR('',#6019,1.);
#6019 = DIRECTION('',(0.,0.,1.));
#6020 = PLANE('',#6021);
#6021 = AXIS2_PLACEMENT_3D('',#6022,#6023,#6024);
#6022 = CARTESIAN_POINT('',(-0.15,-5.65,2.85));
#6023 = DIRECTION('',(0.707106781187,0.707106781187,1.735417226644E-18)
  );
#6024 = DIRECTION('',(-1.227125289148E-18,-1.227125289148E-18,1.));
#6025 = ADVANCED_FACE('',(#6026),#6044,.T.);
#6026 = FACE_BOUND('',#6027,.F.);
#6027 = EDGE_LOOP('',(#6028,#6036,#6037,#6038));
#6028 = ORIENTED_EDGE('',*,*,#6029,.F.);
#6029 = EDGE_CURVE('',#4865,#6030,#6032,.T.);
#6030 = VERTEX_POINT('',#6031);
#6031 = CARTESIAN_POINT('',(5.E-02,-5.75,3.05));
#6032 = LINE('',#6033,#6034);
#6033 = CARTESIAN_POINT('',(0.183333333333,-5.616666666667,
    2.916666666667));
#6034 = VECTOR('',#6035,1.);
#6035 = DIRECTION('',(-0.57735026919,-0.57735026919,0.57735026919));
#6036 = ORIENTED_EDGE('',*,*,#4874,.T.);
#6037 = ORIENTED_EDGE('',*,*,#6005,.T.);
#6038 = ORIENTED_EDGE('',*,*,#6039,.F.);
#6039 = EDGE_CURVE('',#6030,#6006,#6040,.T.);
#6040 = LINE('',#6041,#6042);
#6041 = CARTESIAN_POINT('',(0.25,-5.75,3.05));
#6042 = VECTOR('',#6043,1.);
#6043 = DIRECTION('',(-1.,1.224646799147E-16,0.));
#6044 = PLANE('',#6045);
#6045 = AXIS2_PLACEMENT_3D('',#6046,#6047,#6048);
#6046 = CARTESIAN_POINT('',(0.25,-5.65,2.95));
#6047 = DIRECTION('',(-8.659560562349E-17,-0.707106781187,
    -0.707106781187));
#6048 = DIRECTION('',(1.,-1.224646799147E-16,2.105272540809E-29));
#6049 = ADVANCED_FACE('',(#6050),#6061,.T.);
#6050 = FACE_BOUND('',#6051,.T.);
#6051 = EDGE_LOOP('',(#6052,#6053,#6054,#6055));
#6052 = ORIENTED_EDGE('',*,*,#6029,.F.);
#6053 = ORIENTED_EDGE('',*,*,#4888,.T.);
#6054 = ORIENTED_EDGE('',*,*,#5974,.F.);
#6055 = ORIENTED_EDGE('',*,*,#6056,.F.);
#6056 = EDGE_CURVE('',#6030,#5975,#6057,.T.);
#6057 = LINE('',#6058,#6059);
#6058 = CARTESIAN_POINT('',(5.E-02,-5.75,2.85));
#6059 = VECTOR('',#6060,1.);
#6060 = DIRECTION('',(0.,0.,1.));
#6061 = PLANE('',#6062);
#6062 = AXIS2_PLACEMENT_3D('',#6063,#6064,#6065);
#6063 = CARTESIAN_POINT('',(0.15,-5.65,2.85));
#6064 = DIRECTION('',(0.707106781187,-0.707106781187,-1.735417226644E-18
    ));
#6065 = DIRECTION('',(1.227125289148E-18,-1.227125289148E-18,1.));
#6066 = ADVANCED_FACE('',(#6067),#6158,.T.);
#6067 = FACE_BOUND('',#6068,.T.);
#6068 = EDGE_LOOP('',(#6069,#6070,#6078,#6087,#6095,#6103,#6111,#6119,
    #6127,#6135,#6143,#6152));
#6069 = ORIENTED_EDGE('',*,*,#4911,.F.);
#6070 = ORIENTED_EDGE('',*,*,#6071,.T.);
#6071 = EDGE_CURVE('',#4912,#6072,#6074,.T.);
#6072 = VERTEX_POINT('',#6073);
#6073 = CARTESIAN_POINT('',(13.75,-0.3,3.35));
#6074 = LINE('',#6075,#6076);
#6075 = CARTESIAN_POINT('',(13.75,-5.75,3.35));
#6076 = VECTOR('',#6077,1.);
#6077 = DIRECTION('',(1.224646799147E-16,1.,0.));
#6078 = ORIENTED_EDGE('',*,*,#6079,.T.);
#6079 = EDGE_CURVE('',#6072,#6080,#6082,.T.);
#6080 = VERTEX_POINT('',#6081);
#6081 = CARTESIAN_POINT('',(13.75,0.25,2.8));
#6082 = CIRCLE('',#6083,0.55);
#6083 = AXIS2_PLACEMENT_3D('',#6084,#6085,#6086);
#6084 = CARTESIAN_POINT('',(13.75,-0.3,2.8));
#6085 = DIRECTION('',(-1.,1.224646799147E-16,0.));
#6086 = DIRECTION('',(0.,0.,1.));
#6087 = ORIENTED_EDGE('',*,*,#6088,.T.);
#6088 = EDGE_CURVE('',#6080,#6089,#6091,.T.);
#6089 = VERTEX_POINT('',#6090);
#6090 = CARTESIAN_POINT('',(13.75,0.25,-0.9));
#6091 = LINE('',#6092,#6093);
#6092 = CARTESIAN_POINT('',(13.75,0.25,3.35));
#6093 = VECTOR('',#6094,1.);
#6094 = DIRECTION('',(-0.,0.,-1.));
#6095 = ORIENTED_EDGE('',*,*,#6096,.T.);
#6096 = EDGE_CURVE('',#6089,#6097,#6099,.T.);
#6097 = VERTEX_POINT('',#6098);
#6098 = CARTESIAN_POINT('',(13.75,-5.E-02,-1.5));
#6099 = LINE('',#6100,#6101);
#6100 = CARTESIAN_POINT('',(13.75,0.25,-0.9));
#6101 = VECTOR('',#6102,1.);
#6102 = DIRECTION('',(-5.476786982641E-17,-0.4472135955,-0.894427191));
#6103 = ORIENTED_EDGE('',*,*,#6104,.T.);
#6104 = EDGE_CURVE('',#6097,#6105,#6107,.T.);
#6105 = VERTEX_POINT('',#6106);
#6106 = CARTESIAN_POINT('',(13.75,0.218421052632,-3.2));
#6107 = LINE('',#6108,#6109);
#6108 = CARTESIAN_POINT('',(13.75,-5.E-02,-1.5));
#6109 = VECTOR('',#6110,1.);
#6110 = DIRECTION('',(1.909990663905E-17,0.155962573473,-0.987762965329)
  );
#6111 = ORIENTED_EDGE('',*,*,#6112,.T.);
#6112 = EDGE_CURVE('',#6105,#6113,#6115,.T.);
#6113 = VERTEX_POINT('',#6114);
#6114 = CARTESIAN_POINT('',(13.75,-0.281578947368,-3.2));
#6115 = LINE('',#6116,#6117);
#6116 = CARTESIAN_POINT('',(13.75,0.25,-3.2));
#6117 = VECTOR('',#6118,1.);
#6118 = DIRECTION('',(-1.224646799147E-16,-1.,0.));
#6119 = ORIENTED_EDGE('',*,*,#6120,.T.);
#6120 = EDGE_CURVE('',#6113,#6121,#6123,.T.);
#6121 = VERTEX_POINT('',#6122);
#6122 = CARTESIAN_POINT('',(13.75,-0.55,-1.5));
#6123 = LINE('',#6124,#6125);
#6124 = CARTESIAN_POINT('',(13.75,-0.25,-3.4));
#6125 = VECTOR('',#6126,1.);
#6126 = DIRECTION('',(-1.909990663905E-17,-0.155962573473,0.987762965329
    ));
#6127 = ORIENTED_EDGE('',*,*,#6128,.T.);
#6128 = EDGE_CURVE('',#6121,#6129,#6131,.T.);
#6129 = VERTEX_POINT('',#6130);
#6130 = CARTESIAN_POINT('',(13.75,-0.25,-0.9));
#6131 = LINE('',#6132,#6133);
#6132 = CARTESIAN_POINT('',(13.75,-0.55,-1.5));
#6133 = VECTOR('',#6134,1.);
#6134 = DIRECTION('',(5.476786982641E-17,0.4472135955,0.894427191));
#6135 = ORIENTED_EDGE('',*,*,#6136,.T.);
#6136 = EDGE_CURVE('',#6129,#6137,#6139,.T.);
#6137 = VERTEX_POINT('',#6138);
#6138 = CARTESIAN_POINT('',(13.75,-0.25,2.8));
#6139 = LINE('',#6140,#6141);
#6140 = CARTESIAN_POINT('',(13.75,-0.25,-0.9));
#6141 = VECTOR('',#6142,1.);
#6142 = DIRECTION('',(0.,0.,1.));
#6143 = ORIENTED_EDGE('',*,*,#6144,.F.);
#6144 = EDGE_CURVE('',#6145,#6137,#6147,.T.);
#6145 = VERTEX_POINT('',#6146);
#6146 = CARTESIAN_POINT('',(13.75,-0.3,2.85));
#6147 = CIRCLE('',#6148,5.E-02);
#6148 = AXIS2_PLACEMENT_3D('',#6149,#6150,#6151);
#6149 = CARTESIAN_POINT('',(13.75,-0.3,2.8));
#6150 = DIRECTION('',(-1.,1.224646799147E-16,0.));
#6151 = DIRECTION('',(0.,0.,1.));
#6152 = ORIENTED_EDGE('',*,*,#6153,.T.);
#6153 = EDGE_CURVE('',#6145,#4914,#6154,.T.);
#6154 = LINE('',#6155,#6156);
#6155 = CARTESIAN_POINT('',(13.75,-0.25,2.85));
#6156 = VECTOR('',#6157,1.);
#6157 = DIRECTION('',(-1.224646799147E-16,-1.,0.));
#6158 = PLANE('',#6159);
#6159 = AXIS2_PLACEMENT_3D('',#6160,#6161,#6162);
#6160 = CARTESIAN_POINT('',(13.75,-1.421959173294,1.302213422577));
#6161 = DIRECTION('',(-1.,1.224646799147E-16,0.));
#6162 = DIRECTION('',(0.,0.,1.));
#6163 = ADVANCED_FACE('',(#6164),#6182,.F.);
#6164 = FACE_BOUND('',#6165,.F.);
#6165 = EDGE_LOOP('',(#6166,#6174,#6180,#6181));
#6166 = ORIENTED_EDGE('',*,*,#6167,.F.);
#6167 = EDGE_CURVE('',#6168,#4930,#6170,.T.);
#6168 = VERTEX_POINT('',#6169);
#6169 = CARTESIAN_POINT('',(14.25,-0.3,2.85));
#6170 = LINE('',#6171,#6172);
#6171 = CARTESIAN_POINT('',(14.25,-0.25,2.85));
#6172 = VECTOR('',#6173,1.);
#6173 = DIRECTION('',(-1.224646799147E-16,-1.,0.));
#6174 = ORIENTED_EDGE('',*,*,#6175,.T.);
#6175 = EDGE_CURVE('',#6168,#6145,#6176,.T.);
#6176 = LINE('',#6177,#6178);
#6177 = CARTESIAN_POINT('',(14.25,-0.3,2.85));
#6178 = VECTOR('',#6179,1.);
#6179 = DIRECTION('',(-1.,1.224646799147E-16,0.));
#6180 = ORIENTED_EDGE('',*,*,#6153,.T.);
#6181 = ORIENTED_EDGE('',*,*,#4937,.F.);
#6182 = PLANE('',#6183);
#6183 = AXIS2_PLACEMENT_3D('',#6184,#6185,#6186);
#6184 = CARTESIAN_POINT('',(14.25,-0.25,2.85));
#6185 = DIRECTION('',(0.,0.,1.));
#6186 = DIRECTION('',(-1.224646799147E-16,-1.,0.));
#6187 = ADVANCED_FACE('',(#6188),#6272,.F.);
#6188 = FACE_BOUND('',#6189,.F.);
#6189 = EDGE_LOOP('',(#6190,#6191,#6199,#6208,#6216,#6224,#6232,#6240,
    #6248,#6256,#6264,#6271));
#6190 = ORIENTED_EDGE('',*,*,#4929,.F.);
#6191 = ORIENTED_EDGE('',*,*,#6192,.T.);
#6192 = EDGE_CURVE('',#4922,#6193,#6195,.T.);
#6193 = VERTEX_POINT('',#6194);
#6194 = CARTESIAN_POINT('',(14.25,-0.3,3.35));
#6195 = LINE('',#6196,#6197);
#6196 = CARTESIAN_POINT('',(14.25,-5.75,3.35));
#6197 = VECTOR('',#6198,1.);
#6198 = DIRECTION('',(1.224646799147E-16,1.,0.));
#6199 = ORIENTED_EDGE('',*,*,#6200,.T.);
#6200 = EDGE_CURVE('',#6193,#6201,#6203,.T.);
#6201 = VERTEX_POINT('',#6202);
#6202 = CARTESIAN_POINT('',(14.25,0.25,2.8));
#6203 = CIRCLE('',#6204,0.55);
#6204 = AXIS2_PLACEMENT_3D('',#6205,#6206,#6207);
#6205 = CARTESIAN_POINT('',(14.25,-0.3,2.8));
#6206 = DIRECTION('',(-1.,1.224646799147E-16,0.));
#6207 = DIRECTION('',(0.,0.,1.));
#6208 = ORIENTED_EDGE('',*,*,#6209,.T.);
#6209 = EDGE_CURVE('',#6201,#6210,#6212,.T.);
#6210 = VERTEX_POINT('',#6211);
#6211 = CARTESIAN_POINT('',(14.25,0.25,-0.9));
#6212 = LINE('',#6213,#6214);
#6213 = CARTESIAN_POINT('',(14.25,0.25,3.35));
#6214 = VECTOR('',#6215,1.);
#6215 = DIRECTION('',(-0.,0.,-1.));
#6216 = ORIENTED_EDGE('',*,*,#6217,.T.);
#6217 = EDGE_CURVE('',#6210,#6218,#6220,.T.);
#6218 = VERTEX_POINT('',#6219);
#6219 = CARTESIAN_POINT('',(14.25,-5.E-02,-1.5));
#6220 = LINE('',#6221,#6222);
#6221 = CARTESIAN_POINT('',(14.25,0.25,-0.9));
#6222 = VECTOR('',#6223,1.);
#6223 = DIRECTION('',(-5.476786982641E-17,-0.4472135955,-0.894427191));
#6224 = ORIENTED_EDGE('',*,*,#6225,.T.);
#6225 = EDGE_CURVE('',#6218,#6226,#6228,.T.);
#6226 = VERTEX_POINT('',#6227);
#6227 = CARTESIAN_POINT('',(14.25,0.218421052632,-3.2));
#6228 = LINE('',#6229,#6230);
#6229 = CARTESIAN_POINT('',(14.25,-5.E-02,-1.5));
#6230 = VECTOR('',#6231,1.);
#6231 = DIRECTION('',(1.909990663905E-17,0.155962573473,-0.987762965329)
  );
#6232 = ORIENTED_EDGE('',*,*,#6233,.T.);
#6233 = EDGE_CURVE('',#6226,#6234,#6236,.T.);
#6234 = VERTEX_POINT('',#6235);
#6235 = CARTESIAN_POINT('',(14.25,-0.281578947368,-3.2));
#6236 = LINE('',#6237,#6238);
#6237 = CARTESIAN_POINT('',(14.25,0.25,-3.2));
#6238 = VECTOR('',#6239,1.);
#6239 = DIRECTION('',(-1.224646799147E-16,-1.,0.));
#6240 = ORIENTED_EDGE('',*,*,#6241,.T.);
#6241 = EDGE_CURVE('',#6234,#6242,#6244,.T.);
#6242 = VERTEX_POINT('',#6243);
#6243 = CARTESIAN_POINT('',(14.25,-0.55,-1.5));
#6244 = LINE('',#6245,#6246);
#6245 = CARTESIAN_POINT('',(14.25,-0.25,-3.4));
#6246 = VECTOR('',#6247,1.);
#6247 = DIRECTION('',(-1.909990663905E-17,-0.155962573473,0.987762965329
    ));
#6248 = ORIENTED_EDGE('',*,*,#6249,.T.);
#6249 = EDGE_CURVE('',#6242,#6250,#6252,.T.);
#6250 = VERTEX_POINT('',#6251);
#6251 = CARTESIAN_POINT('',(14.25,-0.25,-0.9));
#6252 = LINE('',#6253,#6254);
#6253 = CARTESIAN_POINT('',(14.25,-0.55,-1.5));
#6254 = VECTOR('',#6255,1.);
#6255 = DIRECTION('',(5.476786982641E-17,0.4472135955,0.894427191));
#6256 = ORIENTED_EDGE('',*,*,#6257,.T.);
#6257 = EDGE_CURVE('',#6250,#6258,#6260,.T.);
#6258 = VERTEX_POINT('',#6259);
#6259 = CARTESIAN_POINT('',(14.25,-0.25,2.8));
#6260 = LINE('',#6261,#6262);
#6261 = CARTESIAN_POINT('',(14.25,-0.25,-0.9));
#6262 = VECTOR('',#6263,1.);
#6263 = DIRECTION('',(0.,0.,1.));
#6264 = ORIENTED_EDGE('',*,*,#6265,.F.);
#6265 = EDGE_CURVE('',#6168,#6258,#6266,.T.);
#6266 = CIRCLE('',#6267,5.E-02);
#6267 = AXIS2_PLACEMENT_3D('',#6268,#6269,#6270);
#6268 = CARTESIAN_POINT('',(14.25,-0.3,2.8));
#6269 = DIRECTION('',(-1.,1.224646799147E-16,0.));
#6270 = DIRECTION('',(0.,0.,1.));
#6271 = ORIENTED_EDGE('',*,*,#6167,.T.);
#6272 = PLANE('',#6273);
#6273 = AXIS2_PLACEMENT_3D('',#6274,#6275,#6276);
#6274 = CARTESIAN_POINT('',(14.25,-1.421959173294,1.302213422577));
#6275 = DIRECTION('',(-1.,1.224646799147E-16,0.));
#6276 = DIRECTION('',(0.,0.,1.));
#6277 = ADVANCED_FACE('',(#6278),#6289,.F.);
#6278 = FACE_BOUND('',#6279,.F.);
#6279 = EDGE_LOOP('',(#6280,#6281,#6282,#6283));
#6280 = ORIENTED_EDGE('',*,*,#6192,.F.);
#6281 = ORIENTED_EDGE('',*,*,#4921,.F.);
#6282 = ORIENTED_EDGE('',*,*,#6071,.T.);
#6283 = ORIENTED_EDGE('',*,*,#6284,.F.);
#6284 = EDGE_CURVE('',#6193,#6072,#6285,.T.);
#6285 = LINE('',#6286,#6287);
#6286 = CARTESIAN_POINT('',(14.25,-0.3,3.35));
#6287 = VECTOR('',#6288,1.);
#6288 = DIRECTION('',(-1.,1.224646799147E-16,0.));
#6289 = PLANE('',#6290);
#6290 = AXIS2_PLACEMENT_3D('',#6291,#6292,#6293);
#6291 = CARTESIAN_POINT('',(14.25,-5.75,3.35));
#6292 = DIRECTION('',(-0.,0.,-1.));
#6293 = DIRECTION('',(1.224646799147E-16,1.,0.));
#6294 = ADVANCED_FACE('',(#6295),#6354,.T.);
#6295 = FACE_BOUND('',#6296,.T.);
#6296 = EDGE_LOOP('',(#6297,#6298,#6306,#6315,#6323,#6331,#6339,#6348));
#6297 = ORIENTED_EDGE('',*,*,#4957,.F.);
#6298 = ORIENTED_EDGE('',*,*,#6299,.T.);
#6299 = EDGE_CURVE('',#4958,#6300,#6302,.T.);
#6300 = VERTEX_POINT('',#6301);
#6301 = CARTESIAN_POINT('',(11.75,-0.3,3.35));
#6302 = LINE('',#6303,#6304);
#6303 = CARTESIAN_POINT('',(11.75,-5.75,3.35));
#6304 = VECTOR('',#6305,1.);
#6305 = DIRECTION('',(1.224646799147E-16,1.,0.));
#6306 = ORIENTED_EDGE('',*,*,#6307,.T.);
#6307 = EDGE_CURVE('',#6300,#6308,#6310,.T.);
#6308 = VERTEX_POINT('',#6309);
#6309 = CARTESIAN_POINT('',(11.75,0.25,2.8));
#6310 = CIRCLE('',#6311,0.55);
#6311 = AXIS2_PLACEMENT_3D('',#6312,#6313,#6314);
#6312 = CARTESIAN_POINT('',(11.75,-0.3,2.8));
#6313 = DIRECTION('',(-1.,1.224646799147E-16,0.));
#6314 = DIRECTION('',(0.,0.,1.));
#6315 = ORIENTED_EDGE('',*,*,#6316,.T.);
#6316 = EDGE_CURVE('',#6308,#6317,#6319,.T.);
#6317 = VERTEX_POINT('',#6318);
#6318 = CARTESIAN_POINT('',(11.75,0.25,-3.2));
#6319 = LINE('',#6320,#6321);
#6320 = CARTESIAN_POINT('',(11.75,0.25,3.35));
#6321 = VECTOR('',#6322,1.);
#6322 = DIRECTION('',(-0.,0.,-1.));
#6323 = ORIENTED_EDGE('',*,*,#6324,.T.);
#6324 = EDGE_CURVE('',#6317,#6325,#6327,.T.);
#6325 = VERTEX_POINT('',#6326);
#6326 = CARTESIAN_POINT('',(11.75,-0.25,-3.2));
#6327 = LINE('',#6328,#6329);
#6328 = CARTESIAN_POINT('',(11.75,0.25,-3.2));
#6329 = VECTOR('',#6330,1.);
#6330 = DIRECTION('',(-1.224646799147E-16,-1.,0.));
#6331 = ORIENTED_EDGE('',*,*,#6332,.T.);
#6332 = EDGE_CURVE('',#6325,#6333,#6335,.T.);
#6333 = VERTEX_POINT('',#6334);
#6334 = CARTESIAN_POINT('',(11.75,-0.25,2.8));
#6335 = LINE('',#6336,#6337);
#6336 = CARTESIAN_POINT('',(11.75,-0.25,-3.4));
#6337 = VECTOR('',#6338,1.);
#6338 = DIRECTION('',(0.,0.,1.));
#6339 = ORIENTED_EDGE('',*,*,#6340,.F.);
#6340 = EDGE_CURVE('',#6341,#6333,#6343,.T.);
#6341 = VERTEX_POINT('',#6342);
#6342 = CARTESIAN_POINT('',(11.75,-0.3,2.85));
#6343 = CIRCLE('',#6344,5.E-02);
#6344 = AXIS2_PLACEMENT_3D('',#6345,#6346,#6347);
#6345 = CARTESIAN_POINT('',(11.75,-0.3,2.8));
#6346 = DIRECTION('',(-1.,1.224646799147E-16,0.));
#6347 = DIRECTION('',(0.,0.,1.));
#6348 = ORIENTED_EDGE('',*,*,#6349,.T.);
#6349 = EDGE_CURVE('',#6341,#4960,#6350,.T.);
#6350 = LINE('',#6351,#6352);
#6351 = CARTESIAN_POINT('',(11.75,-0.25,2.85));
#6352 = VECTOR('',#6353,1.);
#6353 = DIRECTION('',(-1.224646799147E-16,-1.,0.));
#6354 = PLANE('',#6355);
#6355 = AXIS2_PLACEMENT_3D('',#6356,#6357,#6358);
#6356 = CARTESIAN_POINT('',(11.75,-1.401960784314,1.323039215686));
#6357 = DIRECTION('',(-1.,1.224646799147E-16,0.));
#6358 = DIRECTION('',(0.,0.,1.));
#6359 = ADVANCED_FACE('',(#6360),#6378,.F.);
#6360 = FACE_BOUND('',#6361,.F.);
#6361 = EDGE_LOOP('',(#6362,#6370,#6376,#6377));
#6362 = ORIENTED_EDGE('',*,*,#6363,.F.);
#6363 = EDGE_CURVE('',#6364,#4976,#6366,.T.);
#6364 = VERTEX_POINT('',#6365);
#6365 = CARTESIAN_POINT('',(12.25,-0.3,2.85));
#6366 = LINE('',#6367,#6368);
#6367 = CARTESIAN_POINT('',(12.25,-0.25,2.85));
#6368 = VECTOR('',#6369,1.);
#6369 = DIRECTION('',(-1.224646799147E-16,-1.,0.));
#6370 = ORIENTED_EDGE('',*,*,#6371,.T.);
#6371 = EDGE_CURVE('',#6364,#6341,#6372,.T.);
#6372 = LINE('',#6373,#6374);
#6373 = CARTESIAN_POINT('',(12.25,-0.3,2.85));
#6374 = VECTOR('',#6375,1.);
#6375 = DIRECTION('',(-1.,1.224646799147E-16,0.));
#6376 = ORIENTED_EDGE('',*,*,#6349,.T.);
#6377 = ORIENTED_EDGE('',*,*,#4983,.F.);
#6378 = PLANE('',#6379);
#6379 = AXIS2_PLACEMENT_3D('',#6380,#6381,#6382);
#6380 = CARTESIAN_POINT('',(12.25,-0.25,2.85));
#6381 = DIRECTION('',(0.,0.,1.));
#6382 = DIRECTION('',(-1.224646799147E-16,-1.,0.));
#6383 = ADVANCED_FACE('',(#6384),#6436,.F.);
#6384 = FACE_BOUND('',#6385,.F.);
#6385 = EDGE_LOOP('',(#6386,#6387,#6395,#6404,#6412,#6420,#6428,#6435));
#6386 = ORIENTED_EDGE('',*,*,#4975,.F.);
#6387 = ORIENTED_EDGE('',*,*,#6388,.T.);
#6388 = EDGE_CURVE('',#4968,#6389,#6391,.T.);
#6389 = VERTEX_POINT('',#6390);
#6390 = CARTESIAN_POINT('',(12.25,-0.3,3.35));
#6391 = LINE('',#6392,#6393);
#6392 = CARTESIAN_POINT('',(12.25,-5.75,3.35));
#6393 = VECTOR('',#6394,1.);
#6394 = DIRECTION('',(1.224646799147E-16,1.,0.));
#6395 = ORIENTED_EDGE('',*,*,#6396,.T.);
#6396 = EDGE_CURVE('',#6389,#6397,#6399,.T.);
#6397 = VERTEX_POINT('',#6398);
#6398 = CARTESIAN_POINT('',(12.25,0.25,2.8));
#6399 = CIRCLE('',#6400,0.55);
#6400 = AXIS2_PLACEMENT_3D('',#6401,#6402,#6403);
#6401 = CARTESIAN_POINT('',(12.25,-0.3,2.8));
#6402 = DIRECTION('',(-1.,1.224646799147E-16,0.));
#6403 = DIRECTION('',(0.,0.,1.));
#6404 = ORIENTED_EDGE('',*,*,#6405,.T.);
#6405 = EDGE_CURVE('',#6397,#6406,#6408,.T.);
#6406 = VERTEX_POINT('',#6407);
#6407 = CARTESIAN_POINT('',(12.25,0.25,-3.2));
#6408 = LINE('',#6409,#6410);
#6409 = CARTESIAN_POINT('',(12.25,0.25,3.35));
#6410 = VECTOR('',#6411,1.);
#6411 = DIRECTION('',(-0.,0.,-1.));
#6412 = ORIENTED_EDGE('',*,*,#6413,.T.);
#6413 = EDGE_CURVE('',#6406,#6414,#6416,.T.);
#6414 = VERTEX_POINT('',#6415);
#6415 = CARTESIAN_POINT('',(12.25,-0.25,-3.2));
#6416 = LINE('',#6417,#6418);
#6417 = CARTESIAN_POINT('',(12.25,0.25,-3.2));
#6418 = VECTOR('',#6419,1.);
#6419 = DIRECTION('',(-1.224646799147E-16,-1.,0.));
#6420 = ORIENTED_EDGE('',*,*,#6421,.T.);
#6421 = EDGE_CURVE('',#6414,#6422,#6424,.T.);
#6422 = VERTEX_POINT('',#6423);
#6423 = CARTESIAN_POINT('',(12.25,-0.25,2.8));
#6424 = LINE('',#6425,#6426);
#6425 = CARTESIAN_POINT('',(12.25,-0.25,-3.4));
#6426 = VECTOR('',#6427,1.);
#6427 = DIRECTION('',(0.,0.,1.));
#6428 = ORIENTED_EDGE('',*,*,#6429,.F.);
#6429 = EDGE_CURVE('',#6364,#6422,#6430,.T.);
#6430 = CIRCLE('',#6431,5.E-02);
#6431 = AXIS2_PLACEMENT_3D('',#6432,#6433,#6434);
#6432 = CARTESIAN_POINT('',(12.25,-0.3,2.8));
#6433 = DIRECTION('',(-1.,1.224646799147E-16,0.));
#6434 = DIRECTION('',(0.,0.,1.));
#6435 = ORIENTED_EDGE('',*,*,#6363,.T.);
#6436 = PLANE('',#6437);
#6437 = AXIS2_PLACEMENT_3D('',#6438,#6439,#6440);
#6438 = CARTESIAN_POINT('',(12.25,-1.401960784314,1.323039215686));
#6439 = DIRECTION('',(-1.,1.224646799147E-16,0.));
#6440 = DIRECTION('',(0.,0.,1.));
#6441 = ADVANCED_FACE('',(#6442),#6453,.F.);
#6442 = FACE_BOUND('',#6443,.F.);
#6443 = EDGE_LOOP('',(#6444,#6445,#6446,#6447));
#6444 = ORIENTED_EDGE('',*,*,#6388,.F.);
#6445 = ORIENTED_EDGE('',*,*,#4967,.F.);
#6446 = ORIENTED_EDGE('',*,*,#6299,.T.);
#6447 = ORIENTED_EDGE('',*,*,#6448,.F.);
#6448 = EDGE_CURVE('',#6389,#6300,#6449,.T.);
#6449 = LINE('',#6450,#6451);
#6450 = CARTESIAN_POINT('',(12.25,-0.3,3.35));
#6451 = VECTOR('',#6452,1.);
#6452 = DIRECTION('',(-1.,1.224646799147E-16,0.));
#6453 = PLANE('',#6454);
#6454 = AXIS2_PLACEMENT_3D('',#6455,#6456,#6457);
#6455 = CARTESIAN_POINT('',(12.25,-5.75,3.35));
#6456 = DIRECTION('',(-0.,0.,-1.));
#6457 = DIRECTION('',(1.224646799147E-16,1.,0.));
#6458 = ADVANCED_FACE('',(#6459),#6518,.T.);
#6459 = FACE_BOUND('',#6460,.T.);
#6460 = EDGE_LOOP('',(#6461,#6462,#6470,#6479,#6487,#6495,#6503,#6512));
#6461 = ORIENTED_EDGE('',*,*,#5003,.F.);
#6462 = ORIENTED_EDGE('',*,*,#6463,.T.);
#6463 = EDGE_CURVE('',#5004,#6464,#6466,.T.);
#6464 = VERTEX_POINT('',#6465);
#6465 = CARTESIAN_POINT('',(9.75,-0.3,3.35));
#6466 = LINE('',#6467,#6468);
#6467 = CARTESIAN_POINT('',(9.75,-5.75,3.35));
#6468 = VECTOR('',#6469,1.);
#6469 = DIRECTION('',(1.224646799147E-16,1.,0.));
#6470 = ORIENTED_EDGE('',*,*,#6471,.T.);
#6471 = EDGE_CURVE('',#6464,#6472,#6474,.T.);
#6472 = VERTEX_POINT('',#6473);
#6473 = CARTESIAN_POINT('',(9.75,0.25,2.8));
#6474 = CIRCLE('',#6475,0.55);
#6475 = AXIS2_PLACEMENT_3D('',#6476,#6477,#6478);
#6476 = CARTESIAN_POINT('',(9.75,-0.3,2.8));
#6477 = DIRECTION('',(-1.,1.224646799147E-16,0.));
#6478 = DIRECTION('',(0.,0.,1.));
#6479 = ORIENTED_EDGE('',*,*,#6480,.T.);
#6480 = EDGE_CURVE('',#6472,#6481,#6483,.T.);
#6481 = VERTEX_POINT('',#6482);
#6482 = CARTESIAN_POINT('',(9.75,0.25,-3.2));
#6483 = LINE('',#6484,#6485);
#6484 = CARTESIAN_POINT('',(9.75,0.25,3.35));
#6485 = VECTOR('',#6486,1.);
#6486 = DIRECTION('',(-0.,0.,-1.));
#6487 = ORIENTED_EDGE('',*,*,#6488,.T.);
#6488 = EDGE_CURVE('',#6481,#6489,#6491,.T.);
#6489 = VERTEX_POINT('',#6490);
#6490 = CARTESIAN_POINT('',(9.75,-0.25,-3.2));
#6491 = LINE('',#6492,#6493);
#6492 = CARTESIAN_POINT('',(9.75,0.25,-3.2));
#6493 = VECTOR('',#6494,1.);
#6494 = DIRECTION('',(-1.224646799147E-16,-1.,0.));
#6495 = ORIENTED_EDGE('',*,*,#6496,.T.);
#6496 = EDGE_CURVE('',#6489,#6497,#6499,.T.);
#6497 = VERTEX_POINT('',#6498);
#6498 = CARTESIAN_POINT('',(9.75,-0.25,2.8));
#6499 = LINE('',#6500,#6501);
#6500 = CARTESIAN_POINT('',(9.75,-0.25,-3.4));
#6501 = VECTOR('',#6502,1.);
#6502 = DIRECTION('',(0.,0.,1.));
#6503 = ORIENTED_EDGE('',*,*,#6504,.F.);
#6504 = EDGE_CURVE('',#6505,#6497,#6507,.T.);
#6505 = VERTEX_POINT('',#6506);
#6506 = CARTESIAN_POINT('',(9.75,-0.3,2.85));
#6507 = CIRCLE('',#6508,5.E-02);
#6508 = AXIS2_PLACEMENT_3D('',#6509,#6510,#6511);
#6509 = CARTESIAN_POINT('',(9.75,-0.3,2.8));
#6510 = DIRECTION('',(-1.,1.224646799147E-16,0.));
#6511 = DIRECTION('',(0.,0.,1.));
#6512 = ORIENTED_EDGE('',*,*,#6513,.T.);
#6513 = EDGE_CURVE('',#6505,#5006,#6514,.T.);
#6514 = LINE('',#6515,#6516);
#6515 = CARTESIAN_POINT('',(9.75,-0.25,2.85));
#6516 = VECTOR('',#6517,1.);
#6517 = DIRECTION('',(-1.224646799147E-16,-1.,0.));
#6518 = PLANE('',#6519);
#6519 = AXIS2_PLACEMENT_3D('',#6520,#6521,#6522);
#6520 = CARTESIAN_POINT('',(9.75,-1.401960784314,1.323039215686));
#6521 = DIRECTION('',(-1.,1.224646799147E-16,0.));
#6522 = DIRECTION('',(0.,0.,1.));
#6523 = ADVANCED_FACE('',(#6524),#6542,.F.);
#6524 = FACE_BOUND('',#6525,.F.);
#6525 = EDGE_LOOP('',(#6526,#6534,#6540,#6541));
#6526 = ORIENTED_EDGE('',*,*,#6527,.F.);
#6527 = EDGE_CURVE('',#6528,#5022,#6530,.T.);
#6528 = VERTEX_POINT('',#6529);
#6529 = CARTESIAN_POINT('',(10.25,-0.3,2.85));
#6530 = LINE('',#6531,#6532);
#6531 = CARTESIAN_POINT('',(10.25,-0.25,2.85));
#6532 = VECTOR('',#6533,1.);
#6533 = DIRECTION('',(-1.224646799147E-16,-1.,0.));
#6534 = ORIENTED_EDGE('',*,*,#6535,.T.);
#6535 = EDGE_CURVE('',#6528,#6505,#6536,.T.);
#6536 = LINE('',#6537,#6538);
#6537 = CARTESIAN_POINT('',(10.25,-0.3,2.85));
#6538 = VECTOR('',#6539,1.);
#6539 = DIRECTION('',(-1.,1.224646799147E-16,0.));
#6540 = ORIENTED_EDGE('',*,*,#6513,.T.);
#6541 = ORIENTED_EDGE('',*,*,#5029,.F.);
#6542 = PLANE('',#6543);
#6543 = AXIS2_PLACEMENT_3D('',#6544,#6545,#6546);
#6544 = CARTESIAN_POINT('',(10.25,-0.25,2.85));
#6545 = DIRECTION('',(0.,0.,1.));
#6546 = DIRECTION('',(-1.224646799147E-16,-1.,0.));
#6547 = ADVANCED_FACE('',(#6548),#6600,.F.);
#6548 = FACE_BOUND('',#6549,.F.);
#6549 = EDGE_LOOP('',(#6550,#6551,#6559,#6568,#6576,#6584,#6592,#6599));
#6550 = ORIENTED_EDGE('',*,*,#5021,.F.);
#6551 = ORIENTED_EDGE('',*,*,#6552,.T.);
#6552 = EDGE_CURVE('',#5014,#6553,#6555,.T.);
#6553 = VERTEX_POINT('',#6554);
#6554 = CARTESIAN_POINT('',(10.25,-0.3,3.35));
#6555 = LINE('',#6556,#6557);
#6556 = CARTESIAN_POINT('',(10.25,-5.75,3.35));
#6557 = VECTOR('',#6558,1.);
#6558 = DIRECTION('',(1.224646799147E-16,1.,0.));
#6559 = ORIENTED_EDGE('',*,*,#6560,.T.);
#6560 = EDGE_CURVE('',#6553,#6561,#6563,.T.);
#6561 = VERTEX_POINT('',#6562);
#6562 = CARTESIAN_POINT('',(10.25,0.25,2.8));
#6563 = CIRCLE('',#6564,0.55);
#6564 = AXIS2_PLACEMENT_3D('',#6565,#6566,#6567);
#6565 = CARTESIAN_POINT('',(10.25,-0.3,2.8));
#6566 = DIRECTION('',(-1.,1.224646799147E-16,0.));
#6567 = DIRECTION('',(0.,0.,1.));
#6568 = ORIENTED_EDGE('',*,*,#6569,.T.);
#6569 = EDGE_CURVE('',#6561,#6570,#6572,.T.);
#6570 = VERTEX_POINT('',#6571);
#6571 = CARTESIAN_POINT('',(10.25,0.25,-3.2));
#6572 = LINE('',#6573,#6574);
#6573 = CARTESIAN_POINT('',(10.25,0.25,3.35));
#6574 = VECTOR('',#6575,1.);
#6575 = DIRECTION('',(-0.,0.,-1.));
#6576 = ORIENTED_EDGE('',*,*,#6577,.T.);
#6577 = EDGE_CURVE('',#6570,#6578,#6580,.T.);
#6578 = VERTEX_POINT('',#6579);
#6579 = CARTESIAN_POINT('',(10.25,-0.25,-3.2));
#6580 = LINE('',#6581,#6582);
#6581 = CARTESIAN_POINT('',(10.25,0.25,-3.2));
#6582 = VECTOR('',#6583,1.);
#6583 = DIRECTION('',(-1.224646799147E-16,-1.,0.));
#6584 = ORIENTED_EDGE('',*,*,#6585,.T.);
#6585 = EDGE_CURVE('',#6578,#6586,#6588,.T.);
#6586 = VERTEX_POINT('',#6587);
#6587 = CARTESIAN_POINT('',(10.25,-0.25,2.8));
#6588 = LINE('',#6589,#6590);
#6589 = CARTESIAN_POINT('',(10.25,-0.25,-3.4));
#6590 = VECTOR('',#6591,1.);
#6591 = DIRECTION('',(0.,0.,1.));
#6592 = ORIENTED_EDGE('',*,*,#6593,.F.);
#6593 = EDGE_CURVE('',#6528,#6586,#6594,.T.);
#6594 = CIRCLE('',#6595,5.E-02);
#6595 = AXIS2_PLACEMENT_3D('',#6596,#6597,#6598);
#6596 = CARTESIAN_POINT('',(10.25,-0.3,2.8));
#6597 = DIRECTION('',(-1.,1.224646799147E-16,0.));
#6598 = DIRECTION('',(0.,0.,1.));
#6599 = ORIENTED_EDGE('',*,*,#6527,.T.);
#6600 = PLANE('',#6601);
#6601 = AXIS2_PLACEMENT_3D('',#6602,#6603,#6604);
#6602 = CARTESIAN_POINT('',(10.25,-1.401960784314,1.323039215686));
#6603 = DIRECTION('',(-1.,1.224646799147E-16,0.));
#6604 = DIRECTION('',(0.,0.,1.));
#6605 = ADVANCED_FACE('',(#6606),#6617,.F.);
#6606 = FACE_BOUND('',#6607,.F.);
#6607 = EDGE_LOOP('',(#6608,#6609,#6610,#6611));
#6608 = ORIENTED_EDGE('',*,*,#6552,.F.);
#6609 = ORIENTED_EDGE('',*,*,#5013,.F.);
#6610 = ORIENTED_EDGE('',*,*,#6463,.T.);
#6611 = ORIENTED_EDGE('',*,*,#6612,.F.);
#6612 = EDGE_CURVE('',#6553,#6464,#6613,.T.);
#6613 = LINE('',#6614,#6615);
#6614 = CARTESIAN_POINT('',(10.25,-0.3,3.35));
#6615 = VECTOR('',#6616,1.);
#6616 = DIRECTION('',(-1.,1.224646799147E-16,0.));
#6617 = PLANE('',#6618);
#6618 = AXIS2_PLACEMENT_3D('',#6619,#6620,#6621);
#6619 = CARTESIAN_POINT('',(10.25,-5.75,3.35));
#6620 = DIRECTION('',(-0.,0.,-1.));
#6621 = DIRECTION('',(1.224646799147E-16,1.,0.));
#6622 = ADVANCED_FACE('',(#6623),#6648,.F.);
#6623 = FACE_BOUND('',#6624,.F.);
#6624 = EDGE_LOOP('',(#6625,#6633,#6634,#6642));
#6625 = ORIENTED_EDGE('',*,*,#6626,.F.);
#6626 = EDGE_CURVE('',#5052,#6627,#6629,.T.);
#6627 = VERTEX_POINT('',#6628);
#6628 = CARTESIAN_POINT('',(8.25,-0.3,3.35));
#6629 = LINE('',#6630,#6631);
#6630 = CARTESIAN_POINT('',(8.25,-5.75,3.35));
#6631 = VECTOR('',#6632,1.);
#6632 = DIRECTION('',(1.224646799147E-16,1.,0.));
#6633 = ORIENTED_EDGE('',*,*,#5049,.F.);
#6634 = ORIENTED_EDGE('',*,*,#6635,.T.);
#6635 = EDGE_CURVE('',#5050,#6636,#6638,.T.);
#6636 = VERTEX_POINT('',#6637);
#6637 = CARTESIAN_POINT('',(7.75,-0.3,3.35));
#6638 = LINE('',#6639,#6640);
#6639 = CARTESIAN_POINT('',(7.75,-5.75,3.35));
#6640 = VECTOR('',#6641,1.);
#6641 = DIRECTION('',(1.224646799147E-16,1.,0.));
#6642 = ORIENTED_EDGE('',*,*,#6643,.F.);
#6643 = EDGE_CURVE('',#6627,#6636,#6644,.T.);
#6644 = LINE('',#6645,#6646);
#6645 = CARTESIAN_POINT('',(8.25,-0.3,3.35));
#6646 = VECTOR('',#6647,1.);
#6647 = DIRECTION('',(-1.,1.224646799147E-16,0.));
#6648 = PLANE('',#6649);
#6649 = AXIS2_PLACEMENT_3D('',#6650,#6651,#6652);
#6650 = CARTESIAN_POINT('',(8.25,-5.75,3.35));
#6651 = DIRECTION('',(-0.,0.,-1.));
#6652 = DIRECTION('',(1.224646799147E-16,1.,0.));
#6653 = ADVANCED_FACE('',(#6654),#6706,.T.);
#6654 = FACE_BOUND('',#6655,.T.);
#6655 = EDGE_LOOP('',(#6656,#6657,#6658,#6667,#6675,#6683,#6691,#6700));
#6656 = ORIENTED_EDGE('',*,*,#5075,.F.);
#6657 = ORIENTED_EDGE('',*,*,#6635,.T.);
#6658 = ORIENTED_EDGE('',*,*,#6659,.T.);
#6659 = EDGE_CURVE('',#6636,#6660,#6662,.T.);
#6660 = VERTEX_POINT('',#6661);
#6661 = CARTESIAN_POINT('',(7.75,0.25,2.8));
#6662 = CIRCLE('',#6663,0.55);
#6663 = AXIS2_PLACEMENT_3D('',#6664,#6665,#6666);
#6664 = CARTESIAN_POINT('',(7.75,-0.3,2.8));
#6665 = DIRECTION('',(-1.,1.224646799147E-16,0.));
#6666 = DIRECTION('',(0.,0.,1.));
#6667 = ORIENTED_EDGE('',*,*,#6668,.T.);
#6668 = EDGE_CURVE('',#6660,#6669,#6671,.T.);
#6669 = VERTEX_POINT('',#6670);
#6670 = CARTESIAN_POINT('',(7.75,0.25,-3.2));
#6671 = LINE('',#6672,#6673);
#6672 = CARTESIAN_POINT('',(7.75,0.25,3.35));
#6673 = VECTOR('',#6674,1.);
#6674 = DIRECTION('',(-0.,0.,-1.));
#6675 = ORIENTED_EDGE('',*,*,#6676,.T.);
#6676 = EDGE_CURVE('',#6669,#6677,#6679,.T.);
#6677 = VERTEX_POINT('',#6678);
#6678 = CARTESIAN_POINT('',(7.75,-0.25,-3.2));
#6679 = LINE('',#6680,#6681);
#6680 = CARTESIAN_POINT('',(7.75,0.25,-3.2));
#6681 = VECTOR('',#6682,1.);
#6682 = DIRECTION('',(-1.224646799147E-16,-1.,0.));
#6683 = ORIENTED_EDGE('',*,*,#6684,.T.);
#6684 = EDGE_CURVE('',#6677,#6685,#6687,.T.);
#6685 = VERTEX_POINT('',#6686);
#6686 = CARTESIAN_POINT('',(7.75,-0.25,2.8));
#6687 = LINE('',#6688,#6689);
#6688 = CARTESIAN_POINT('',(7.75,-0.25,-3.4));
#6689 = VECTOR('',#6690,1.);
#6690 = DIRECTION('',(0.,0.,1.));
#6691 = ORIENTED_EDGE('',*,*,#6692,.F.);
#6692 = EDGE_CURVE('',#6693,#6685,#6695,.T.);
#6693 = VERTEX_POINT('',#6694);
#6694 = CARTESIAN_POINT('',(7.75,-0.3,2.85));
#6695 = CIRCLE('',#6696,5.E-02);
#6696 = AXIS2_PLACEMENT_3D('',#6697,#6698,#6699);
#6697 = CARTESIAN_POINT('',(7.75,-0.3,2.8));
#6698 = DIRECTION('',(-1.,1.224646799147E-16,0.));
#6699 = DIRECTION('',(0.,0.,1.));
#6700 = ORIENTED_EDGE('',*,*,#6701,.T.);
#6701 = EDGE_CURVE('',#6693,#5068,#6702,.T.);
#6702 = LINE('',#6703,#6704);
#6703 = CARTESIAN_POINT('',(7.75,-0.25,2.85));
#6704 = VECTOR('',#6705,1.);
#6705 = DIRECTION('',(-1.224646799147E-16,-1.,0.));
#6706 = PLANE('',#6707);
#6707 = AXIS2_PLACEMENT_3D('',#6708,#6709,#6710);
#6708 = CARTESIAN_POINT('',(7.75,-1.401960784314,1.323039215686));
#6709 = DIRECTION('',(-1.,1.224646799147E-16,0.));
#6710 = DIRECTION('',(0.,0.,1.));
#6711 = ADVANCED_FACE('',(#6712),#6730,.F.);
#6712 = FACE_BOUND('',#6713,.F.);
#6713 = EDGE_LOOP('',(#6714,#6722,#6728,#6729));
#6714 = ORIENTED_EDGE('',*,*,#6715,.F.);
#6715 = EDGE_CURVE('',#6716,#5060,#6718,.T.);
#6716 = VERTEX_POINT('',#6717);
#6717 = CARTESIAN_POINT('',(8.25,-0.3,2.85));
#6718 = LINE('',#6719,#6720);
#6719 = CARTESIAN_POINT('',(8.25,-0.25,2.85));
#6720 = VECTOR('',#6721,1.);
#6721 = DIRECTION('',(-1.224646799147E-16,-1.,0.));
#6722 = ORIENTED_EDGE('',*,*,#6723,.T.);
#6723 = EDGE_CURVE('',#6716,#6693,#6724,.T.);
#6724 = LINE('',#6725,#6726);
#6725 = CARTESIAN_POINT('',(8.25,-0.3,2.85));
#6726 = VECTOR('',#6727,1.);
#6727 = DIRECTION('',(-1.,1.224646799147E-16,0.));
#6728 = ORIENTED_EDGE('',*,*,#6701,.T.);
#6729 = ORIENTED_EDGE('',*,*,#5067,.F.);
#6730 = PLANE('',#6731);
#6731 = AXIS2_PLACEMENT_3D('',#6732,#6733,#6734);
#6732 = CARTESIAN_POINT('',(8.25,-0.25,2.85));
#6733 = DIRECTION('',(0.,0.,1.));
#6734 = DIRECTION('',(-1.224646799147E-16,-1.,0.));
#6735 = ADVANCED_FACE('',(#6736),#6781,.F.);
#6736 = FACE_BOUND('',#6737,.F.);
#6737 = EDGE_LOOP('',(#6738,#6739,#6740,#6749,#6757,#6765,#6773,#6780));
#6738 = ORIENTED_EDGE('',*,*,#5059,.F.);
#6739 = ORIENTED_EDGE('',*,*,#6626,.T.);
#6740 = ORIENTED_EDGE('',*,*,#6741,.T.);
#6741 = EDGE_CURVE('',#6627,#6742,#6744,.T.);
#6742 = VERTEX_POINT('',#6743);
#6743 = CARTESIAN_POINT('',(8.25,0.25,2.8));
#6744 = CIRCLE('',#6745,0.55);
#6745 = AXIS2_PLACEMENT_3D('',#6746,#6747,#6748);
#6746 = CARTESIAN_POINT('',(8.25,-0.3,2.8));
#6747 = DIRECTION('',(-1.,1.224646799147E-16,0.));
#6748 = DIRECTION('',(0.,0.,1.));
#6749 = ORIENTED_EDGE('',*,*,#6750,.T.);
#6750 = EDGE_CURVE('',#6742,#6751,#6753,.T.);
#6751 = VERTEX_POINT('',#6752);
#6752 = CARTESIAN_POINT('',(8.25,0.25,-3.2));
#6753 = LINE('',#6754,#6755);
#6754 = CARTESIAN_POINT('',(8.25,0.25,3.35));
#6755 = VECTOR('',#6756,1.);
#6756 = DIRECTION('',(-0.,0.,-1.));
#6757 = ORIENTED_EDGE('',*,*,#6758,.T.);
#6758 = EDGE_CURVE('',#6751,#6759,#6761,.T.);
#6759 = VERTEX_POINT('',#6760);
#6760 = CARTESIAN_POINT('',(8.25,-0.25,-3.2));
#6761 = LINE('',#6762,#6763);
#6762 = CARTESIAN_POINT('',(8.25,0.25,-3.2));
#6763 = VECTOR('',#6764,1.);
#6764 = DIRECTION('',(-1.224646799147E-16,-1.,0.));
#6765 = ORIENTED_EDGE('',*,*,#6766,.T.);
#6766 = EDGE_CURVE('',#6759,#6767,#6769,.T.);
#6767 = VERTEX_POINT('',#6768);
#6768 = CARTESIAN_POINT('',(8.25,-0.25,2.8));
#6769 = LINE('',#6770,#6771);
#6770 = CARTESIAN_POINT('',(8.25,-0.25,-3.4));
#6771 = VECTOR('',#6772,1.);
#6772 = DIRECTION('',(0.,0.,1.));
#6773 = ORIENTED_EDGE('',*,*,#6774,.F.);
#6774 = EDGE_CURVE('',#6716,#6767,#6775,.T.);
#6775 = CIRCLE('',#6776,5.E-02);
#6776 = AXIS2_PLACEMENT_3D('',#6777,#6778,#6779);
#6777 = CARTESIAN_POINT('',(8.25,-0.3,2.8));
#6778 = DIRECTION('',(-1.,1.224646799147E-16,0.));
#6779 = DIRECTION('',(0.,0.,1.));
#6780 = ORIENTED_EDGE('',*,*,#6715,.T.);
#6781 = PLANE('',#6782);
#6782 = AXIS2_PLACEMENT_3D('',#6783,#6784,#6785);
#6783 = CARTESIAN_POINT('',(8.25,-1.401960784314,1.323039215686));
#6784 = DIRECTION('',(-1.,1.224646799147E-16,0.));
#6785 = DIRECTION('',(0.,0.,1.));
#6786 = ADVANCED_FACE('',(#6787),#6846,.F.);
#6787 = FACE_BOUND('',#6788,.F.);
#6788 = EDGE_LOOP('',(#6789,#6790,#6798,#6807,#6815,#6823,#6831,#6840));
#6789 = ORIENTED_EDGE('',*,*,#5095,.F.);
#6790 = ORIENTED_EDGE('',*,*,#6791,.T.);
#6791 = EDGE_CURVE('',#5096,#6792,#6794,.T.);
#6792 = VERTEX_POINT('',#6793);
#6793 = CARTESIAN_POINT('',(6.25,-0.3,3.35));
#6794 = LINE('',#6795,#6796);
#6795 = CARTESIAN_POINT('',(6.25,-5.75,3.35));
#6796 = VECTOR('',#6797,1.);
#6797 = DIRECTION('',(1.224646799147E-16,1.,0.));
#6798 = ORIENTED_EDGE('',*,*,#6799,.T.);
#6799 = EDGE_CURVE('',#6792,#6800,#6802,.T.);
#6800 = VERTEX_POINT('',#6801);
#6801 = CARTESIAN_POINT('',(6.25,0.25,2.8));
#6802 = CIRCLE('',#6803,0.55);
#6803 = AXIS2_PLACEMENT_3D('',#6804,#6805,#6806);
#6804 = CARTESIAN_POINT('',(6.25,-0.3,2.8));
#6805 = DIRECTION('',(-1.,1.224646799147E-16,0.));
#6806 = DIRECTION('',(0.,0.,1.));
#6807 = ORIENTED_EDGE('',*,*,#6808,.T.);
#6808 = EDGE_CURVE('',#6800,#6809,#6811,.T.);
#6809 = VERTEX_POINT('',#6810);
#6810 = CARTESIAN_POINT('',(6.25,0.25,-3.2));
#6811 = LINE('',#6812,#6813);
#6812 = CARTESIAN_POINT('',(6.25,0.25,3.35));
#6813 = VECTOR('',#6814,1.);
#6814 = DIRECTION('',(-0.,0.,-1.));
#6815 = ORIENTED_EDGE('',*,*,#6816,.T.);
#6816 = EDGE_CURVE('',#6809,#6817,#6819,.T.);
#6817 = VERTEX_POINT('',#6818);
#6818 = CARTESIAN_POINT('',(6.25,-0.25,-3.2));
#6819 = LINE('',#6820,#6821);
#6820 = CARTESIAN_POINT('',(6.25,0.25,-3.2));
#6821 = VECTOR('',#6822,1.);
#6822 = DIRECTION('',(-1.224646799147E-16,-1.,0.));
#6823 = ORIENTED_EDGE('',*,*,#6824,.T.);
#6824 = EDGE_CURVE('',#6817,#6825,#6827,.T.);
#6825 = VERTEX_POINT('',#6826);
#6826 = CARTESIAN_POINT('',(6.25,-0.25,2.8));
#6827 = LINE('',#6828,#6829);
#6828 = CARTESIAN_POINT('',(6.25,-0.25,-3.4));
#6829 = VECTOR('',#6830,1.);
#6830 = DIRECTION('',(0.,0.,1.));
#6831 = ORIENTED_EDGE('',*,*,#6832,.F.);
#6832 = EDGE_CURVE('',#6833,#6825,#6835,.T.);
#6833 = VERTEX_POINT('',#6834);
#6834 = CARTESIAN_POINT('',(6.25,-0.3,2.85));
#6835 = CIRCLE('',#6836,5.E-02);
#6836 = AXIS2_PLACEMENT_3D('',#6837,#6838,#6839);
#6837 = CARTESIAN_POINT('',(6.25,-0.3,2.8));
#6838 = DIRECTION('',(-1.,1.224646799147E-16,0.));
#6839 = DIRECTION('',(0.,0.,1.));
#6840 = ORIENTED_EDGE('',*,*,#6841,.T.);
#6841 = EDGE_CURVE('',#6833,#5098,#6842,.T.);
#6842 = LINE('',#6843,#6844);
#6843 = CARTESIAN_POINT('',(6.25,-0.25,2.85));
#6844 = VECTOR('',#6845,1.);
#6845 = DIRECTION('',(-1.224646799147E-16,-1.,0.));
#6846 = PLANE('',#6847);
#6847 = AXIS2_PLACEMENT_3D('',#6848,#6849,#6850);
#6848 = CARTESIAN_POINT('',(6.25,-1.401960784314,1.323039215686));
#6849 = DIRECTION('',(-1.,1.224646799147E-16,0.));
#6850 = DIRECTION('',(0.,0.,1.));
#6851 = ADVANCED_FACE('',(#6852),#6870,.F.);
#6852 = FACE_BOUND('',#6853,.F.);
#6853 = EDGE_LOOP('',(#6854,#6855,#6856,#6864));
#6854 = ORIENTED_EDGE('',*,*,#6791,.F.);
#6855 = ORIENTED_EDGE('',*,*,#5121,.F.);
#6856 = ORIENTED_EDGE('',*,*,#6857,.T.);
#6857 = EDGE_CURVE('',#5114,#6858,#6860,.T.);
#6858 = VERTEX_POINT('',#6859);
#6859 = CARTESIAN_POINT('',(5.75,-0.3,3.35));
#6860 = LINE('',#6861,#6862);
#6861 = CARTESIAN_POINT('',(5.75,-5.75,3.35));
#6862 = VECTOR('',#6863,1.);
#6863 = DIRECTION('',(1.224646799147E-16,1.,0.));
#6864 = ORIENTED_EDGE('',*,*,#6865,.F.);
#6865 = EDGE_CURVE('',#6792,#6858,#6866,.T.);
#6866 = LINE('',#6867,#6868);
#6867 = CARTESIAN_POINT('',(6.25,-0.3,3.35));
#6868 = VECTOR('',#6869,1.);
#6869 = DIRECTION('',(-1.,1.224646799147E-16,0.));
#6870 = PLANE('',#6871);
#6871 = AXIS2_PLACEMENT_3D('',#6872,#6873,#6874);
#6872 = CARTESIAN_POINT('',(6.25,-5.75,3.35));
#6873 = DIRECTION('',(-0.,0.,-1.));
#6874 = DIRECTION('',(1.224646799147E-16,1.,0.));
#6875 = ADVANCED_FACE('',(#6876),#6928,.T.);
#6876 = FACE_BOUND('',#6877,.T.);
#6877 = EDGE_LOOP('',(#6878,#6879,#6880,#6889,#6897,#6905,#6913,#6922));
#6878 = ORIENTED_EDGE('',*,*,#5113,.F.);
#6879 = ORIENTED_EDGE('',*,*,#6857,.T.);
#6880 = ORIENTED_EDGE('',*,*,#6881,.T.);
#6881 = EDGE_CURVE('',#6858,#6882,#6884,.T.);
#6882 = VERTEX_POINT('',#6883);
#6883 = CARTESIAN_POINT('',(5.75,0.25,2.8));
#6884 = CIRCLE('',#6885,0.55);
#6885 = AXIS2_PLACEMENT_3D('',#6886,#6887,#6888);
#6886 = CARTESIAN_POINT('',(5.75,-0.3,2.8));
#6887 = DIRECTION('',(-1.,1.224646799147E-16,0.));
#6888 = DIRECTION('',(0.,0.,1.));
#6889 = ORIENTED_EDGE('',*,*,#6890,.T.);
#6890 = EDGE_CURVE('',#6882,#6891,#6893,.T.);
#6891 = VERTEX_POINT('',#6892);
#6892 = CARTESIAN_POINT('',(5.75,0.25,-3.2));
#6893 = LINE('',#6894,#6895);
#6894 = CARTESIAN_POINT('',(5.75,0.25,3.35));
#6895 = VECTOR('',#6896,1.);
#6896 = DIRECTION('',(-0.,0.,-1.));
#6897 = ORIENTED_EDGE('',*,*,#6898,.T.);
#6898 = EDGE_CURVE('',#6891,#6899,#6901,.T.);
#6899 = VERTEX_POINT('',#6900);
#6900 = CARTESIAN_POINT('',(5.75,-0.25,-3.2));
#6901 = LINE('',#6902,#6903);
#6902 = CARTESIAN_POINT('',(5.75,0.25,-3.2));
#6903 = VECTOR('',#6904,1.);
#6904 = DIRECTION('',(-1.224646799147E-16,-1.,0.));
#6905 = ORIENTED_EDGE('',*,*,#6906,.T.);
#6906 = EDGE_CURVE('',#6899,#6907,#6909,.T.);
#6907 = VERTEX_POINT('',#6908);
#6908 = CARTESIAN_POINT('',(5.75,-0.25,2.8));
#6909 = LINE('',#6910,#6911);
#6910 = CARTESIAN_POINT('',(5.75,-0.25,-3.4));
#6911 = VECTOR('',#6912,1.);
#6912 = DIRECTION('',(0.,0.,1.));
#6913 = ORIENTED_EDGE('',*,*,#6914,.F.);
#6914 = EDGE_CURVE('',#6915,#6907,#6917,.T.);
#6915 = VERTEX_POINT('',#6916);
#6916 = CARTESIAN_POINT('',(5.75,-0.3,2.85));
#6917 = CIRCLE('',#6918,5.E-02);
#6918 = AXIS2_PLACEMENT_3D('',#6919,#6920,#6921);
#6919 = CARTESIAN_POINT('',(5.75,-0.3,2.8));
#6920 = DIRECTION('',(-1.,1.224646799147E-16,0.));
#6921 = DIRECTION('',(0.,0.,1.));
#6922 = ORIENTED_EDGE('',*,*,#6923,.T.);
#6923 = EDGE_CURVE('',#6915,#5106,#6924,.T.);
#6924 = LINE('',#6925,#6926);
#6925 = CARTESIAN_POINT('',(5.75,-0.25,2.85));
#6926 = VECTOR('',#6927,1.);
#6927 = DIRECTION('',(-1.224646799147E-16,-1.,0.));
#6928 = PLANE('',#6929);
#6929 = AXIS2_PLACEMENT_3D('',#6930,#6931,#6932);
#6930 = CARTESIAN_POINT('',(5.75,-1.401960784314,1.323039215686));
#6931 = DIRECTION('',(-1.,1.224646799147E-16,0.));
#6932 = DIRECTION('',(0.,0.,1.));
#6933 = ADVANCED_FACE('',(#6934),#6945,.F.);
#6934 = FACE_BOUND('',#6935,.F.);
#6935 = EDGE_LOOP('',(#6936,#6937,#6943,#6944));
#6936 = ORIENTED_EDGE('',*,*,#6841,.F.);
#6937 = ORIENTED_EDGE('',*,*,#6938,.T.);
#6938 = EDGE_CURVE('',#6833,#6915,#6939,.T.);
#6939 = LINE('',#6940,#6941);
#6940 = CARTESIAN_POINT('',(6.25,-0.3,2.85));
#6941 = VECTOR('',#6942,1.);
#6942 = DIRECTION('',(-1.,1.224646799147E-16,0.));
#6943 = ORIENTED_EDGE('',*,*,#6923,.T.);
#6944 = ORIENTED_EDGE('',*,*,#5105,.F.);
#6945 = PLANE('',#6946);
#6946 = AXIS2_PLACEMENT_3D('',#6947,#6948,#6949);
#6947 = CARTESIAN_POINT('',(6.25,-0.25,2.85));
#6948 = DIRECTION('',(0.,0.,1.));
#6949 = DIRECTION('',(-1.224646799147E-16,-1.,0.));
#6950 = ADVANCED_FACE('',(#6951),#7010,.T.);
#6951 = FACE_BOUND('',#6952,.T.);
#6952 = EDGE_LOOP('',(#6953,#6954,#6962,#6971,#6979,#6987,#6995,#7004));
#6953 = ORIENTED_EDGE('',*,*,#5141,.F.);
#6954 = ORIENTED_EDGE('',*,*,#6955,.T.);
#6955 = EDGE_CURVE('',#5142,#6956,#6958,.T.);
#6956 = VERTEX_POINT('',#6957);
#6957 = CARTESIAN_POINT('',(3.75,-0.3,3.35));
#6958 = LINE('',#6959,#6960);
#6959 = CARTESIAN_POINT('',(3.75,-5.75,3.35));
#6960 = VECTOR('',#6961,1.);
#6961 = DIRECTION('',(1.224646799147E-16,1.,0.));
#6962 = ORIENTED_EDGE('',*,*,#6963,.T.);
#6963 = EDGE_CURVE('',#6956,#6964,#6966,.T.);
#6964 = VERTEX_POINT('',#6965);
#6965 = CARTESIAN_POINT('',(3.75,0.25,2.8));
#6966 = CIRCLE('',#6967,0.55);
#6967 = AXIS2_PLACEMENT_3D('',#6968,#6969,#6970);
#6968 = CARTESIAN_POINT('',(3.75,-0.3,2.8));
#6969 = DIRECTION('',(-1.,1.224646799147E-16,0.));
#6970 = DIRECTION('',(0.,0.,1.));
#6971 = ORIENTED_EDGE('',*,*,#6972,.T.);
#6972 = EDGE_CURVE('',#6964,#6973,#6975,.T.);
#6973 = VERTEX_POINT('',#6974);
#6974 = CARTESIAN_POINT('',(3.75,0.25,-3.2));
#6975 = LINE('',#6976,#6977);
#6976 = CARTESIAN_POINT('',(3.75,0.25,3.35));
#6977 = VECTOR('',#6978,1.);
#6978 = DIRECTION('',(-0.,0.,-1.));
#6979 = ORIENTED_EDGE('',*,*,#6980,.T.);
#6980 = EDGE_CURVE('',#6973,#6981,#6983,.T.);
#6981 = VERTEX_POINT('',#6982);
#6982 = CARTESIAN_POINT('',(3.75,-0.25,-3.2));
#6983 = LINE('',#6984,#6985);
#6984 = CARTESIAN_POINT('',(3.75,0.25,-3.2));
#6985 = VECTOR('',#6986,1.);
#6986 = DIRECTION('',(-1.224646799147E-16,-1.,0.));
#6987 = ORIENTED_EDGE('',*,*,#6988,.T.);
#6988 = EDGE_CURVE('',#6981,#6989,#6991,.T.);
#6989 = VERTEX_POINT('',#6990);
#6990 = CARTESIAN_POINT('',(3.75,-0.25,2.8));
#6991 = LINE('',#6992,#6993);
#6992 = CARTESIAN_POINT('',(3.75,-0.25,-3.4));
#6993 = VECTOR('',#6994,1.);
#6994 = DIRECTION('',(0.,0.,1.));
#6995 = ORIENTED_EDGE('',*,*,#6996,.F.);
#6996 = EDGE_CURVE('',#6997,#6989,#6999,.T.);
#6997 = VERTEX_POINT('',#6998);
#6998 = CARTESIAN_POINT('',(3.75,-0.3,2.85));
#6999 = CIRCLE('',#7000,5.E-02);
#7000 = AXIS2_PLACEMENT_3D('',#7001,#7002,#7003);
#7001 = CARTESIAN_POINT('',(3.75,-0.3,2.8));
#7002 = DIRECTION('',(-1.,1.224646799147E-16,0.));
#7003 = DIRECTION('',(0.,0.,1.));
#7004 = ORIENTED_EDGE('',*,*,#7005,.T.);
#7005 = EDGE_CURVE('',#6997,#5144,#7006,.T.);
#7006 = LINE('',#7007,#7008);
#7007 = CARTESIAN_POINT('',(3.75,-0.25,2.85));
#7008 = VECTOR('',#7009,1.);
#7009 = DIRECTION('',(-1.224646799147E-16,-1.,0.));
#7010 = PLANE('',#7011);
#7011 = AXIS2_PLACEMENT_3D('',#7012,#7013,#7014);
#7012 = CARTESIAN_POINT('',(3.75,-1.401960784314,1.323039215686));
#7013 = DIRECTION('',(-1.,1.224646799147E-16,0.));
#7014 = DIRECTION('',(0.,0.,1.));
#7015 = ADVANCED_FACE('',(#7016),#7034,.F.);
#7016 = FACE_BOUND('',#7017,.F.);
#7017 = EDGE_LOOP('',(#7018,#7026,#7032,#7033));
#7018 = ORIENTED_EDGE('',*,*,#7019,.F.);
#7019 = EDGE_CURVE('',#7020,#5160,#7022,.T.);
#7020 = VERTEX_POINT('',#7021);
#7021 = CARTESIAN_POINT('',(4.25,-0.3,2.85));
#7022 = LINE('',#7023,#7024);
#7023 = CARTESIAN_POINT('',(4.25,-0.25,2.85));
#7024 = VECTOR('',#7025,1.);
#7025 = DIRECTION('',(-1.224646799147E-16,-1.,0.));
#7026 = ORIENTED_EDGE('',*,*,#7027,.T.);
#7027 = EDGE_CURVE('',#7020,#6997,#7028,.T.);
#7028 = LINE('',#7029,#7030);
#7029 = CARTESIAN_POINT('',(4.25,-0.3,2.85));
#7030 = VECTOR('',#7031,1.);
#7031 = DIRECTION('',(-1.,1.224646799147E-16,0.));
#7032 = ORIENTED_EDGE('',*,*,#7005,.T.);
#7033 = ORIENTED_EDGE('',*,*,#5167,.F.);
#7034 = PLANE('',#7035);
#7035 = AXIS2_PLACEMENT_3D('',#7036,#7037,#7038);
#7036 = CARTESIAN_POINT('',(4.25,-0.25,2.85));
#7037 = DIRECTION('',(0.,0.,1.));
#7038 = DIRECTION('',(-1.224646799147E-16,-1.,0.));
#7039 = ADVANCED_FACE('',(#7040),#7092,.F.);
#7040 = FACE_BOUND('',#7041,.F.);
#7041 = EDGE_LOOP('',(#7042,#7043,#7051,#7060,#7068,#7076,#7084,#7091));
#7042 = ORIENTED_EDGE('',*,*,#5159,.F.);
#7043 = ORIENTED_EDGE('',*,*,#7044,.T.);
#7044 = EDGE_CURVE('',#5152,#7045,#7047,.T.);
#7045 = VERTEX_POINT('',#7046);
#7046 = CARTESIAN_POINT('',(4.25,-0.3,3.35));
#7047 = LINE('',#7048,#7049);
#7048 = CARTESIAN_POINT('',(4.25,-5.75,3.35));
#7049 = VECTOR('',#7050,1.);
#7050 = DIRECTION('',(1.224646799147E-16,1.,0.));
#7051 = ORIENTED_EDGE('',*,*,#7052,.T.);
#7052 = EDGE_CURVE('',#7045,#7053,#7055,.T.);
#7053 = VERTEX_POINT('',#7054);
#7054 = CARTESIAN_POINT('',(4.25,0.25,2.8));
#7055 = CIRCLE('',#7056,0.55);
#7056 = AXIS2_PLACEMENT_3D('',#7057,#7058,#7059);
#7057 = CARTESIAN_POINT('',(4.25,-0.3,2.8));
#7058 = DIRECTION('',(-1.,1.224646799147E-16,0.));
#7059 = DIRECTION('',(0.,0.,1.));
#7060 = ORIENTED_EDGE('',*,*,#7061,.T.);
#7061 = EDGE_CURVE('',#7053,#7062,#7064,.T.);
#7062 = VERTEX_POINT('',#7063);
#7063 = CARTESIAN_POINT('',(4.25,0.25,-3.2));
#7064 = LINE('',#7065,#7066);
#7065 = CARTESIAN_POINT('',(4.25,0.25,3.35));
#7066 = VECTOR('',#7067,1.);
#7067 = DIRECTION('',(-0.,0.,-1.));
#7068 = ORIENTED_EDGE('',*,*,#7069,.T.);
#7069 = EDGE_CURVE('',#7062,#7070,#7072,.T.);
#7070 = VERTEX_POINT('',#7071);
#7071 = CARTESIAN_POINT('',(4.25,-0.25,-3.2));
#7072 = LINE('',#7073,#7074);
#7073 = CARTESIAN_POINT('',(4.25,0.25,-3.2));
#7074 = VECTOR('',#7075,1.);
#7075 = DIRECTION('',(-1.224646799147E-16,-1.,0.));
#7076 = ORIENTED_EDGE('',*,*,#7077,.T.);
#7077 = EDGE_CURVE('',#7070,#7078,#7080,.T.);
#7078 = VERTEX_POINT('',#7079);
#7079 = CARTESIAN_POINT('',(4.25,-0.25,2.8));
#7080 = LINE('',#7081,#7082);
#7081 = CARTESIAN_POINT('',(4.25,-0.25,-3.4));
#7082 = VECTOR('',#7083,1.);
#7083 = DIRECTION('',(0.,0.,1.));
#7084 = ORIENTED_EDGE('',*,*,#7085,.F.);
#7085 = EDGE_CURVE('',#7020,#7078,#7086,.T.);
#7086 = CIRCLE('',#7087,5.E-02);
#7087 = AXIS2_PLACEMENT_3D('',#7088,#7089,#7090);
#7088 = CARTESIAN_POINT('',(4.25,-0.3,2.8));
#7089 = DIRECTION('',(-1.,1.224646799147E-16,0.));
#7090 = DIRECTION('',(0.,0.,1.));
#7091 = ORIENTED_EDGE('',*,*,#7019,.T.);
#7092 = PLANE('',#7093);
#7093 = AXIS2_PLACEMENT_3D('',#7094,#7095,#7096);
#7094 = CARTESIAN_POINT('',(4.25,-1.401960784314,1.323039215686));
#7095 = DIRECTION('',(-1.,1.224646799147E-16,0.));
#7096 = DIRECTION('',(0.,0.,1.));
#7097 = ADVANCED_FACE('',(#7098),#7109,.F.);
#7098 = FACE_BOUND('',#7099,.F.);
#7099 = EDGE_LOOP('',(#7100,#7101,#7102,#7103));
#7100 = ORIENTED_EDGE('',*,*,#7044,.F.);
#7101 = ORIENTED_EDGE('',*,*,#5151,.F.);
#7102 = ORIENTED_EDGE('',*,*,#6955,.T.);
#7103 = ORIENTED_EDGE('',*,*,#7104,.F.);
#7104 = EDGE_CURVE('',#7045,#6956,#7105,.T.);
#7105 = LINE('',#7106,#7107);
#7106 = CARTESIAN_POINT('',(4.25,-0.3,3.35));
#7107 = VECTOR('',#7108,1.);
#7108 = DIRECTION('',(-1.,1.224646799147E-16,0.));
#7109 = PLANE('',#7110);
#7110 = AXIS2_PLACEMENT_3D('',#7111,#7112,#7113);
#7111 = CARTESIAN_POINT('',(4.25,-5.75,3.35));
#7112 = DIRECTION('',(-0.,0.,-1.));
#7113 = DIRECTION('',(1.224646799147E-16,1.,0.));
#7114 = ADVANCED_FACE('',(#7115),#7174,.T.);
#7115 = FACE_BOUND('',#7116,.T.);
#7116 = EDGE_LOOP('',(#7117,#7118,#7126,#7135,#7143,#7151,#7159,#7168));
#7117 = ORIENTED_EDGE('',*,*,#5187,.F.);
#7118 = ORIENTED_EDGE('',*,*,#7119,.T.);
#7119 = EDGE_CURVE('',#5188,#7120,#7122,.T.);
#7120 = VERTEX_POINT('',#7121);
#7121 = CARTESIAN_POINT('',(1.75,-0.3,3.35));
#7122 = LINE('',#7123,#7124);
#7123 = CARTESIAN_POINT('',(1.75,-5.75,3.35));
#7124 = VECTOR('',#7125,1.);
#7125 = DIRECTION('',(1.224646799147E-16,1.,0.));
#7126 = ORIENTED_EDGE('',*,*,#7127,.T.);
#7127 = EDGE_CURVE('',#7120,#7128,#7130,.T.);
#7128 = VERTEX_POINT('',#7129);
#7129 = CARTESIAN_POINT('',(1.75,0.25,2.8));
#7130 = CIRCLE('',#7131,0.55);
#7131 = AXIS2_PLACEMENT_3D('',#7132,#7133,#7134);
#7132 = CARTESIAN_POINT('',(1.75,-0.3,2.8));
#7133 = DIRECTION('',(-1.,1.224646799147E-16,0.));
#7134 = DIRECTION('',(0.,0.,1.));
#7135 = ORIENTED_EDGE('',*,*,#7136,.T.);
#7136 = EDGE_CURVE('',#7128,#7137,#7139,.T.);
#7137 = VERTEX_POINT('',#7138);
#7138 = CARTESIAN_POINT('',(1.75,0.25,-3.2));
#7139 = LINE('',#7140,#7141);
#7140 = CARTESIAN_POINT('',(1.75,0.25,3.35));
#7141 = VECTOR('',#7142,1.);
#7142 = DIRECTION('',(-0.,0.,-1.));
#7143 = ORIENTED_EDGE('',*,*,#7144,.T.);
#7144 = EDGE_CURVE('',#7137,#7145,#7147,.T.);
#7145 = VERTEX_POINT('',#7146);
#7146 = CARTESIAN_POINT('',(1.75,-0.25,-3.2));
#7147 = LINE('',#7148,#7149);
#7148 = CARTESIAN_POINT('',(1.75,0.25,-3.2));
#7149 = VECTOR('',#7150,1.);
#7150 = DIRECTION('',(-1.224646799147E-16,-1.,0.));
#7151 = ORIENTED_EDGE('',*,*,#7152,.T.);
#7152 = EDGE_CURVE('',#7145,#7153,#7155,.T.);
#7153 = VERTEX_POINT('',#7154);
#7154 = CARTESIAN_POINT('',(1.75,-0.25,2.8));
#7155 = LINE('',#7156,#7157);
#7156 = CARTESIAN_POINT('',(1.75,-0.25,-3.4));
#7157 = VECTOR('',#7158,1.);
#7158 = DIRECTION('',(0.,0.,1.));
#7159 = ORIENTED_EDGE('',*,*,#7160,.F.);
#7160 = EDGE_CURVE('',#7161,#7153,#7163,.T.);
#7161 = VERTEX_POINT('',#7162);
#7162 = CARTESIAN_POINT('',(1.75,-0.3,2.85));
#7163 = CIRCLE('',#7164,5.E-02);
#7164 = AXIS2_PLACEMENT_3D('',#7165,#7166,#7167);
#7165 = CARTESIAN_POINT('',(1.75,-0.3,2.8));
#7166 = DIRECTION('',(-1.,1.224646799147E-16,0.));
#7167 = DIRECTION('',(0.,0.,1.));
#7168 = ORIENTED_EDGE('',*,*,#7169,.T.);
#7169 = EDGE_CURVE('',#7161,#5190,#7170,.T.);
#7170 = LINE('',#7171,#7172);
#7171 = CARTESIAN_POINT('',(1.75,-0.25,2.85));
#7172 = VECTOR('',#7173,1.);
#7173 = DIRECTION('',(-1.224646799147E-16,-1.,0.));
#7174 = PLANE('',#7175);
#7175 = AXIS2_PLACEMENT_3D('',#7176,#7177,#7178);
#7176 = CARTESIAN_POINT('',(1.75,-1.401960784314,1.323039215686));
#7177 = DIRECTION('',(-1.,1.224646799147E-16,0.));
#7178 = DIRECTION('',(0.,0.,1.));
#7179 = ADVANCED_FACE('',(#7180),#7198,.F.);
#7180 = FACE_BOUND('',#7181,.F.);
#7181 = EDGE_LOOP('',(#7182,#7190,#7196,#7197));
#7182 = ORIENTED_EDGE('',*,*,#7183,.F.);
#7183 = EDGE_CURVE('',#7184,#5206,#7186,.T.);
#7184 = VERTEX_POINT('',#7185);
#7185 = CARTESIAN_POINT('',(2.25,-0.3,2.85));
#7186 = LINE('',#7187,#7188);
#7187 = CARTESIAN_POINT('',(2.25,-0.25,2.85));
#7188 = VECTOR('',#7189,1.);
#7189 = DIRECTION('',(-1.224646799147E-16,-1.,0.));
#7190 = ORIENTED_EDGE('',*,*,#7191,.T.);
#7191 = EDGE_CURVE('',#7184,#7161,#7192,.T.);
#7192 = LINE('',#7193,#7194);
#7193 = CARTESIAN_POINT('',(2.25,-0.3,2.85));
#7194 = VECTOR('',#7195,1.);
#7195 = DIRECTION('',(-1.,1.224646799147E-16,0.));
#7196 = ORIENTED_EDGE('',*,*,#7169,.T.);
#7197 = ORIENTED_EDGE('',*,*,#5213,.F.);
#7198 = PLANE('',#7199);
#7199 = AXIS2_PLACEMENT_3D('',#7200,#7201,#7202);
#7200 = CARTESIAN_POINT('',(2.25,-0.25,2.85));
#7201 = DIRECTION('',(0.,0.,1.));
#7202 = DIRECTION('',(-1.224646799147E-16,-1.,0.));
#7203 = ADVANCED_FACE('',(#7204),#7256,.F.);
#7204 = FACE_BOUND('',#7205,.F.);
#7205 = EDGE_LOOP('',(#7206,#7207,#7215,#7224,#7232,#7240,#7248,#7255));
#7206 = ORIENTED_EDGE('',*,*,#5205,.F.);
#7207 = ORIENTED_EDGE('',*,*,#7208,.T.);
#7208 = EDGE_CURVE('',#5198,#7209,#7211,.T.);
#7209 = VERTEX_POINT('',#7210);
#7210 = CARTESIAN_POINT('',(2.25,-0.3,3.35));
#7211 = LINE('',#7212,#7213);
#7212 = CARTESIAN_POINT('',(2.25,-5.75,3.35));
#7213 = VECTOR('',#7214,1.);
#7214 = DIRECTION('',(1.224646799147E-16,1.,0.));
#7215 = ORIENTED_EDGE('',*,*,#7216,.T.);
#7216 = EDGE_CURVE('',#7209,#7217,#7219,.T.);
#7217 = VERTEX_POINT('',#7218);
#7218 = CARTESIAN_POINT('',(2.25,0.25,2.8));
#7219 = CIRCLE('',#7220,0.55);
#7220 = AXIS2_PLACEMENT_3D('',#7221,#7222,#7223);
#7221 = CARTESIAN_POINT('',(2.25,-0.3,2.8));
#7222 = DIRECTION('',(-1.,1.224646799147E-16,0.));
#7223 = DIRECTION('',(0.,0.,1.));
#7224 = ORIENTED_EDGE('',*,*,#7225,.T.);
#7225 = EDGE_CURVE('',#7217,#7226,#7228,.T.);
#7226 = VERTEX_POINT('',#7227);
#7227 = CARTESIAN_POINT('',(2.25,0.25,-3.2));
#7228 = LINE('',#7229,#7230);
#7229 = CARTESIAN_POINT('',(2.25,0.25,3.35));
#7230 = VECTOR('',#7231,1.);
#7231 = DIRECTION('',(-0.,0.,-1.));
#7232 = ORIENTED_EDGE('',*,*,#7233,.T.);
#7233 = EDGE_CURVE('',#7226,#7234,#7236,.T.);
#7234 = VERTEX_POINT('',#7235);
#7235 = CARTESIAN_POINT('',(2.25,-0.25,-3.2));
#7236 = LINE('',#7237,#7238);
#7237 = CARTESIAN_POINT('',(2.25,0.25,-3.2));
#7238 = VECTOR('',#7239,1.);
#7239 = DIRECTION('',(-1.224646799147E-16,-1.,0.));
#7240 = ORIENTED_EDGE('',*,*,#7241,.T.);
#7241 = EDGE_CURVE('',#7234,#7242,#7244,.T.);
#7242 = VERTEX_POINT('',#7243);
#7243 = CARTESIAN_POINT('',(2.25,-0.25,2.8));
#7244 = LINE('',#7245,#7246);
#7245 = CARTESIAN_POINT('',(2.25,-0.25,-3.4));
#7246 = VECTOR('',#7247,1.);
#7247 = DIRECTION('',(0.,0.,1.));
#7248 = ORIENTED_EDGE('',*,*,#7249,.F.);
#7249 = EDGE_CURVE('',#7184,#7242,#7250,.T.);
#7250 = CIRCLE('',#7251,5.E-02);
#7251 = AXIS2_PLACEMENT_3D('',#7252,#7253,#7254);
#7252 = CARTESIAN_POINT('',(2.25,-0.3,2.8));
#7253 = DIRECTION('',(-1.,1.224646799147E-16,0.));
#7254 = DIRECTION('',(0.,0.,1.));
#7255 = ORIENTED_EDGE('',*,*,#7183,.T.);
#7256 = PLANE('',#7257);
#7257 = AXIS2_PLACEMENT_3D('',#7258,#7259,#7260);
#7258 = CARTESIAN_POINT('',(2.25,-1.401960784314,1.323039215686));
#7259 = DIRECTION('',(-1.,1.224646799147E-16,0.));
#7260 = DIRECTION('',(0.,0.,1.));
#7261 = ADVANCED_FACE('',(#7262),#7273,.F.);
#7262 = FACE_BOUND('',#7263,.F.);
#7263 = EDGE_LOOP('',(#7264,#7265,#7266,#7267));
#7264 = ORIENTED_EDGE('',*,*,#7208,.F.);
#7265 = ORIENTED_EDGE('',*,*,#5197,.F.);
#7266 = ORIENTED_EDGE('',*,*,#7119,.T.);
#7267 = ORIENTED_EDGE('',*,*,#7268,.F.);
#7268 = EDGE_CURVE('',#7209,#7120,#7269,.T.);
#7269 = LINE('',#7270,#7271);
#7270 = CARTESIAN_POINT('',(2.25,-0.3,3.35));
#7271 = VECTOR('',#7272,1.);
#7272 = DIRECTION('',(-1.,1.224646799147E-16,0.));
#7273 = PLANE('',#7274);
#7274 = AXIS2_PLACEMENT_3D('',#7275,#7276,#7277);
#7275 = CARTESIAN_POINT('',(2.25,-5.75,3.35));
#7276 = DIRECTION('',(-0.,0.,-1.));
#7277 = DIRECTION('',(1.224646799147E-16,1.,0.));
#7278 = ADVANCED_FACE('',(#7279),#7304,.F.);
#7279 = FACE_BOUND('',#7280,.F.);
#7280 = EDGE_LOOP('',(#7281,#7289,#7290,#7298));
#7281 = ORIENTED_EDGE('',*,*,#7282,.F.);
#7282 = EDGE_CURVE('',#5236,#7283,#7285,.T.);
#7283 = VERTEX_POINT('',#7284);
#7284 = CARTESIAN_POINT('',(0.25,-0.3,3.35));
#7285 = LINE('',#7286,#7287);
#7286 = CARTESIAN_POINT('',(0.25,-5.75,3.35));
#7287 = VECTOR('',#7288,1.);
#7288 = DIRECTION('',(1.224646799147E-16,1.,0.));
#7289 = ORIENTED_EDGE('',*,*,#5233,.F.);
#7290 = ORIENTED_EDGE('',*,*,#7291,.T.);
#7291 = EDGE_CURVE('',#5234,#7292,#7294,.T.);
#7292 = VERTEX_POINT('',#7293);
#7293 = CARTESIAN_POINT('',(-0.25,-0.3,3.35));
#7294 = LINE('',#7295,#7296);
#7295 = CARTESIAN_POINT('',(-0.25,-5.75,3.35));
#7296 = VECTOR('',#7297,1.);
#7297 = DIRECTION('',(1.224646799147E-16,1.,0.));
#7298 = ORIENTED_EDGE('',*,*,#7299,.F.);
#7299 = EDGE_CURVE('',#7283,#7292,#7300,.T.);
#7300 = LINE('',#7301,#7302);
#7301 = CARTESIAN_POINT('',(0.25,-0.3,3.35));
#7302 = VECTOR('',#7303,1.);
#7303 = DIRECTION('',(-1.,1.224646799147E-16,0.));
#7304 = PLANE('',#7305);
#7305 = AXIS2_PLACEMENT_3D('',#7306,#7307,#7308);
#7306 = CARTESIAN_POINT('',(0.25,-5.75,3.35));
#7307 = DIRECTION('',(-0.,0.,-1.));
#7308 = DIRECTION('',(1.224646799147E-16,1.,0.));
#7309 = ADVANCED_FACE('',(#7310),#7394,.T.);
#7310 = FACE_BOUND('',#7311,.T.);
#7311 = EDGE_LOOP('',(#7312,#7313,#7314,#7323,#7331,#7339,#7347,#7355,
    #7363,#7371,#7379,#7388));
#7312 = ORIENTED_EDGE('',*,*,#5259,.F.);
#7313 = ORIENTED_EDGE('',*,*,#7291,.T.);
#7314 = ORIENTED_EDGE('',*,*,#7315,.T.);
#7315 = EDGE_CURVE('',#7292,#7316,#7318,.T.);
#7316 = VERTEX_POINT('',#7317);
#7317 = CARTESIAN_POINT('',(-0.25,0.25,2.8));
#7318 = CIRCLE('',#7319,0.55);
#7319 = AXIS2_PLACEMENT_3D('',#7320,#7321,#7322);
#7320 = CARTESIAN_POINT('',(-0.25,-0.3,2.8));
#7321 = DIRECTION('',(-1.,1.224646799147E-16,0.));
#7322 = DIRECTION('',(0.,0.,1.));
#7323 = ORIENTED_EDGE('',*,*,#7324,.T.);
#7324 = EDGE_CURVE('',#7316,#7325,#7327,.T.);
#7325 = VERTEX_POINT('',#7326);
#7326 = CARTESIAN_POINT('',(-0.25,0.25,-0.9));
#7327 = LINE('',#7328,#7329);
#7328 = CARTESIAN_POINT('',(-0.25,0.25,3.35));
#7329 = VECTOR('',#7330,1.);
#7330 = DIRECTION('',(-0.,0.,-1.));
#7331 = ORIENTED_EDGE('',*,*,#7332,.T.);
#7332 = EDGE_CURVE('',#7325,#7333,#7335,.T.);
#7333 = VERTEX_POINT('',#7334);
#7334 = CARTESIAN_POINT('',(-0.25,-5.E-02,-1.5));
#7335 = LINE('',#7336,#7337);
#7336 = CARTESIAN_POINT('',(-0.25,0.25,-0.9));
#7337 = VECTOR('',#7338,1.);
#7338 = DIRECTION('',(-5.476786982641E-17,-0.4472135955,-0.894427191));
#7339 = ORIENTED_EDGE('',*,*,#7340,.T.);
#7340 = EDGE_CURVE('',#7333,#7341,#7343,.T.);
#7341 = VERTEX_POINT('',#7342);
#7342 = CARTESIAN_POINT('',(-0.25,0.218421052632,-3.2));
#7343 = LINE('',#7344,#7345);
#7344 = CARTESIAN_POINT('',(-0.25,-5.E-02,-1.5));
#7345 = VECTOR('',#7346,1.);
#7346 = DIRECTION('',(1.909990663905E-17,0.155962573473,-0.987762965329)
  );
#7347 = ORIENTED_EDGE('',*,*,#7348,.T.);
#7348 = EDGE_CURVE('',#7341,#7349,#7351,.T.);
#7349 = VERTEX_POINT('',#7350);
#7350 = CARTESIAN_POINT('',(-0.25,-0.281578947368,-3.2));
#7351 = LINE('',#7352,#7353);
#7352 = CARTESIAN_POINT('',(-0.25,0.25,-3.2));
#7353 = VECTOR('',#7354,1.);
#7354 = DIRECTION('',(-1.224646799147E-16,-1.,0.));
#7355 = ORIENTED_EDGE('',*,*,#7356,.T.);
#7356 = EDGE_CURVE('',#7349,#7357,#7359,.T.);
#7357 = VERTEX_POINT('',#7358);
#7358 = CARTESIAN_POINT('',(-0.25,-0.55,-1.5));
#7359 = LINE('',#7360,#7361);
#7360 = CARTESIAN_POINT('',(-0.25,-0.25,-3.4));
#7361 = VECTOR('',#7362,1.);
#7362 = DIRECTION('',(-1.909990663905E-17,-0.155962573473,0.987762965329
    ));
#7363 = ORIENTED_EDGE('',*,*,#7364,.T.);
#7364 = EDGE_CURVE('',#7357,#7365,#7367,.T.);
#7365 = VERTEX_POINT('',#7366);
#7366 = CARTESIAN_POINT('',(-0.25,-0.25,-0.9));
#7367 = LINE('',#7368,#7369);
#7368 = CARTESIAN_POINT('',(-0.25,-0.55,-1.5));
#7369 = VECTOR('',#7370,1.);
#7370 = DIRECTION('',(5.476786982641E-17,0.4472135955,0.894427191));
#7371 = ORIENTED_EDGE('',*,*,#7372,.T.);
#7372 = EDGE_CURVE('',#7365,#7373,#7375,.T.);
#7373 = VERTEX_POINT('',#7374);
#7374 = CARTESIAN_POINT('',(-0.25,-0.25,2.8));
#7375 = LINE('',#7376,#7377);
#7376 = CARTESIAN_POINT('',(-0.25,-0.25,-0.9));
#7377 = VECTOR('',#7378,1.);
#7378 = DIRECTION('',(0.,0.,1.));
#7379 = ORIENTED_EDGE('',*,*,#7380,.F.);
#7380 = EDGE_CURVE('',#7381,#7373,#7383,.T.);
#7381 = VERTEX_POINT('',#7382);
#7382 = CARTESIAN_POINT('',(-0.25,-0.3,2.85));
#7383 = CIRCLE('',#7384,5.E-02);
#7384 = AXIS2_PLACEMENT_3D('',#7385,#7386,#7387);
#7385 = CARTESIAN_POINT('',(-0.25,-0.3,2.8));
#7386 = DIRECTION('',(-1.,1.224646799147E-16,0.));
#7387 = DIRECTION('',(0.,0.,1.));
#7388 = ORIENTED_EDGE('',*,*,#7389,.T.);
#7389 = EDGE_CURVE('',#7381,#5252,#7390,.T.);
#7390 = LINE('',#7391,#7392);
#7391 = CARTESIAN_POINT('',(-0.25,-0.25,2.85));
#7392 = VECTOR('',#7393,1.);
#7393 = DIRECTION('',(-1.224646799147E-16,-1.,0.));
#7394 = PLANE('',#7395);
#7395 = AXIS2_PLACEMENT_3D('',#7396,#7397,#7398);
#7396 = CARTESIAN_POINT('',(-0.25,-1.421959173294,1.302213422577));
#7397 = DIRECTION('',(-1.,1.224646799147E-16,0.));
#7398 = DIRECTION('',(0.,0.,1.));
#7399 = ADVANCED_FACE('',(#7400),#7418,.F.);
#7400 = FACE_BOUND('',#7401,.F.);
#7401 = EDGE_LOOP('',(#7402,#7410,#7416,#7417));
#7402 = ORIENTED_EDGE('',*,*,#7403,.F.);
#7403 = EDGE_CURVE('',#7404,#5244,#7406,.T.);
#7404 = VERTEX_POINT('',#7405);
#7405 = CARTESIAN_POINT('',(0.25,-0.3,2.85));
#7406 = LINE('',#7407,#7408);
#7407 = CARTESIAN_POINT('',(0.25,-0.25,2.85));
#7408 = VECTOR('',#7409,1.);
#7409 = DIRECTION('',(-1.224646799147E-16,-1.,0.));
#7410 = ORIENTED_EDGE('',*,*,#7411,.T.);
#7411 = EDGE_CURVE('',#7404,#7381,#7412,.T.);
#7412 = LINE('',#7413,#7414);
#7413 = CARTESIAN_POINT('',(0.25,-0.3,2.85));
#7414 = VECTOR('',#7415,1.);
#7415 = DIRECTION('',(-1.,1.224646799147E-16,0.));
#7416 = ORIENTED_EDGE('',*,*,#7389,.T.);
#7417 = ORIENTED_EDGE('',*,*,#5251,.F.);
#7418 = PLANE('',#7419);
#7419 = AXIS2_PLACEMENT_3D('',#7420,#7421,#7422);
#7420 = CARTESIAN_POINT('',(0.25,-0.25,2.85));
#7421 = DIRECTION('',(0.,0.,1.));
#7422 = DIRECTION('',(-1.224646799147E-16,-1.,0.));
#7423 = ADVANCED_FACE('',(#7424),#7501,.F.);
#7424 = FACE_BOUND('',#7425,.F.);
#7425 = EDGE_LOOP('',(#7426,#7427,#7428,#7437,#7445,#7453,#7461,#7469,
    #7477,#7485,#7493,#7500));
#7426 = ORIENTED_EDGE('',*,*,#5243,.F.);
#7427 = ORIENTED_EDGE('',*,*,#7282,.T.);
#7428 = ORIENTED_EDGE('',*,*,#7429,.T.);
#7429 = EDGE_CURVE('',#7283,#7430,#7432,.T.);
#7430 = VERTEX_POINT('',#7431);
#7431 = CARTESIAN_POINT('',(0.25,0.25,2.8));
#7432 = CIRCLE('',#7433,0.55);
#7433 = AXIS2_PLACEMENT_3D('',#7434,#7435,#7436);
#7434 = CARTESIAN_POINT('',(0.25,-0.3,2.8));
#7435 = DIRECTION('',(-1.,1.224646799147E-16,0.));
#7436 = DIRECTION('',(0.,0.,1.));
#7437 = ORIENTED_EDGE('',*,*,#7438,.T.);
#7438 = EDGE_CURVE('',#7430,#7439,#7441,.T.);
#7439 = VERTEX_POINT('',#7440);
#7440 = CARTESIAN_POINT('',(0.25,0.25,-0.9));
#7441 = LINE('',#7442,#7443);
#7442 = CARTESIAN_POINT('',(0.25,0.25,3.35));
#7443 = VECTOR('',#7444,1.);
#7444 = DIRECTION('',(-0.,0.,-1.));
#7445 = ORIENTED_EDGE('',*,*,#7446,.T.);
#7446 = EDGE_CURVE('',#7439,#7447,#7449,.T.);
#7447 = VERTEX_POINT('',#7448);
#7448 = CARTESIAN_POINT('',(0.25,-5.E-02,-1.5));
#7449 = LINE('',#7450,#7451);
#7450 = CARTESIAN_POINT('',(0.25,0.25,-0.9));
#7451 = VECTOR('',#7452,1.);
#7452 = DIRECTION('',(-5.476786982641E-17,-0.4472135955,-0.894427191));
#7453 = ORIENTED_EDGE('',*,*,#7454,.T.);
#7454 = EDGE_CURVE('',#7447,#7455,#7457,.T.);
#7455 = VERTEX_POINT('',#7456);
#7456 = CARTESIAN_POINT('',(0.25,0.218421052632,-3.2));
#7457 = LINE('',#7458,#7459);
#7458 = CARTESIAN_POINT('',(0.25,-5.E-02,-1.5));
#7459 = VECTOR('',#7460,1.);
#7460 = DIRECTION('',(1.909990663905E-17,0.155962573473,-0.987762965329)
  );
#7461 = ORIENTED_EDGE('',*,*,#7462,.T.);
#7462 = EDGE_CURVE('',#7455,#7463,#7465,.T.);
#7463 = VERTEX_POINT('',#7464);
#7464 = CARTESIAN_POINT('',(0.25,-0.281578947368,-3.2));
#7465 = LINE('',#7466,#7467);
#7466 = CARTESIAN_POINT('',(0.25,0.25,-3.2));
#7467 = VECTOR('',#7468,1.);
#7468 = DIRECTION('',(-1.224646799147E-16,-1.,0.));
#7469 = ORIENTED_EDGE('',*,*,#7470,.T.);
#7470 = EDGE_CURVE('',#7463,#7471,#7473,.T.);
#7471 = VERTEX_POINT('',#7472);
#7472 = CARTESIAN_POINT('',(0.25,-0.55,-1.5));
#7473 = LINE('',#7474,#7475);
#7474 = CARTESIAN_POINT('',(0.25,-0.25,-3.4));
#7475 = VECTOR('',#7476,1.);
#7476 = DIRECTION('',(-1.909990663905E-17,-0.155962573473,0.987762965329
    ));
#7477 = ORIENTED_EDGE('',*,*,#7478,.T.);
#7478 = EDGE_CURVE('',#7471,#7479,#7481,.T.);
#7479 = VERTEX_POINT('',#7480);
#7480 = CARTESIAN_POINT('',(0.25,-0.25,-0.9));
#7481 = LINE('',#7482,#7483);
#7482 = CARTESIAN_POINT('',(0.25,-0.55,-1.5));
#7483 = VECTOR('',#7484,1.);
#7484 = DIRECTION('',(5.476786982641E-17,0.4472135955,0.894427191));
#7485 = ORIENTED_EDGE('',*,*,#7486,.T.);
#7486 = EDGE_CURVE('',#7479,#7487,#7489,.T.);
#7487 = VERTEX_POINT('',#7488);
#7488 = CARTESIAN_POINT('',(0.25,-0.25,2.8));
#7489 = LINE('',#7490,#7491);
#7490 = CARTESIAN_POINT('',(0.25,-0.25,-0.9));
#7491 = VECTOR('',#7492,1.);
#7492 = DIRECTION('',(0.,0.,1.));
#7493 = ORIENTED_EDGE('',*,*,#7494,.F.);
#7494 = EDGE_CURVE('',#7404,#7487,#7495,.T.);
#7495 = CIRCLE('',#7496,5.E-02);
#7496 = AXIS2_PLACEMENT_3D('',#7497,#7498,#7499);
#7497 = CARTESIAN_POINT('',(0.25,-0.3,2.8));
#7498 = DIRECTION('',(-1.,1.224646799147E-16,0.));
#7499 = DIRECTION('',(0.,0.,1.));
#7500 = ORIENTED_EDGE('',*,*,#7403,.T.);
#7501 = PLANE('',#7502);
#7502 = AXIS2_PLACEMENT_3D('',#7503,#7504,#7505);
#7503 = CARTESIAN_POINT('',(0.25,-1.421959173294,1.302213422577));
#7504 = DIRECTION('',(-1.,1.224646799147E-16,0.));
#7505 = DIRECTION('',(0.,0.,1.));
#7506 = ADVANCED_FACE('',(#7507),#7513,.F.);
#7507 = FACE_BOUND('',#7508,.F.);
#7508 = EDGE_LOOP('',(#7509,#7510,#7511,#7512));
#7509 = ORIENTED_EDGE('',*,*,#5343,.T.);
#7510 = ORIENTED_EDGE('',*,*,#5319,.T.);
#7511 = ORIENTED_EDGE('',*,*,#5384,.F.);
#7512 = ORIENTED_EDGE('',*,*,#5367,.F.);
#7513 = PLANE('',#7514);
#7514 = AXIS2_PLACEMENT_3D('',#7515,#7516,#7517);
#7515 = CARTESIAN_POINT('',(10.25,-5.75,2.85));
#7516 = DIRECTION('',(1.224646799147E-16,1.,0.));
#7517 = DIRECTION('',(0.,-0.,1.));
#7518 = ADVANCED_FACE('',(#7519),#7525,.F.);
#7519 = FACE_BOUND('',#7520,.F.);
#7520 = EDGE_LOOP('',(#7521,#7522,#7523,#7524));
#7521 = ORIENTED_EDGE('',*,*,#5463,.T.);
#7522 = ORIENTED_EDGE('',*,*,#5439,.T.);
#7523 = ORIENTED_EDGE('',*,*,#5415,.F.);
#7524 = ORIENTED_EDGE('',*,*,#5480,.F.);
#7525 = PLANE('',#7526);
#7526 = AXIS2_PLACEMENT_3D('',#7527,#7528,#7529);
#7527 = CARTESIAN_POINT('',(8.25,-5.75,2.85));
#7528 = DIRECTION('',(1.224646799147E-16,1.,0.));
#7529 = DIRECTION('',(0.,-0.,1.));
#7530 = ADVANCED_FACE('',(#7531),#7537,.F.);
#7531 = FACE_BOUND('',#7532,.F.);
#7532 = EDGE_LOOP('',(#7533,#7534,#7535,#7536));
#7533 = ORIENTED_EDGE('',*,*,#5576,.T.);
#7534 = ORIENTED_EDGE('',*,*,#5559,.T.);
#7535 = ORIENTED_EDGE('',*,*,#5535,.F.);
#7536 = ORIENTED_EDGE('',*,*,#5511,.F.);
#7537 = PLANE('',#7538);
#7538 = AXIS2_PLACEMENT_3D('',#7539,#7540,#7541);
#7539 = CARTESIAN_POINT('',(6.25,-5.75,2.85));
#7540 = DIRECTION('',(1.224646799147E-16,1.,0.));
#7541 = DIRECTION('',(0.,-0.,1.));
#7542 = ADVANCED_FACE('',(#7543),#7549,.F.);
#7543 = FACE_BOUND('',#7544,.F.);
#7544 = EDGE_LOOP('',(#7545,#7546,#7547,#7548));
#7545 = ORIENTED_EDGE('',*,*,#5631,.T.);
#7546 = ORIENTED_EDGE('',*,*,#5607,.T.);
#7547 = ORIENTED_EDGE('',*,*,#5672,.F.);
#7548 = ORIENTED_EDGE('',*,*,#5655,.F.);
#7549 = PLANE('',#7550);
#7550 = AXIS2_PLACEMENT_3D('',#7551,#7552,#7553);
#7551 = CARTESIAN_POINT('',(2.25,-5.75,2.85));
#7552 = DIRECTION('',(1.224646799147E-16,1.,0.));
#7553 = DIRECTION('',(0.,-0.,1.));
#7554 = ADVANCED_FACE('',(#7555),#7561,.F.);
#7555 = FACE_BOUND('',#7556,.F.);
#7556 = EDGE_LOOP('',(#7557,#7558,#7559,#7560));
#7557 = ORIENTED_EDGE('',*,*,#5727,.T.);
#7558 = ORIENTED_EDGE('',*,*,#5703,.T.);
#7559 = ORIENTED_EDGE('',*,*,#5768,.F.);
#7560 = ORIENTED_EDGE('',*,*,#5751,.F.);
#7561 = PLANE('',#7562);
#7562 = AXIS2_PLACEMENT_3D('',#7563,#7564,#7565);
#7563 = CARTESIAN_POINT('',(4.25,-5.75,2.85));
#7564 = DIRECTION('',(1.224646799147E-16,1.,0.));
#7565 = DIRECTION('',(0.,-0.,1.));
#7566 = ADVANCED_FACE('',(#7567),#7573,.F.);
#7567 = FACE_BOUND('',#7568,.F.);
#7568 = EDGE_LOOP('',(#7569,#7570,#7571,#7572));
#7569 = ORIENTED_EDGE('',*,*,#5823,.T.);
#7570 = ORIENTED_EDGE('',*,*,#5799,.T.);
#7571 = ORIENTED_EDGE('',*,*,#5864,.F.);
#7572 = ORIENTED_EDGE('',*,*,#5847,.F.);
#7573 = PLANE('',#7574);
#7574 = AXIS2_PLACEMENT_3D('',#7575,#7576,#7577);
#7575 = CARTESIAN_POINT('',(12.25,-5.75,2.85));
#7576 = DIRECTION('',(1.224646799147E-16,1.,0.));
#7577 = DIRECTION('',(0.,-0.,1.));
#7578 = ADVANCED_FACE('',(#7579),#7585,.F.);
#7579 = FACE_BOUND('',#7580,.F.);
#7580 = EDGE_LOOP('',(#7581,#7582,#7583,#7584));
#7581 = ORIENTED_EDGE('',*,*,#5919,.T.);
#7582 = ORIENTED_EDGE('',*,*,#5895,.T.);
#7583 = ORIENTED_EDGE('',*,*,#5958,.F.);
#7584 = ORIENTED_EDGE('',*,*,#5943,.F.);
#7585 = PLANE('',#7586);
#7586 = AXIS2_PLACEMENT_3D('',#7587,#7588,#7589);
#7587 = CARTESIAN_POINT('',(14.25,-5.75,2.85));
#7588 = DIRECTION('',(1.224646799147E-16,1.,0.));
#7589 = DIRECTION('',(0.,-0.,1.));
#7590 = ADVANCED_FACE('',(#7591),#7597,.F.);
#7591 = FACE_BOUND('',#7592,.F.);
#7592 = EDGE_LOOP('',(#7593,#7594,#7595,#7596));
#7593 = ORIENTED_EDGE('',*,*,#6039,.T.);
#7594 = ORIENTED_EDGE('',*,*,#6015,.T.);
#7595 = ORIENTED_EDGE('',*,*,#5982,.F.);
#7596 = ORIENTED_EDGE('',*,*,#6056,.F.);
#7597 = PLANE('',#7598);
#7598 = AXIS2_PLACEMENT_3D('',#7599,#7600,#7601);
#7599 = CARTESIAN_POINT('',(0.25,-5.75,2.85));
#7600 = DIRECTION('',(1.224646799147E-16,1.,0.));
#7601 = DIRECTION('',(0.,-0.,1.));
#7602 = ADVANCED_FACE('',(#7603),#7614,.F.);
#7603 = FACE_BOUND('',#7604,.F.);
#7604 = EDGE_LOOP('',(#7605,#7606,#7612,#7613));
#7605 = ORIENTED_EDGE('',*,*,#6265,.T.);
#7606 = ORIENTED_EDGE('',*,*,#7607,.T.);
#7607 = EDGE_CURVE('',#6258,#6137,#7608,.T.);
#7608 = LINE('',#7609,#7610);
#7609 = CARTESIAN_POINT('',(14.25,-0.25,2.8));
#7610 = VECTOR('',#7611,1.);
#7611 = DIRECTION('',(-1.,1.224646799147E-16,0.));
#7612 = ORIENTED_EDGE('',*,*,#6144,.F.);
#7613 = ORIENTED_EDGE('',*,*,#6175,.F.);
#7614 = CYLINDRICAL_SURFACE('',#7615,5.E-02);
#7615 = AXIS2_PLACEMENT_3D('',#7616,#7617,#7618);
#7616 = CARTESIAN_POINT('',(14.25,-0.3,2.8));
#7617 = DIRECTION('',(-1.,1.224646799147E-16,0.));
#7618 = DIRECTION('',(0.,0.,1.));
#7619 = ADVANCED_FACE('',(#7620),#7631,.F.);
#7620 = FACE_BOUND('',#7621,.F.);
#7621 = EDGE_LOOP('',(#7622,#7623,#7629,#7630));
#7622 = ORIENTED_EDGE('',*,*,#6257,.F.);
#7623 = ORIENTED_EDGE('',*,*,#7624,.T.);
#7624 = EDGE_CURVE('',#6250,#6129,#7625,.T.);
#7625 = LINE('',#7626,#7627);
#7626 = CARTESIAN_POINT('',(14.25,-0.25,-0.9));
#7627 = VECTOR('',#7628,1.);
#7628 = DIRECTION('',(-1.,1.224646799147E-16,0.));
#7629 = ORIENTED_EDGE('',*,*,#6136,.T.);
#7630 = ORIENTED_EDGE('',*,*,#7607,.F.);
#7631 = PLANE('',#7632);
#7632 = AXIS2_PLACEMENT_3D('',#7633,#7634,#7635);
#7633 = CARTESIAN_POINT('',(14.25,-0.25,-0.9));
#7634 = DIRECTION('',(1.224646799147E-16,1.,0.));
#7635 = DIRECTION('',(0.,-0.,1.));
#7636 = ADVANCED_FACE('',(#7637),#7648,.F.);
#7637 = FACE_BOUND('',#7638,.F.);
#7638 = EDGE_LOOP('',(#7639,#7645,#7646,#7647));
#7639 = ORIENTED_EDGE('',*,*,#7640,.T.);
#7640 = EDGE_CURVE('',#6242,#6121,#7641,.T.);
#7641 = LINE('',#7642,#7643);
#7642 = CARTESIAN_POINT('',(14.25,-0.55,-1.5));
#7643 = VECTOR('',#7644,1.);
#7644 = DIRECTION('',(-1.,1.224646799147E-16,0.));
#7645 = ORIENTED_EDGE('',*,*,#6128,.T.);
#7646 = ORIENTED_EDGE('',*,*,#7624,.F.);
#7647 = ORIENTED_EDGE('',*,*,#6249,.F.);
#7648 = PLANE('',#7649);
#7649 = AXIS2_PLACEMENT_3D('',#7650,#7651,#7652);
#7650 = CARTESIAN_POINT('',(14.25,-0.55,-1.5));
#7651 = DIRECTION('',(1.095357396528E-16,0.894427191,-0.4472135955));
#7652 = DIRECTION('',(5.476786982641E-17,0.4472135955,0.894427191));
#7653 = ADVANCED_FACE('',(#7654),#7681,.F.);
#7654 = FACE_BOUND('',#7655,.F.);
#7655 = EDGE_LOOP('',(#7656,#7657,#7665,#7673,#7679,#7680));
#7656 = ORIENTED_EDGE('',*,*,#6241,.F.);
#7657 = ORIENTED_EDGE('',*,*,#7658,.F.);
#7658 = EDGE_CURVE('',#7659,#6234,#7661,.T.);
#7659 = VERTEX_POINT('',#7660);
#7660 = CARTESIAN_POINT('',(14.247552593066,-0.281192514695,
    -3.202447406934));
#7661 = LINE('',#7662,#7663);
#7662 = CARTESIAN_POINT('',(14.1292749658,-0.262517099863,-3.3207250342)
  );
#7663 = VECTOR('',#7664,1.);
#7664 = DIRECTION('',(0.702740385383,-0.110959008218,0.702740385383));
#7665 = ORIENTED_EDGE('',*,*,#7666,.T.);
#7666 = EDGE_CURVE('',#7659,#7667,#7669,.T.);
#7667 = VERTEX_POINT('',#7668);
#7668 = CARTESIAN_POINT('',(13.752447406934,-0.281192514695,
    -3.202447406934));
#7669 = LINE('',#7670,#7671);
#7670 = CARTESIAN_POINT('',(14.25,-0.281192514695,-3.202447406934));
#7671 = VECTOR('',#7672,1.);
#7672 = DIRECTION('',(-1.,1.224646799147E-16,0.));
#7673 = ORIENTED_EDGE('',*,*,#7674,.T.);
#7674 = EDGE_CURVE('',#7667,#6113,#7675,.T.);
#7675 = LINE('',#7676,#7677);
#7676 = CARTESIAN_POINT('',(13.994186046512,-0.243023255814,
    -3.444186046512));
#7677 = VECTOR('',#7678,1.);
#7678 = DIRECTION('',(-0.702740385383,-0.110959008218,0.702740385383));
#7679 = ORIENTED_EDGE('',*,*,#6120,.T.);
#7680 = ORIENTED_EDGE('',*,*,#7640,.F.);
#7681 = PLANE('',#7682);
#7682 = AXIS2_PLACEMENT_3D('',#7683,#7684,#7685);
#7683 = CARTESIAN_POINT('',(14.25,-0.25,-3.4));
#7684 = DIRECTION('',(1.209660753807E-16,0.987762965329,0.155962573473)
  );
#7685 = DIRECTION('',(-1.909990663905E-17,-0.155962573473,0.987762965329
    ));
#7686 = ADVANCED_FACE('',(#7687),#7721,.F.);
#7687 = FACE_BOUND('',#7688,.T.);
#7688 = EDGE_LOOP('',(#7689,#7699,#7707,#7713,#7714,#7715));
#7689 = ORIENTED_EDGE('',*,*,#7690,.F.);
#7690 = EDGE_CURVE('',#7691,#7693,#7695,.T.);
#7691 = VERTEX_POINT('',#7692);
#7692 = CARTESIAN_POINT('',(13.95,5.E-02,-3.4));
#7693 = VERTEX_POINT('',#7694);
#7694 = CARTESIAN_POINT('',(13.752447406934,0.218807485305,
    -3.202447406934));
#7695 = LINE('',#7696,#7697);
#7696 = CARTESIAN_POINT('',(13.905717325178,8.783927542193E-02,
    -3.355717325178));
#7697 = VECTOR('',#7698,1.);
#7698 = DIRECTION('',(-0.605209817607,0.517148096144,0.605209817607));
#7699 = ORIENTED_EDGE('',*,*,#7700,.T.);
#7700 = EDGE_CURVE('',#7691,#7701,#7703,.T.);
#7701 = VERTEX_POINT('',#7702);
#7702 = CARTESIAN_POINT('',(13.95,-5.E-02,-3.4));
#7703 = LINE('',#7704,#7705);
#7704 = CARTESIAN_POINT('',(13.95,0.25,-3.4));
#7705 = VECTOR('',#7706,1.);
#7706 = DIRECTION('',(-1.224646799147E-16,-1.,0.));
#7707 = ORIENTED_EDGE('',*,*,#7708,.T.);
#7708 = EDGE_CURVE('',#7701,#7667,#7709,.T.);
#7709 = LINE('',#7710,#7711);
#7710 = CARTESIAN_POINT('',(13.982204224438,-1.231193164325E-02,
    -3.432204224438));
#7711 = VECTOR('',#7712,1.);
#7712 = DIRECTION('',(-0.544770019249,-0.63753529491,0.544770019249));
#7713 = ORIENTED_EDGE('',*,*,#7674,.T.);
#7714 = ORIENTED_EDGE('',*,*,#6112,.F.);
#7715 = ORIENTED_EDGE('',*,*,#7716,.F.);
#7716 = EDGE_CURVE('',#7693,#6105,#7717,.T.);
#7717 = LINE('',#7718,#7719);
#7718 = CARTESIAN_POINT('',(13.493844049248,0.177975376197,
    -2.943844049248));
#7719 = VECTOR('',#7720,1.);
#7720 = DIRECTION('',(-0.702740385383,-0.110959008218,0.702740385383));
#7721 = PLANE('',#7722);
#7722 = AXIS2_PLACEMENT_3D('',#7723,#7724,#7725);
#7723 = CARTESIAN_POINT('',(13.85,0.25,-3.3));
#7724 = DIRECTION('',(0.707106781187,-8.833102285013E-17,0.707106781187)
  );
#7725 = DIRECTION('',(1.236918052038E-16,1.,1.227125289097E-18));
#7726 = ADVANCED_FACE('',(#7727),#7752,.F.);
#7727 = FACE_BOUND('',#7728,.F.);
#7728 = EDGE_LOOP('',(#7729,#7730,#7736,#7737,#7738,#7746));
#7729 = ORIENTED_EDGE('',*,*,#6225,.F.);
#7730 = ORIENTED_EDGE('',*,*,#7731,.T.);
#7731 = EDGE_CURVE('',#6218,#6097,#7732,.T.);
#7732 = LINE('',#7733,#7734);
#7733 = CARTESIAN_POINT('',(14.25,-5.E-02,-1.5));
#7734 = VECTOR('',#7735,1.);
#7735 = DIRECTION('',(-1.,1.224646799147E-16,0.));
#7736 = ORIENTED_EDGE('',*,*,#6104,.T.);
#7737 = ORIENTED_EDGE('',*,*,#7716,.F.);
#7738 = ORIENTED_EDGE('',*,*,#7739,.F.);
#7739 = EDGE_CURVE('',#7740,#7693,#7742,.T.);
#7740 = VERTEX_POINT('',#7741);
#7741 = CARTESIAN_POINT('',(14.247552593066,0.218807485305,
    -3.202447406934));
#7742 = LINE('',#7743,#7744);
#7743 = CARTESIAN_POINT('',(14.25,0.218807485305,-3.202447406934));
#7744 = VECTOR('',#7745,1.);
#7745 = DIRECTION('',(-1.,1.224646799147E-16,0.));
#7746 = ORIENTED_EDGE('',*,*,#7747,.T.);
#7747 = EDGE_CURVE('',#7740,#6226,#7748,.T.);
#7748 = LINE('',#7749,#7750);
#7749 = CARTESIAN_POINT('',(14.629616963064,0.158481532148,
    -2.820383036936));
#7750 = VECTOR('',#7751,1.);
#7751 = DIRECTION('',(0.702740385383,-0.110959008218,0.702740385383));
#7752 = PLANE('',#7753);
#7753 = AXIS2_PLACEMENT_3D('',#7754,#7755,#7756);
#7754 = CARTESIAN_POINT('',(14.25,-5.E-02,-1.5));
#7755 = DIRECTION('',(-1.209660753807E-16,-0.987762965329,
    -0.155962573473));
#7756 = DIRECTION('',(1.909990663905E-17,0.155962573473,-0.987762965329)
  );
#7757 = ADVANCED_FACE('',(#7758),#7769,.F.);
#7758 = FACE_BOUND('',#7759,.F.);
#7759 = EDGE_LOOP('',(#7760,#7766,#7767,#7768));
#7760 = ORIENTED_EDGE('',*,*,#7761,.T.);
#7761 = EDGE_CURVE('',#6210,#6089,#7762,.T.);
#7762 = LINE('',#7763,#7764);
#7763 = CARTESIAN_POINT('',(14.25,0.25,-0.9));
#7764 = VECTOR('',#7765,1.);
#7765 = DIRECTION('',(-1.,1.224646799147E-16,0.));
#7766 = ORIENTED_EDGE('',*,*,#6096,.T.);
#7767 = ORIENTED_EDGE('',*,*,#7731,.F.);
#7768 = ORIENTED_EDGE('',*,*,#6217,.F.);
#7769 = PLANE('',#7770);
#7770 = AXIS2_PLACEMENT_3D('',#7771,#7772,#7773);
#7771 = CARTESIAN_POINT('',(14.25,0.25,-0.9));
#7772 = DIRECTION('',(-1.095357396528E-16,-0.894427191,0.4472135955));
#7773 = DIRECTION('',(-5.476786982641E-17,-0.4472135955,-0.894427191));
#7774 = ADVANCED_FACE('',(#7775),#7786,.F.);
#7775 = FACE_BOUND('',#7776,.F.);
#7776 = EDGE_LOOP('',(#7777,#7778,#7784,#7785));
#7777 = ORIENTED_EDGE('',*,*,#6209,.F.);
#7778 = ORIENTED_EDGE('',*,*,#7779,.T.);
#7779 = EDGE_CURVE('',#6201,#6080,#7780,.T.);
#7780 = LINE('',#7781,#7782);
#7781 = CARTESIAN_POINT('',(14.25,0.25,2.8));
#7782 = VECTOR('',#7783,1.);
#7783 = DIRECTION('',(-1.,1.224646799147E-16,0.));
#7784 = ORIENTED_EDGE('',*,*,#6088,.T.);
#7785 = ORIENTED_EDGE('',*,*,#7761,.F.);
#7786 = PLANE('',#7787);
#7787 = AXIS2_PLACEMENT_3D('',#7788,#7789,#7790);
#7788 = CARTESIAN_POINT('',(14.25,0.25,3.35));
#7789 = DIRECTION('',(-1.224646799147E-16,-1.,0.));
#7790 = DIRECTION('',(-0.,0.,-1.));
#7791 = ADVANCED_FACE('',(#7792),#7798,.T.);
#7792 = FACE_BOUND('',#7793,.T.);
#7793 = EDGE_LOOP('',(#7794,#7795,#7796,#7797));
#7794 = ORIENTED_EDGE('',*,*,#6200,.T.);
#7795 = ORIENTED_EDGE('',*,*,#7779,.T.);
#7796 = ORIENTED_EDGE('',*,*,#6079,.F.);
#7797 = ORIENTED_EDGE('',*,*,#6284,.F.);
#7798 = CYLINDRICAL_SURFACE('',#7799,0.55);
#7799 = AXIS2_PLACEMENT_3D('',#7800,#7801,#7802);
#7800 = CARTESIAN_POINT('',(14.25,-0.3,2.8));
#7801 = DIRECTION('',(-1.,1.224646799147E-16,0.));
#7802 = DIRECTION('',(0.,0.,1.));
#7803 = ADVANCED_FACE('',(#7804),#7831,.T.);
#7804 = FACE_BOUND('',#7805,.F.);
#7805 = EDGE_LOOP('',(#7806,#7814,#7822,#7828,#7829,#7830));
#7806 = ORIENTED_EDGE('',*,*,#7807,.F.);
#7807 = EDGE_CURVE('',#7808,#7740,#7810,.T.);
#7808 = VERTEX_POINT('',#7809);
#7809 = CARTESIAN_POINT('',(14.05,5.E-02,-3.4));
#7810 = LINE('',#7811,#7812);
#7811 = CARTESIAN_POINT('',(14.185852405654,0.166085051658,
    -3.264147594346));
#7812 = VECTOR('',#7813,1.);
#7813 = DIRECTION('',(0.605209817607,0.517148096144,0.605209817607));
#7814 = ORIENTED_EDGE('',*,*,#7815,.T.);
#7815 = EDGE_CURVE('',#7808,#7816,#7818,.T.);
#7816 = VERTEX_POINT('',#7817);
#7817 = CARTESIAN_POINT('',(14.05,-5.E-02,-3.4));
#7818 = LINE('',#7819,#7820);
#7819 = CARTESIAN_POINT('',(14.05,0.25,-3.4));
#7820 = VECTOR('',#7821,1.);
#7821 = DIRECTION('',(-1.224646799147E-16,-1.,0.));
#7822 = ORIENTED_EDGE('',*,*,#7823,.T.);
#7823 = EDGE_CURVE('',#7816,#7659,#7824,.T.);
#7824 = LINE('',#7825,#7826);
#7825 = CARTESIAN_POINT('',(14.09198936903,-9.913946036316E-02,
    -3.35801063097));
#7826 = VECTOR('',#7827,1.);
#7827 = DIRECTION('',(0.544770019249,-0.63753529491,0.544770019249));
#7828 = ORIENTED_EDGE('',*,*,#7658,.T.);
#7829 = ORIENTED_EDGE('',*,*,#6233,.F.);
#7830 = ORIENTED_EDGE('',*,*,#7747,.F.);
#7831 = PLANE('',#7832);
#7832 = AXIS2_PLACEMENT_3D('',#7833,#7834,#7835);
#7833 = CARTESIAN_POINT('',(14.15,0.25,-3.3));
#7834 = DIRECTION('',(0.707106781187,-8.486018839685E-17,-0.707106781187
    ));
#7835 = DIRECTION('',(1.212375546256E-16,1.,1.227125289196E-18));
#7836 = ADVANCED_FACE('',(#7837),#7848,.F.);
#7837 = FACE_BOUND('',#7838,.F.);
#7838 = EDGE_LOOP('',(#7839,#7840,#7846,#7847));
#7839 = ORIENTED_EDGE('',*,*,#6429,.T.);
#7840 = ORIENTED_EDGE('',*,*,#7841,.T.);
#7841 = EDGE_CURVE('',#6422,#6333,#7842,.T.);
#7842 = LINE('',#7843,#7844);
#7843 = CARTESIAN_POINT('',(12.25,-0.25,2.8));
#7844 = VECTOR('',#7845,1.);
#7845 = DIRECTION('',(-1.,1.224646799147E-16,0.));
#7846 = ORIENTED_EDGE('',*,*,#6340,.F.);
#7847 = ORIENTED_EDGE('',*,*,#6371,.F.);
#7848 = CYLINDRICAL_SURFACE('',#7849,5.E-02);
#7849 = AXIS2_PLACEMENT_3D('',#7850,#7851,#7852);
#7850 = CARTESIAN_POINT('',(12.25,-0.3,2.8));
#7851 = DIRECTION('',(-1.,1.224646799147E-16,0.));
#7852 = DIRECTION('',(0.,0.,1.));
#7853 = ADVANCED_FACE('',(#7854),#7865,.F.);
#7854 = FACE_BOUND('',#7855,.F.);
#7855 = EDGE_LOOP('',(#7856,#7857,#7863,#7864));
#7856 = ORIENTED_EDGE('',*,*,#6421,.F.);
#7857 = ORIENTED_EDGE('',*,*,#7858,.T.);
#7858 = EDGE_CURVE('',#6414,#6325,#7859,.T.);
#7859 = LINE('',#7860,#7861);
#7860 = CARTESIAN_POINT('',(12.25,-0.25,-3.2));
#7861 = VECTOR('',#7862,1.);
#7862 = DIRECTION('',(-1.,1.224646799147E-16,0.));
#7863 = ORIENTED_EDGE('',*,*,#6332,.T.);
#7864 = ORIENTED_EDGE('',*,*,#7841,.F.);
#7865 = PLANE('',#7866);
#7866 = AXIS2_PLACEMENT_3D('',#7867,#7868,#7869);
#7867 = CARTESIAN_POINT('',(12.25,-0.25,-3.4));
#7868 = DIRECTION('',(1.224646799147E-16,1.,0.));
#7869 = DIRECTION('',(0.,-0.,1.));
#7870 = ADVANCED_FACE('',(#7871),#7896,.F.);
#7871 = FACE_BOUND('',#7872,.T.);
#7872 = EDGE_LOOP('',(#7873,#7881,#7889,#7895));
#7873 = ORIENTED_EDGE('',*,*,#7874,.F.);
#7874 = EDGE_CURVE('',#7875,#6317,#7877,.T.);
#7875 = VERTEX_POINT('',#7876);
#7876 = CARTESIAN_POINT('',(11.95,5.E-02,-3.4));
#7877 = LINE('',#7878,#7879);
#7878 = CARTESIAN_POINT('',(11.9,0.1,-3.35));
#7879 = VECTOR('',#7880,1.);
#7880 = DIRECTION('',(-0.57735026919,0.57735026919,0.57735026919));
#7881 = ORIENTED_EDGE('',*,*,#7882,.T.);
#7882 = EDGE_CURVE('',#7875,#7883,#7885,.T.);
#7883 = VERTEX_POINT('',#7884);
#7884 = CARTESIAN_POINT('',(11.95,-5.E-02,-3.4));
#7885 = LINE('',#7886,#7887);
#7886 = CARTESIAN_POINT('',(11.95,0.25,-3.4));
#7887 = VECTOR('',#7888,1.);
#7888 = DIRECTION('',(-1.224646799147E-16,-1.,0.));
#7889 = ORIENTED_EDGE('',*,*,#7890,.T.);
#7890 = EDGE_CURVE('',#7883,#6325,#7891,.T.);
#7891 = LINE('',#7892,#7893);
#7892 = CARTESIAN_POINT('',(11.983333333333,-1.666666666667E-02,
    -3.433333333333));
#7893 = VECTOR('',#7894,1.);
#7894 = DIRECTION('',(-0.57735026919,-0.57735026919,0.57735026919));
#7895 = ORIENTED_EDGE('',*,*,#6324,.F.);
#7896 = PLANE('',#7897);
#7897 = AXIS2_PLACEMENT_3D('',#7898,#7899,#7900);
#7898 = CARTESIAN_POINT('',(11.85,0.25,-3.3));
#7899 = DIRECTION('',(0.707106781187,-8.833102285013E-17,0.707106781187)
  );
#7900 = DIRECTION('',(1.236918052038E-16,1.,1.227125289097E-18));
#7901 = ADVANCED_FACE('',(#7902),#7918,.F.);
#7902 = FACE_BOUND('',#7903,.F.);
#7903 = EDGE_LOOP('',(#7904,#7905,#7911,#7912));
#7904 = ORIENTED_EDGE('',*,*,#6405,.F.);
#7905 = ORIENTED_EDGE('',*,*,#7906,.T.);
#7906 = EDGE_CURVE('',#6397,#6308,#7907,.T.);
#7907 = LINE('',#7908,#7909);
#7908 = CARTESIAN_POINT('',(12.25,0.25,2.8));
#7909 = VECTOR('',#7910,1.);
#7910 = DIRECTION('',(-1.,1.224646799147E-16,0.));
#7911 = ORIENTED_EDGE('',*,*,#6316,.T.);
#7912 = ORIENTED_EDGE('',*,*,#7913,.F.);
#7913 = EDGE_CURVE('',#6406,#6317,#7914,.T.);
#7914 = LINE('',#7915,#7916);
#7915 = CARTESIAN_POINT('',(12.25,0.25,-3.2));
#7916 = VECTOR('',#7917,1.);
#7917 = DIRECTION('',(-1.,1.224646799147E-16,0.));
#7918 = PLANE('',#7919);
#7919 = AXIS2_PLACEMENT_3D('',#7920,#7921,#7922);
#7920 = CARTESIAN_POINT('',(12.25,0.25,3.35));
#7921 = DIRECTION('',(-1.224646799147E-16,-1.,0.));
#7922 = DIRECTION('',(-0.,0.,-1.));
#7923 = ADVANCED_FACE('',(#7924),#7930,.T.);
#7924 = FACE_BOUND('',#7925,.T.);
#7925 = EDGE_LOOP('',(#7926,#7927,#7928,#7929));
#7926 = ORIENTED_EDGE('',*,*,#6396,.T.);
#7927 = ORIENTED_EDGE('',*,*,#7906,.T.);
#7928 = ORIENTED_EDGE('',*,*,#6307,.F.);
#7929 = ORIENTED_EDGE('',*,*,#6448,.F.);
#7930 = CYLINDRICAL_SURFACE('',#7931,0.55);
#7931 = AXIS2_PLACEMENT_3D('',#7932,#7933,#7934);
#7932 = CARTESIAN_POINT('',(12.25,-0.3,2.8));
#7933 = DIRECTION('',(-1.,1.224646799147E-16,0.));
#7934 = DIRECTION('',(0.,0.,1.));
#7935 = ADVANCED_FACE('',(#7936),#7961,.T.);
#7936 = FACE_BOUND('',#7937,.F.);
#7937 = EDGE_LOOP('',(#7938,#7946,#7954,#7960));
#7938 = ORIENTED_EDGE('',*,*,#7939,.F.);
#7939 = EDGE_CURVE('',#7940,#6406,#7942,.T.);
#7940 = VERTEX_POINT('',#7941);
#7941 = CARTESIAN_POINT('',(12.05,5.E-02,-3.4));
#7942 = LINE('',#7943,#7944);
#7943 = CARTESIAN_POINT('',(12.183333333333,0.183333333333,
    -3.266666666667));
#7944 = VECTOR('',#7945,1.);
#7945 = DIRECTION('',(0.57735026919,0.57735026919,0.57735026919));
#7946 = ORIENTED_EDGE('',*,*,#7947,.T.);
#7947 = EDGE_CURVE('',#7940,#7948,#7950,.T.);
#7948 = VERTEX_POINT('',#7949);
#7949 = CARTESIAN_POINT('',(12.05,-5.E-02,-3.4));
#7950 = LINE('',#7951,#7952);
#7951 = CARTESIAN_POINT('',(12.05,0.25,-3.4));
#7952 = VECTOR('',#7953,1.);
#7953 = DIRECTION('',(-1.224646799147E-16,-1.,0.));
#7954 = ORIENTED_EDGE('',*,*,#7955,.T.);
#7955 = EDGE_CURVE('',#7948,#6414,#7956,.T.);
#7956 = LINE('',#7957,#7958);
#7957 = CARTESIAN_POINT('',(12.1,-0.1,-3.35));
#7958 = VECTOR('',#7959,1.);
#7959 = DIRECTION('',(0.57735026919,-0.57735026919,0.57735026919));
#7960 = ORIENTED_EDGE('',*,*,#6413,.F.);
#7961 = PLANE('',#7962);
#7962 = AXIS2_PLACEMENT_3D('',#7963,#7964,#7965);
#7963 = CARTESIAN_POINT('',(12.15,0.25,-3.3));
#7964 = DIRECTION('',(0.707106781187,-8.486018839685E-17,-0.707106781187
    ));
#7965 = DIRECTION('',(1.212375546256E-16,1.,1.227125289196E-18));
#7966 = ADVANCED_FACE('',(#7967),#7978,.F.);
#7967 = FACE_BOUND('',#7968,.F.);
#7968 = EDGE_LOOP('',(#7969,#7970,#7976,#7977));
#7969 = ORIENTED_EDGE('',*,*,#6593,.T.);
#7970 = ORIENTED_EDGE('',*,*,#7971,.T.);
#7971 = EDGE_CURVE('',#6586,#6497,#7972,.T.);
#7972 = LINE('',#7973,#7974);
#7973 = CARTESIAN_POINT('',(10.25,-0.25,2.8));
#7974 = VECTOR('',#7975,1.);
#7975 = DIRECTION('',(-1.,1.224646799147E-16,0.));
#7976 = ORIENTED_EDGE('',*,*,#6504,.F.);
#7977 = ORIENTED_EDGE('',*,*,#6535,.F.);
#7978 = CYLINDRICAL_SURFACE('',#7979,5.E-02);
#7979 = AXIS2_PLACEMENT_3D('',#7980,#7981,#7982);
#7980 = CARTESIAN_POINT('',(10.25,-0.3,2.8));
#7981 = DIRECTION('',(-1.,1.224646799147E-16,0.));
#7982 = DIRECTION('',(0.,0.,1.));
#7983 = ADVANCED_FACE('',(#7984),#7995,.F.);
#7984 = FACE_BOUND('',#7985,.F.);
#7985 = EDGE_LOOP('',(#7986,#7987,#7993,#7994));
#7986 = ORIENTED_EDGE('',*,*,#6585,.F.);
#7987 = ORIENTED_EDGE('',*,*,#7988,.T.);
#7988 = EDGE_CURVE('',#6578,#6489,#7989,.T.);
#7989 = LINE('',#7990,#7991);
#7990 = CARTESIAN_POINT('',(10.25,-0.25,-3.2));
#7991 = VECTOR('',#7992,1.);
#7992 = DIRECTION('',(-1.,1.224646799147E-16,0.));
#7993 = ORIENTED_EDGE('',*,*,#6496,.T.);
#7994 = ORIENTED_EDGE('',*,*,#7971,.F.);
#7995 = PLANE('',#7996);
#7996 = AXIS2_PLACEMENT_3D('',#7997,#7998,#7999);
#7997 = CARTESIAN_POINT('',(10.25,-0.25,-3.4));
#7998 = DIRECTION('',(1.224646799147E-16,1.,0.));
#7999 = DIRECTION('',(0.,-0.,1.));
#8000 = ADVANCED_FACE('',(#8001),#8026,.F.);
#8001 = FACE_BOUND('',#8002,.T.);
#8002 = EDGE_LOOP('',(#8003,#8011,#8019,#8025));
#8003 = ORIENTED_EDGE('',*,*,#8004,.F.);
#8004 = EDGE_CURVE('',#8005,#6481,#8007,.T.);
#8005 = VERTEX_POINT('',#8006);
#8006 = CARTESIAN_POINT('',(9.95,5.E-02,-3.4));
#8007 = LINE('',#8008,#8009);
#8008 = CARTESIAN_POINT('',(9.9,0.1,-3.35));
#8009 = VECTOR('',#8010,1.);
#8010 = DIRECTION('',(-0.57735026919,0.57735026919,0.57735026919));
#8011 = ORIENTED_EDGE('',*,*,#8012,.T.);
#8012 = EDGE_CURVE('',#8005,#8013,#8015,.T.);
#8013 = VERTEX_POINT('',#8014);
#8014 = CARTESIAN_POINT('',(9.95,-5.E-02,-3.4));
#8015 = LINE('',#8016,#8017);
#8016 = CARTESIAN_POINT('',(9.95,0.25,-3.4));
#8017 = VECTOR('',#8018,1.);
#8018 = DIRECTION('',(-1.224646799147E-16,-1.,0.));
#8019 = ORIENTED_EDGE('',*,*,#8020,.T.);
#8020 = EDGE_CURVE('',#8013,#6489,#8021,.T.);
#8021 = LINE('',#8022,#8023);
#8022 = CARTESIAN_POINT('',(9.983333333333,-1.666666666667E-02,
    -3.433333333333));
#8023 = VECTOR('',#8024,1.);
#8024 = DIRECTION('',(-0.57735026919,-0.57735026919,0.57735026919));
#8025 = ORIENTED_EDGE('',*,*,#6488,.F.);
#8026 = PLANE('',#8027);
#8027 = AXIS2_PLACEMENT_3D('',#8028,#8029,#8030);
#8028 = CARTESIAN_POINT('',(9.85,0.25,-3.3));
#8029 = DIRECTION('',(0.707106781187,-8.833102285013E-17,0.707106781187)
  );
#8030 = DIRECTION('',(1.236918052038E-16,1.,1.227125289097E-18));
#8031 = ADVANCED_FACE('',(#8032),#8048,.F.);
#8032 = FACE_BOUND('',#8033,.F.);
#8033 = EDGE_LOOP('',(#8034,#8035,#8041,#8042));
#8034 = ORIENTED_EDGE('',*,*,#6569,.F.);
#8035 = ORIENTED_EDGE('',*,*,#8036,.T.);
#8036 = EDGE_CURVE('',#6561,#6472,#8037,.T.);
#8037 = LINE('',#8038,#8039);
#8038 = CARTESIAN_POINT('',(10.25,0.25,2.8));
#8039 = VECTOR('',#8040,1.);
#8040 = DIRECTION('',(-1.,1.224646799147E-16,0.));
#8041 = ORIENTED_EDGE('',*,*,#6480,.T.);
#8042 = ORIENTED_EDGE('',*,*,#8043,.F.);
#8043 = EDGE_CURVE('',#6570,#6481,#8044,.T.);
#8044 = LINE('',#8045,#8046);
#8045 = CARTESIAN_POINT('',(10.25,0.25,-3.2));
#8046 = VECTOR('',#8047,1.);
#8047 = DIRECTION('',(-1.,1.224646799147E-16,0.));
#8048 = PLANE('',#8049);
#8049 = AXIS2_PLACEMENT_3D('',#8050,#8051,#8052);
#8050 = CARTESIAN_POINT('',(10.25,0.25,3.35));
#8051 = DIRECTION('',(-1.224646799147E-16,-1.,0.));
#8052 = DIRECTION('',(-0.,0.,-1.));
#8053 = ADVANCED_FACE('',(#8054),#8060,.T.);
#8054 = FACE_BOUND('',#8055,.T.);
#8055 = EDGE_LOOP('',(#8056,#8057,#8058,#8059));
#8056 = ORIENTED_EDGE('',*,*,#6560,.T.);
#8057 = ORIENTED_EDGE('',*,*,#8036,.T.);
#8058 = ORIENTED_EDGE('',*,*,#6471,.F.);
#8059 = ORIENTED_EDGE('',*,*,#6612,.F.);
#8060 = CYLINDRICAL_SURFACE('',#8061,0.55);
#8061 = AXIS2_PLACEMENT_3D('',#8062,#8063,#8064);
#8062 = CARTESIAN_POINT('',(10.25,-0.3,2.8));
#8063 = DIRECTION('',(-1.,1.224646799147E-16,0.));
#8064 = DIRECTION('',(0.,0.,1.));
#8065 = ADVANCED_FACE('',(#8066),#8091,.T.);
#8066 = FACE_BOUND('',#8067,.F.);
#8067 = EDGE_LOOP('',(#8068,#8076,#8084,#8090));
#8068 = ORIENTED_EDGE('',*,*,#8069,.F.);
#8069 = EDGE_CURVE('',#8070,#6570,#8072,.T.);
#8070 = VERTEX_POINT('',#8071);
#8071 = CARTESIAN_POINT('',(10.05,5.E-02,-3.4));
#8072 = LINE('',#8073,#8074);
#8073 = CARTESIAN_POINT('',(10.183333333333,0.183333333333,
    -3.266666666667));
#8074 = VECTOR('',#8075,1.);
#8075 = DIRECTION('',(0.57735026919,0.57735026919,0.57735026919));
#8076 = ORIENTED_EDGE('',*,*,#8077,.T.);
#8077 = EDGE_CURVE('',#8070,#8078,#8080,.T.);
#8078 = VERTEX_POINT('',#8079);
#8079 = CARTESIAN_POINT('',(10.05,-5.E-02,-3.4));
#8080 = LINE('',#8081,#8082);
#8081 = CARTESIAN_POINT('',(10.05,0.25,-3.4));
#8082 = VECTOR('',#8083,1.);
#8083 = DIRECTION('',(-1.224646799147E-16,-1.,0.));
#8084 = ORIENTED_EDGE('',*,*,#8085,.T.);
#8085 = EDGE_CURVE('',#8078,#6578,#8086,.T.);
#8086 = LINE('',#8087,#8088);
#8087 = CARTESIAN_POINT('',(10.1,-0.1,-3.35));
#8088 = VECTOR('',#8089,1.);
#8089 = DIRECTION('',(0.57735026919,-0.57735026919,0.57735026919));
#8090 = ORIENTED_EDGE('',*,*,#6577,.F.);
#8091 = PLANE('',#8092);
#8092 = AXIS2_PLACEMENT_3D('',#8093,#8094,#8095);
#8093 = CARTESIAN_POINT('',(10.15,0.25,-3.3));
#8094 = DIRECTION('',(0.707106781187,-8.486018839685E-17,-0.707106781187
    ));
#8095 = DIRECTION('',(1.212375546256E-16,1.,1.227125289196E-18));
#8096 = ADVANCED_FACE('',(#8097),#8108,.T.);
#8097 = FACE_BOUND('',#8098,.T.);
#8098 = EDGE_LOOP('',(#8099,#8100,#8106,#8107));
#8099 = ORIENTED_EDGE('',*,*,#6741,.T.);
#8100 = ORIENTED_EDGE('',*,*,#8101,.T.);
#8101 = EDGE_CURVE('',#6742,#6660,#8102,.T.);
#8102 = LINE('',#8103,#8104);
#8103 = CARTESIAN_POINT('',(8.25,0.25,2.8));
#8104 = VECTOR('',#8105,1.);
#8105 = DIRECTION('',(-1.,1.224646799147E-16,0.));
#8106 = ORIENTED_EDGE('',*,*,#6659,.F.);
#8107 = ORIENTED_EDGE('',*,*,#6643,.F.);
#8108 = CYLINDRICAL_SURFACE('',#8109,0.55);
#8109 = AXIS2_PLACEMENT_3D('',#8110,#8111,#8112);
#8110 = CARTESIAN_POINT('',(8.25,-0.3,2.8));
#8111 = DIRECTION('',(-1.,1.224646799147E-16,0.));
#8112 = DIRECTION('',(0.,0.,1.));
#8113 = ADVANCED_FACE('',(#8114),#8125,.F.);
#8114 = FACE_BOUND('',#8115,.F.);
#8115 = EDGE_LOOP('',(#8116,#8117,#8123,#8124));
#8116 = ORIENTED_EDGE('',*,*,#6774,.T.);
#8117 = ORIENTED_EDGE('',*,*,#8118,.T.);
#8118 = EDGE_CURVE('',#6767,#6685,#8119,.T.);
#8119 = LINE('',#8120,#8121);
#8120 = CARTESIAN_POINT('',(8.25,-0.25,2.8));
#8121 = VECTOR('',#8122,1.);
#8122 = DIRECTION('',(-1.,1.224646799147E-16,0.));
#8123 = ORIENTED_EDGE('',*,*,#6692,.F.);
#8124 = ORIENTED_EDGE('',*,*,#6723,.F.);
#8125 = CYLINDRICAL_SURFACE('',#8126,5.E-02);
#8126 = AXIS2_PLACEMENT_3D('',#8127,#8128,#8129);
#8127 = CARTESIAN_POINT('',(8.25,-0.3,2.8));
#8128 = DIRECTION('',(-1.,1.224646799147E-16,0.));
#8129 = DIRECTION('',(0.,0.,1.));
#8130 = ADVANCED_FACE('',(#8131),#8142,.F.);
#8131 = FACE_BOUND('',#8132,.F.);
#8132 = EDGE_LOOP('',(#8133,#8134,#8140,#8141));
#8133 = ORIENTED_EDGE('',*,*,#6766,.F.);
#8134 = ORIENTED_EDGE('',*,*,#8135,.T.);
#8135 = EDGE_CURVE('',#6759,#6677,#8136,.T.);
#8136 = LINE('',#8137,#8138);
#8137 = CARTESIAN_POINT('',(8.25,-0.25,-3.2));
#8138 = VECTOR('',#8139,1.);
#8139 = DIRECTION('',(-1.,1.224646799147E-16,0.));
#8140 = ORIENTED_EDGE('',*,*,#6684,.T.);
#8141 = ORIENTED_EDGE('',*,*,#8118,.F.);
#8142 = PLANE('',#8143);
#8143 = AXIS2_PLACEMENT_3D('',#8144,#8145,#8146);
#8144 = CARTESIAN_POINT('',(8.25,-0.25,-3.4));
#8145 = DIRECTION('',(1.224646799147E-16,1.,0.));
#8146 = DIRECTION('',(0.,-0.,1.));
#8147 = ADVANCED_FACE('',(#8148),#8173,.F.);
#8148 = FACE_BOUND('',#8149,.T.);
#8149 = EDGE_LOOP('',(#8150,#8158,#8166,#8172));
#8150 = ORIENTED_EDGE('',*,*,#8151,.F.);
#8151 = EDGE_CURVE('',#8152,#6669,#8154,.T.);
#8152 = VERTEX_POINT('',#8153);
#8153 = CARTESIAN_POINT('',(7.95,5.E-02,-3.4));
#8154 = LINE('',#8155,#8156);
#8155 = CARTESIAN_POINT('',(7.9,0.1,-3.35));
#8156 = VECTOR('',#8157,1.);
#8157 = DIRECTION('',(-0.57735026919,0.57735026919,0.57735026919));
#8158 = ORIENTED_EDGE('',*,*,#8159,.T.);
#8159 = EDGE_CURVE('',#8152,#8160,#8162,.T.);
#8160 = VERTEX_POINT('',#8161);
#8161 = CARTESIAN_POINT('',(7.95,-5.E-02,-3.4));
#8162 = LINE('',#8163,#8164);
#8163 = CARTESIAN_POINT('',(7.95,0.25,-3.4));
#8164 = VECTOR('',#8165,1.);
#8165 = DIRECTION('',(-1.224646799147E-16,-1.,0.));
#8166 = ORIENTED_EDGE('',*,*,#8167,.T.);
#8167 = EDGE_CURVE('',#8160,#6677,#8168,.T.);
#8168 = LINE('',#8169,#8170);
#8169 = CARTESIAN_POINT('',(7.983333333333,-1.666666666667E-02,
    -3.433333333333));
#8170 = VECTOR('',#8171,1.);
#8171 = DIRECTION('',(-0.57735026919,-0.57735026919,0.57735026919));
#8172 = ORIENTED_EDGE('',*,*,#6676,.F.);
#8173 = PLANE('',#8174);
#8174 = AXIS2_PLACEMENT_3D('',#8175,#8176,#8177);
#8175 = CARTESIAN_POINT('',(7.85,0.25,-3.3));
#8176 = DIRECTION('',(0.707106781187,-8.833102285013E-17,0.707106781187)
  );
#8177 = DIRECTION('',(1.236918052038E-16,1.,1.227125289097E-18));
#8178 = ADVANCED_FACE('',(#8179),#8190,.F.);
#8179 = FACE_BOUND('',#8180,.F.);
#8180 = EDGE_LOOP('',(#8181,#8182,#8183,#8184));
#8181 = ORIENTED_EDGE('',*,*,#6750,.F.);
#8182 = ORIENTED_EDGE('',*,*,#8101,.T.);
#8183 = ORIENTED_EDGE('',*,*,#6668,.T.);
#8184 = ORIENTED_EDGE('',*,*,#8185,.F.);
#8185 = EDGE_CURVE('',#6751,#6669,#8186,.T.);
#8186 = LINE('',#8187,#8188);
#8187 = CARTESIAN_POINT('',(8.25,0.25,-3.2));
#8188 = VECTOR('',#8189,1.);
#8189 = DIRECTION('',(-1.,1.224646799147E-16,0.));
#8190 = PLANE('',#8191);
#8191 = AXIS2_PLACEMENT_3D('',#8192,#8193,#8194);
#8192 = CARTESIAN_POINT('',(8.25,0.25,3.35));
#8193 = DIRECTION('',(-1.224646799147E-16,-1.,0.));
#8194 = DIRECTION('',(-0.,0.,-1.));
#8195 = ADVANCED_FACE('',(#8196),#8221,.T.);
#8196 = FACE_BOUND('',#8197,.F.);
#8197 = EDGE_LOOP('',(#8198,#8206,#8214,#8220));
#8198 = ORIENTED_EDGE('',*,*,#8199,.F.);
#8199 = EDGE_CURVE('',#8200,#6751,#8202,.T.);
#8200 = VERTEX_POINT('',#8201);
#8201 = CARTESIAN_POINT('',(8.05,5.E-02,-3.4));
#8202 = LINE('',#8203,#8204);
#8203 = CARTESIAN_POINT('',(8.183333333333,0.183333333333,
    -3.266666666667));
#8204 = VECTOR('',#8205,1.);
#8205 = DIRECTION('',(0.57735026919,0.57735026919,0.57735026919));
#8206 = ORIENTED_EDGE('',*,*,#8207,.T.);
#8207 = EDGE_CURVE('',#8200,#8208,#8210,.T.);
#8208 = VERTEX_POINT('',#8209);
#8209 = CARTESIAN_POINT('',(8.05,-5.E-02,-3.4));
#8210 = LINE('',#8211,#8212);
#8211 = CARTESIAN_POINT('',(8.05,0.25,-3.4));
#8212 = VECTOR('',#8213,1.);
#8213 = DIRECTION('',(-1.224646799147E-16,-1.,0.));
#8214 = ORIENTED_EDGE('',*,*,#8215,.T.);
#8215 = EDGE_CURVE('',#8208,#6759,#8216,.T.);
#8216 = LINE('',#8217,#8218);
#8217 = CARTESIAN_POINT('',(8.1,-0.1,-3.35));
#8218 = VECTOR('',#8219,1.);
#8219 = DIRECTION('',(0.57735026919,-0.57735026919,0.57735026919));
#8220 = ORIENTED_EDGE('',*,*,#6758,.F.);
#8221 = PLANE('',#8222);
#8222 = AXIS2_PLACEMENT_3D('',#8223,#8224,#8225);
#8223 = CARTESIAN_POINT('',(8.15,0.25,-3.3));
#8224 = DIRECTION('',(0.707106781187,-8.486018839685E-17,-0.707106781187
    ));
#8225 = DIRECTION('',(1.212375546256E-16,1.,1.227125289196E-18));
#8226 = ADVANCED_FACE('',(#8227),#8238,.F.);
#8227 = FACE_BOUND('',#8228,.F.);
#8228 = EDGE_LOOP('',(#8229,#8230,#8236,#8237));
#8229 = ORIENTED_EDGE('',*,*,#6832,.T.);
#8230 = ORIENTED_EDGE('',*,*,#8231,.T.);
#8231 = EDGE_CURVE('',#6825,#6907,#8232,.T.);
#8232 = LINE('',#8233,#8234);
#8233 = CARTESIAN_POINT('',(6.25,-0.25,2.8));
#8234 = VECTOR('',#8235,1.);
#8235 = DIRECTION('',(-1.,1.224646799147E-16,0.));
#8236 = ORIENTED_EDGE('',*,*,#6914,.F.);
#8237 = ORIENTED_EDGE('',*,*,#6938,.F.);
#8238 = CYLINDRICAL_SURFACE('',#8239,5.E-02);
#8239 = AXIS2_PLACEMENT_3D('',#8240,#8241,#8242);
#8240 = CARTESIAN_POINT('',(6.25,-0.3,2.8));
#8241 = DIRECTION('',(-1.,1.224646799147E-16,0.));
#8242 = DIRECTION('',(0.,0.,1.));
#8243 = ADVANCED_FACE('',(#8244),#8255,.F.);
#8244 = FACE_BOUND('',#8245,.F.);
#8245 = EDGE_LOOP('',(#8246,#8247,#8253,#8254));
#8246 = ORIENTED_EDGE('',*,*,#6824,.F.);
#8247 = ORIENTED_EDGE('',*,*,#8248,.T.);
#8248 = EDGE_CURVE('',#6817,#6899,#8249,.T.);
#8249 = LINE('',#8250,#8251);
#8250 = CARTESIAN_POINT('',(6.25,-0.25,-3.2));
#8251 = VECTOR('',#8252,1.);
#8252 = DIRECTION('',(-1.,1.224646799147E-16,0.));
#8253 = ORIENTED_EDGE('',*,*,#6906,.T.);
#8254 = ORIENTED_EDGE('',*,*,#8231,.F.);
#8255 = PLANE('',#8256);
#8256 = AXIS2_PLACEMENT_3D('',#8257,#8258,#8259);
#8257 = CARTESIAN_POINT('',(6.25,-0.25,-3.4));
#8258 = DIRECTION('',(1.224646799147E-16,1.,0.));
#8259 = DIRECTION('',(0.,-0.,1.));
#8260 = ADVANCED_FACE('',(#8261),#8286,.T.);
#8261 = FACE_BOUND('',#8262,.F.);
#8262 = EDGE_LOOP('',(#8263,#8271,#8279,#8285));
#8263 = ORIENTED_EDGE('',*,*,#8264,.F.);
#8264 = EDGE_CURVE('',#8265,#6809,#8267,.T.);
#8265 = VERTEX_POINT('',#8266);
#8266 = CARTESIAN_POINT('',(6.05,5.E-02,-3.4));
#8267 = LINE('',#8268,#8269);
#8268 = CARTESIAN_POINT('',(6.183333333333,0.183333333333,
    -3.266666666667));
#8269 = VECTOR('',#8270,1.);
#8270 = DIRECTION('',(0.57735026919,0.57735026919,0.57735026919));
#8271 = ORIENTED_EDGE('',*,*,#8272,.T.);
#8272 = EDGE_CURVE('',#8265,#8273,#8275,.T.);
#8273 = VERTEX_POINT('',#8274);
#8274 = CARTESIAN_POINT('',(6.05,-5.E-02,-3.4));
#8275 = LINE('',#8276,#8277);
#8276 = CARTESIAN_POINT('',(6.05,0.25,-3.4));
#8277 = VECTOR('',#8278,1.);
#8278 = DIRECTION('',(-1.224646799147E-16,-1.,0.));
#8279 = ORIENTED_EDGE('',*,*,#8280,.T.);
#8280 = EDGE_CURVE('',#8273,#6817,#8281,.T.);
#8281 = LINE('',#8282,#8283);
#8282 = CARTESIAN_POINT('',(6.1,-0.1,-3.35));
#8283 = VECTOR('',#8284,1.);
#8284 = DIRECTION('',(0.57735026919,-0.57735026919,0.57735026919));
#8285 = ORIENTED_EDGE('',*,*,#6816,.F.);
#8286 = PLANE('',#8287);
#8287 = AXIS2_PLACEMENT_3D('',#8288,#8289,#8290);
#8288 = CARTESIAN_POINT('',(6.15,0.25,-3.3));
#8289 = DIRECTION('',(0.707106781187,-8.486018839685E-17,-0.707106781187
    ));
#8290 = DIRECTION('',(1.212375546256E-16,1.,1.227125289196E-18));
#8291 = ADVANCED_FACE('',(#8292),#8308,.F.);
#8292 = FACE_BOUND('',#8293,.F.);
#8293 = EDGE_LOOP('',(#8294,#8295,#8301,#8302));
#8294 = ORIENTED_EDGE('',*,*,#6808,.F.);
#8295 = ORIENTED_EDGE('',*,*,#8296,.T.);
#8296 = EDGE_CURVE('',#6800,#6882,#8297,.T.);
#8297 = LINE('',#8298,#8299);
#8298 = CARTESIAN_POINT('',(6.25,0.25,2.8));
#8299 = VECTOR('',#8300,1.);
#8300 = DIRECTION('',(-1.,1.224646799147E-16,0.));
#8301 = ORIENTED_EDGE('',*,*,#6890,.T.);
#8302 = ORIENTED_EDGE('',*,*,#8303,.F.);
#8303 = EDGE_CURVE('',#6809,#6891,#8304,.T.);
#8304 = LINE('',#8305,#8306);
#8305 = CARTESIAN_POINT('',(6.25,0.25,-3.2));
#8306 = VECTOR('',#8307,1.);
#8307 = DIRECTION('',(-1.,1.224646799147E-16,0.));
#8308 = PLANE('',#8309);
#8309 = AXIS2_PLACEMENT_3D('',#8310,#8311,#8312);
#8310 = CARTESIAN_POINT('',(6.25,0.25,3.35));
#8311 = DIRECTION('',(-1.224646799147E-16,-1.,0.));
#8312 = DIRECTION('',(-0.,0.,-1.));
#8313 = ADVANCED_FACE('',(#8314),#8320,.T.);
#8314 = FACE_BOUND('',#8315,.T.);
#8315 = EDGE_LOOP('',(#8316,#8317,#8318,#8319));
#8316 = ORIENTED_EDGE('',*,*,#6799,.T.);
#8317 = ORIENTED_EDGE('',*,*,#8296,.T.);
#8318 = ORIENTED_EDGE('',*,*,#6881,.F.);
#8319 = ORIENTED_EDGE('',*,*,#6865,.F.);
#8320 = CYLINDRICAL_SURFACE('',#8321,0.55);
#8321 = AXIS2_PLACEMENT_3D('',#8322,#8323,#8324);
#8322 = CARTESIAN_POINT('',(6.25,-0.3,2.8));
#8323 = DIRECTION('',(-1.,1.224646799147E-16,0.));
#8324 = DIRECTION('',(0.,0.,1.));
#8325 = ADVANCED_FACE('',(#8326),#8351,.F.);
#8326 = FACE_BOUND('',#8327,.T.);
#8327 = EDGE_LOOP('',(#8328,#8336,#8344,#8350));
#8328 = ORIENTED_EDGE('',*,*,#8329,.F.);
#8329 = EDGE_CURVE('',#8330,#6891,#8332,.T.);
#8330 = VERTEX_POINT('',#8331);
#8331 = CARTESIAN_POINT('',(5.95,5.E-02,-3.4));
#8332 = LINE('',#8333,#8334);
#8333 = CARTESIAN_POINT('',(5.9,0.1,-3.35));
#8334 = VECTOR('',#8335,1.);
#8335 = DIRECTION('',(-0.57735026919,0.57735026919,0.57735026919));
#8336 = ORIENTED_EDGE('',*,*,#8337,.T.);
#8337 = EDGE_CURVE('',#8330,#8338,#8340,.T.);
#8338 = VERTEX_POINT('',#8339);
#8339 = CARTESIAN_POINT('',(5.95,-5.E-02,-3.4));
#8340 = LINE('',#8341,#8342);
#8341 = CARTESIAN_POINT('',(5.95,0.25,-3.4));
#8342 = VECTOR('',#8343,1.);
#8343 = DIRECTION('',(-1.224646799147E-16,-1.,0.));
#8344 = ORIENTED_EDGE('',*,*,#8345,.T.);
#8345 = EDGE_CURVE('',#8338,#6899,#8346,.T.);
#8346 = LINE('',#8347,#8348);
#8347 = CARTESIAN_POINT('',(5.983333333333,-1.666666666667E-02,
    -3.433333333333));
#8348 = VECTOR('',#8349,1.);
#8349 = DIRECTION('',(-0.57735026919,-0.57735026919,0.57735026919));
#8350 = ORIENTED_EDGE('',*,*,#6898,.F.);
#8351 = PLANE('',#8352);
#8352 = AXIS2_PLACEMENT_3D('',#8353,#8354,#8355);
#8353 = CARTESIAN_POINT('',(5.85,0.25,-3.3));
#8354 = DIRECTION('',(0.707106781187,-8.833102285013E-17,0.707106781187)
  );
#8355 = DIRECTION('',(1.236918052038E-16,1.,1.227125289097E-18));
#8356 = ADVANCED_FACE('',(#8357),#8368,.F.);
#8357 = FACE_BOUND('',#8358,.F.);
#8358 = EDGE_LOOP('',(#8359,#8360,#8366,#8367));
#8359 = ORIENTED_EDGE('',*,*,#7085,.T.);
#8360 = ORIENTED_EDGE('',*,*,#8361,.T.);
#8361 = EDGE_CURVE('',#7078,#6989,#8362,.T.);
#8362 = LINE('',#8363,#8364);
#8363 = CARTESIAN_POINT('',(4.25,-0.25,2.8));
#8364 = VECTOR('',#8365,1.);
#8365 = DIRECTION('',(-1.,1.224646799147E-16,0.));
#8366 = ORIENTED_EDGE('',*,*,#6996,.F.);
#8367 = ORIENTED_EDGE('',*,*,#7027,.F.);
#8368 = CYLINDRICAL_SURFACE('',#8369,5.E-02);
#8369 = AXIS2_PLACEMENT_3D('',#8370,#8371,#8372);
#8370 = CARTESIAN_POINT('',(4.25,-0.3,2.8));
#8371 = DIRECTION('',(-1.,1.224646799147E-16,0.));
#8372 = DIRECTION('',(0.,0.,1.));
#8373 = ADVANCED_FACE('',(#8374),#8385,.F.);
#8374 = FACE_BOUND('',#8375,.F.);
#8375 = EDGE_LOOP('',(#8376,#8377,#8383,#8384));
#8376 = ORIENTED_EDGE('',*,*,#7077,.F.);
#8377 = ORIENTED_EDGE('',*,*,#8378,.T.);
#8378 = EDGE_CURVE('',#7070,#6981,#8379,.T.);
#8379 = LINE('',#8380,#8381);
#8380 = CARTESIAN_POINT('',(4.25,-0.25,-3.2));
#8381 = VECTOR('',#8382,1.);
#8382 = DIRECTION('',(-1.,1.224646799147E-16,0.));
#8383 = ORIENTED_EDGE('',*,*,#6988,.T.);
#8384 = ORIENTED_EDGE('',*,*,#8361,.F.);
#8385 = PLANE('',#8386);
#8386 = AXIS2_PLACEMENT_3D('',#8387,#8388,#8389);
#8387 = CARTESIAN_POINT('',(4.25,-0.25,-3.4));
#8388 = DIRECTION('',(1.224646799147E-16,1.,0.));
#8389 = DIRECTION('',(0.,-0.,1.));
#8390 = ADVANCED_FACE('',(#8391),#8416,.F.);
#8391 = FACE_BOUND('',#8392,.T.);
#8392 = EDGE_LOOP('',(#8393,#8401,#8409,#8415));
#8393 = ORIENTED_EDGE('',*,*,#8394,.F.);
#8394 = EDGE_CURVE('',#8395,#6973,#8397,.T.);
#8395 = VERTEX_POINT('',#8396);
#8396 = CARTESIAN_POINT('',(3.95,5.E-02,-3.4));
#8397 = LINE('',#8398,#8399);
#8398 = CARTESIAN_POINT('',(3.9,0.1,-3.35));
#8399 = VECTOR('',#8400,1.);
#8400 = DIRECTION('',(-0.57735026919,0.57735026919,0.57735026919));
#8401 = ORIENTED_EDGE('',*,*,#8402,.T.);
#8402 = EDGE_CURVE('',#8395,#8403,#8405,.T.);
#8403 = VERTEX_POINT('',#8404);
#8404 = CARTESIAN_POINT('',(3.95,-5.E-02,-3.4));
#8405 = LINE('',#8406,#8407);
#8406 = CARTESIAN_POINT('',(3.95,0.25,-3.4));
#8407 = VECTOR('',#8408,1.);
#8408 = DIRECTION('',(-1.224646799147E-16,-1.,0.));
#8409 = ORIENTED_EDGE('',*,*,#8410,.T.);
#8410 = EDGE_CURVE('',#8403,#6981,#8411,.T.);
#8411 = LINE('',#8412,#8413);
#8412 = CARTESIAN_POINT('',(3.983333333333,-1.666666666667E-02,
    -3.433333333333));
#8413 = VECTOR('',#8414,1.);
#8414 = DIRECTION('',(-0.57735026919,-0.57735026919,0.57735026919));
#8415 = ORIENTED_EDGE('',*,*,#6980,.F.);
#8416 = PLANE('',#8417);
#8417 = AXIS2_PLACEMENT_3D('',#8418,#8419,#8420);
#8418 = CARTESIAN_POINT('',(3.85,0.25,-3.3));
#8419 = DIRECTION('',(0.707106781187,-8.833102285013E-17,0.707106781187)
  );
#8420 = DIRECTION('',(1.236918052038E-16,1.,1.227125289097E-18));
#8421 = ADVANCED_FACE('',(#8422),#8438,.F.);
#8422 = FACE_BOUND('',#8423,.F.);
#8423 = EDGE_LOOP('',(#8424,#8425,#8431,#8432));
#8424 = ORIENTED_EDGE('',*,*,#7061,.F.);
#8425 = ORIENTED_EDGE('',*,*,#8426,.T.);
#8426 = EDGE_CURVE('',#7053,#6964,#8427,.T.);
#8427 = LINE('',#8428,#8429);
#8428 = CARTESIAN_POINT('',(4.25,0.25,2.8));
#8429 = VECTOR('',#8430,1.);
#8430 = DIRECTION('',(-1.,1.224646799147E-16,0.));
#8431 = ORIENTED_EDGE('',*,*,#6972,.T.);
#8432 = ORIENTED_EDGE('',*,*,#8433,.F.);
#8433 = EDGE_CURVE('',#7062,#6973,#8434,.T.);
#8434 = LINE('',#8435,#8436);
#8435 = CARTESIAN_POINT('',(4.25,0.25,-3.2));
#8436 = VECTOR('',#8437,1.);
#8437 = DIRECTION('',(-1.,1.224646799147E-16,0.));
#8438 = PLANE('',#8439);
#8439 = AXIS2_PLACEMENT_3D('',#8440,#8441,#8442);
#8440 = CARTESIAN_POINT('',(4.25,0.25,3.35));
#8441 = DIRECTION('',(-1.224646799147E-16,-1.,0.));
#8442 = DIRECTION('',(-0.,0.,-1.));
#8443 = ADVANCED_FACE('',(#8444),#8450,.T.);
#8444 = FACE_BOUND('',#8445,.T.);
#8445 = EDGE_LOOP('',(#8446,#8447,#8448,#8449));
#8446 = ORIENTED_EDGE('',*,*,#7052,.T.);
#8447 = ORIENTED_EDGE('',*,*,#8426,.T.);
#8448 = ORIENTED_EDGE('',*,*,#6963,.F.);
#8449 = ORIENTED_EDGE('',*,*,#7104,.F.);
#8450 = CYLINDRICAL_SURFACE('',#8451,0.55);
#8451 = AXIS2_PLACEMENT_3D('',#8452,#8453,#8454);
#8452 = CARTESIAN_POINT('',(4.25,-0.3,2.8));
#8453 = DIRECTION('',(-1.,1.224646799147E-16,0.));
#8454 = DIRECTION('',(0.,0.,1.));
#8455 = ADVANCED_FACE('',(#8456),#8481,.T.);
#8456 = FACE_BOUND('',#8457,.F.);
#8457 = EDGE_LOOP('',(#8458,#8466,#8474,#8480));
#8458 = ORIENTED_EDGE('',*,*,#8459,.F.);
#8459 = EDGE_CURVE('',#8460,#7062,#8462,.T.);
#8460 = VERTEX_POINT('',#8461);
#8461 = CARTESIAN_POINT('',(4.05,5.E-02,-3.4));
#8462 = LINE('',#8463,#8464);
#8463 = CARTESIAN_POINT('',(4.183333333333,0.183333333333,
    -3.266666666667));
#8464 = VECTOR('',#8465,1.);
#8465 = DIRECTION('',(0.57735026919,0.57735026919,0.57735026919));
#8466 = ORIENTED_EDGE('',*,*,#8467,.T.);
#8467 = EDGE_CURVE('',#8460,#8468,#8470,.T.);
#8468 = VERTEX_POINT('',#8469);
#8469 = CARTESIAN_POINT('',(4.05,-5.E-02,-3.4));
#8470 = LINE('',#8471,#8472);
#8471 = CARTESIAN_POINT('',(4.05,0.25,-3.4));
#8472 = VECTOR('',#8473,1.);
#8473 = DIRECTION('',(-1.224646799147E-16,-1.,0.));
#8474 = ORIENTED_EDGE('',*,*,#8475,.T.);
#8475 = EDGE_CURVE('',#8468,#7070,#8476,.T.);
#8476 = LINE('',#8477,#8478);
#8477 = CARTESIAN_POINT('',(4.1,-0.1,-3.35));
#8478 = VECTOR('',#8479,1.);
#8479 = DIRECTION('',(0.57735026919,-0.57735026919,0.57735026919));
#8480 = ORIENTED_EDGE('',*,*,#7069,.F.);
#8481 = PLANE('',#8482);
#8482 = AXIS2_PLACEMENT_3D('',#8483,#8484,#8485);
#8483 = CARTESIAN_POINT('',(4.15,0.25,-3.3));
#8484 = DIRECTION('',(0.707106781187,-8.486018839685E-17,-0.707106781187
    ));
#8485 = DIRECTION('',(1.212375546256E-16,1.,1.227125289196E-18));
#8486 = ADVANCED_FACE('',(#8487),#8498,.F.);
#8487 = FACE_BOUND('',#8488,.F.);
#8488 = EDGE_LOOP('',(#8489,#8490,#8496,#8497));
#8489 = ORIENTED_EDGE('',*,*,#7249,.T.);
#8490 = ORIENTED_EDGE('',*,*,#8491,.T.);
#8491 = EDGE_CURVE('',#7242,#7153,#8492,.T.);
#8492 = LINE('',#8493,#8494);
#8493 = CARTESIAN_POINT('',(2.25,-0.25,2.8));
#8494 = VECTOR('',#8495,1.);
#8495 = DIRECTION('',(-1.,1.224646799147E-16,0.));
#8496 = ORIENTED_EDGE('',*,*,#7160,.F.);
#8497 = ORIENTED_EDGE('',*,*,#7191,.F.);
#8498 = CYLINDRICAL_SURFACE('',#8499,5.E-02);
#8499 = AXIS2_PLACEMENT_3D('',#8500,#8501,#8502);
#8500 = CARTESIAN_POINT('',(2.25,-0.3,2.8));
#8501 = DIRECTION('',(-1.,1.224646799147E-16,0.));
#8502 = DIRECTION('',(0.,0.,1.));
#8503 = ADVANCED_FACE('',(#8504),#8515,.F.);
#8504 = FACE_BOUND('',#8505,.F.);
#8505 = EDGE_LOOP('',(#8506,#8507,#8513,#8514));
#8506 = ORIENTED_EDGE('',*,*,#7241,.F.);
#8507 = ORIENTED_EDGE('',*,*,#8508,.T.);
#8508 = EDGE_CURVE('',#7234,#7145,#8509,.T.);
#8509 = LINE('',#8510,#8511);
#8510 = CARTESIAN_POINT('',(2.25,-0.25,-3.2));
#8511 = VECTOR('',#8512,1.);
#8512 = DIRECTION('',(-1.,1.224646799147E-16,0.));
#8513 = ORIENTED_EDGE('',*,*,#7152,.T.);
#8514 = ORIENTED_EDGE('',*,*,#8491,.F.);
#8515 = PLANE('',#8516);
#8516 = AXIS2_PLACEMENT_3D('',#8517,#8518,#8519);
#8517 = CARTESIAN_POINT('',(2.25,-0.25,-3.4));
#8518 = DIRECTION('',(1.224646799147E-16,1.,0.));
#8519 = DIRECTION('',(0.,-0.,1.));
#8520 = ADVANCED_FACE('',(#8521),#8546,.F.);
#8521 = FACE_BOUND('',#8522,.T.);
#8522 = EDGE_LOOP('',(#8523,#8531,#8539,#8545));
#8523 = ORIENTED_EDGE('',*,*,#8524,.F.);
#8524 = EDGE_CURVE('',#8525,#7137,#8527,.T.);
#8525 = VERTEX_POINT('',#8526);
#8526 = CARTESIAN_POINT('',(1.95,5.E-02,-3.4));
#8527 = LINE('',#8528,#8529);
#8528 = CARTESIAN_POINT('',(1.9,0.1,-3.35));
#8529 = VECTOR('',#8530,1.);
#8530 = DIRECTION('',(-0.57735026919,0.57735026919,0.57735026919));
#8531 = ORIENTED_EDGE('',*,*,#8532,.T.);
#8532 = EDGE_CURVE('',#8525,#8533,#8535,.T.);
#8533 = VERTEX_POINT('',#8534);
#8534 = CARTESIAN_POINT('',(1.95,-5.E-02,-3.4));
#8535 = LINE('',#8536,#8537);
#8536 = CARTESIAN_POINT('',(1.95,0.25,-3.4));
#8537 = VECTOR('',#8538,1.);
#8538 = DIRECTION('',(-1.224646799147E-16,-1.,0.));
#8539 = ORIENTED_EDGE('',*,*,#8540,.T.);
#8540 = EDGE_CURVE('',#8533,#7145,#8541,.T.);
#8541 = LINE('',#8542,#8543);
#8542 = CARTESIAN_POINT('',(1.983333333333,-1.666666666667E-02,
    -3.433333333333));
#8543 = VECTOR('',#8544,1.);
#8544 = DIRECTION('',(-0.57735026919,-0.57735026919,0.57735026919));
#8545 = ORIENTED_EDGE('',*,*,#7144,.F.);
#8546 = PLANE('',#8547);
#8547 = AXIS2_PLACEMENT_3D('',#8548,#8549,#8550);
#8548 = CARTESIAN_POINT('',(1.85,0.25,-3.3));
#8549 = DIRECTION('',(0.707106781187,-8.833102285013E-17,0.707106781187)
  );
#8550 = DIRECTION('',(1.236918052038E-16,1.,1.227125289097E-18));
#8551 = ADVANCED_FACE('',(#8552),#8568,.F.);
#8552 = FACE_BOUND('',#8553,.F.);
#8553 = EDGE_LOOP('',(#8554,#8555,#8561,#8562));
#8554 = ORIENTED_EDGE('',*,*,#7225,.F.);
#8555 = ORIENTED_EDGE('',*,*,#8556,.T.);
#8556 = EDGE_CURVE('',#7217,#7128,#8557,.T.);
#8557 = LINE('',#8558,#8559);
#8558 = CARTESIAN_POINT('',(2.25,0.25,2.8));
#8559 = VECTOR('',#8560,1.);
#8560 = DIRECTION('',(-1.,1.224646799147E-16,0.));
#8561 = ORIENTED_EDGE('',*,*,#7136,.T.);
#8562 = ORIENTED_EDGE('',*,*,#8563,.F.);
#8563 = EDGE_CURVE('',#7226,#7137,#8564,.T.);
#8564 = LINE('',#8565,#8566);
#8565 = CARTESIAN_POINT('',(2.25,0.25,-3.2));
#8566 = VECTOR('',#8567,1.);
#8567 = DIRECTION('',(-1.,1.224646799147E-16,0.));
#8568 = PLANE('',#8569);
#8569 = AXIS2_PLACEMENT_3D('',#8570,#8571,#8572);
#8570 = CARTESIAN_POINT('',(2.25,0.25,3.35));
#8571 = DIRECTION('',(-1.224646799147E-16,-1.,0.));
#8572 = DIRECTION('',(-0.,0.,-1.));
#8573 = ADVANCED_FACE('',(#8574),#8580,.T.);
#8574 = FACE_BOUND('',#8575,.T.);
#8575 = EDGE_LOOP('',(#8576,#8577,#8578,#8579));
#8576 = ORIENTED_EDGE('',*,*,#7216,.T.);
#8577 = ORIENTED_EDGE('',*,*,#8556,.T.);
#8578 = ORIENTED_EDGE('',*,*,#7127,.F.);
#8579 = ORIENTED_EDGE('',*,*,#7268,.F.);
#8580 = CYLINDRICAL_SURFACE('',#8581,0.55);
#8581 = AXIS2_PLACEMENT_3D('',#8582,#8583,#8584);
#8582 = CARTESIAN_POINT('',(2.25,-0.3,2.8));
#8583 = DIRECTION('',(-1.,1.224646799147E-16,0.));
#8584 = DIRECTION('',(0.,0.,1.));
#8585 = ADVANCED_FACE('',(#8586),#8611,.T.);
#8586 = FACE_BOUND('',#8587,.F.);
#8587 = EDGE_LOOP('',(#8588,#8596,#8604,#8610));
#8588 = ORIENTED_EDGE('',*,*,#8589,.F.);
#8589 = EDGE_CURVE('',#8590,#7226,#8592,.T.);
#8590 = VERTEX_POINT('',#8591);
#8591 = CARTESIAN_POINT('',(2.05,5.E-02,-3.4));
#8592 = LINE('',#8593,#8594);
#8593 = CARTESIAN_POINT('',(2.183333333333,0.183333333333,
    -3.266666666667));
#8594 = VECTOR('',#8595,1.);
#8595 = DIRECTION('',(0.57735026919,0.57735026919,0.57735026919));
#8596 = ORIENTED_EDGE('',*,*,#8597,.T.);
#8597 = EDGE_CURVE('',#8590,#8598,#8600,.T.);
#8598 = VERTEX_POINT('',#8599);
#8599 = CARTESIAN_POINT('',(2.05,-5.E-02,-3.4));
#8600 = LINE('',#8601,#8602);
#8601 = CARTESIAN_POINT('',(2.05,0.25,-3.4));
#8602 = VECTOR('',#8603,1.);
#8603 = DIRECTION('',(-1.224646799147E-16,-1.,0.));
#8604 = ORIENTED_EDGE('',*,*,#8605,.T.);
#8605 = EDGE_CURVE('',#8598,#7234,#8606,.T.);
#8606 = LINE('',#8607,#8608);
#8607 = CARTESIAN_POINT('',(2.1,-0.1,-3.35));
#8608 = VECTOR('',#8609,1.);
#8609 = DIRECTION('',(0.57735026919,-0.57735026919,0.57735026919));
#8610 = ORIENTED_EDGE('',*,*,#7233,.F.);
#8611 = PLANE('',#8612);
#8612 = AXIS2_PLACEMENT_3D('',#8613,#8614,#8615);
#8613 = CARTESIAN_POINT('',(2.15,0.25,-3.3));
#8614 = DIRECTION('',(0.707106781187,-8.486018839685E-17,-0.707106781187
    ));
#8615 = DIRECTION('',(1.212375546256E-16,1.,1.227125289196E-18));
#8616 = ADVANCED_FACE('',(#8617),#8628,.T.);
#8617 = FACE_BOUND('',#8618,.T.);
#8618 = EDGE_LOOP('',(#8619,#8620,#8626,#8627));
#8619 = ORIENTED_EDGE('',*,*,#7429,.T.);
#8620 = ORIENTED_EDGE('',*,*,#8621,.T.);
#8621 = EDGE_CURVE('',#7430,#7316,#8622,.T.);
#8622 = LINE('',#8623,#8624);
#8623 = CARTESIAN_POINT('',(0.25,0.25,2.8));
#8624 = VECTOR('',#8625,1.);
#8625 = DIRECTION('',(-1.,1.224646799147E-16,0.));
#8626 = ORIENTED_EDGE('',*,*,#7315,.F.);
#8627 = ORIENTED_EDGE('',*,*,#7299,.F.);
#8628 = CYLINDRICAL_SURFACE('',#8629,0.55);
#8629 = AXIS2_PLACEMENT_3D('',#8630,#8631,#8632);
#8630 = CARTESIAN_POINT('',(0.25,-0.3,2.8));
#8631 = DIRECTION('',(-1.,1.224646799147E-16,0.));
#8632 = DIRECTION('',(0.,0.,1.));
#8633 = ADVANCED_FACE('',(#8634),#8645,.F.);
#8634 = FACE_BOUND('',#8635,.F.);
#8635 = EDGE_LOOP('',(#8636,#8637,#8643,#8644));
#8636 = ORIENTED_EDGE('',*,*,#7494,.T.);
#8637 = ORIENTED_EDGE('',*,*,#8638,.T.);
#8638 = EDGE_CURVE('',#7487,#7373,#8639,.T.);
#8639 = LINE('',#8640,#8641);
#8640 = CARTESIAN_POINT('',(0.25,-0.25,2.8));
#8641 = VECTOR('',#8642,1.);
#8642 = DIRECTION('',(-1.,1.224646799147E-16,0.));
#8643 = ORIENTED_EDGE('',*,*,#7380,.F.);
#8644 = ORIENTED_EDGE('',*,*,#7411,.F.);
#8645 = CYLINDRICAL_SURFACE('',#8646,5.E-02);
#8646 = AXIS2_PLACEMENT_3D('',#8647,#8648,#8649);
#8647 = CARTESIAN_POINT('',(0.25,-0.3,2.8));
#8648 = DIRECTION('',(-1.,1.224646799147E-16,0.));
#8649 = DIRECTION('',(0.,0.,1.));
#8650 = ADVANCED_FACE('',(#8651),#8662,.F.);
#8651 = FACE_BOUND('',#8652,.F.);
#8652 = EDGE_LOOP('',(#8653,#8654,#8660,#8661));
#8653 = ORIENTED_EDGE('',*,*,#7486,.F.);
#8654 = ORIENTED_EDGE('',*,*,#8655,.T.);
#8655 = EDGE_CURVE('',#7479,#7365,#8656,.T.);
#8656 = LINE('',#8657,#8658);
#8657 = CARTESIAN_POINT('',(0.25,-0.25,-0.9));
#8658 = VECTOR('',#8659,1.);
#8659 = DIRECTION('',(-1.,1.224646799147E-16,0.));
#8660 = ORIENTED_EDGE('',*,*,#7372,.T.);
#8661 = ORIENTED_EDGE('',*,*,#8638,.F.);
#8662 = PLANE('',#8663);
#8663 = AXIS2_PLACEMENT_3D('',#8664,#8665,#8666);
#8664 = CARTESIAN_POINT('',(0.25,-0.25,-0.9));
#8665 = DIRECTION('',(1.224646799147E-16,1.,0.));
#8666 = DIRECTION('',(0.,-0.,1.));
#8667 = ADVANCED_FACE('',(#8668),#8679,.F.);
#8668 = FACE_BOUND('',#8669,.F.);
#8669 = EDGE_LOOP('',(#8670,#8676,#8677,#8678));
#8670 = ORIENTED_EDGE('',*,*,#8671,.T.);
#8671 = EDGE_CURVE('',#7471,#7357,#8672,.T.);
#8672 = LINE('',#8673,#8674);
#8673 = CARTESIAN_POINT('',(0.25,-0.55,-1.5));
#8674 = VECTOR('',#8675,1.);
#8675 = DIRECTION('',(-1.,1.224646799147E-16,0.));
#8676 = ORIENTED_EDGE('',*,*,#7364,.T.);
#8677 = ORIENTED_EDGE('',*,*,#8655,.F.);
#8678 = ORIENTED_EDGE('',*,*,#7478,.F.);
#8679 = PLANE('',#8680);
#8680 = AXIS2_PLACEMENT_3D('',#8681,#8682,#8683);
#8681 = CARTESIAN_POINT('',(0.25,-0.55,-1.5));
#8682 = DIRECTION('',(1.095357396528E-16,0.894427191,-0.4472135955));
#8683 = DIRECTION('',(5.476786982641E-17,0.4472135955,0.894427191));
#8684 = ADVANCED_FACE('',(#8685),#8712,.F.);
#8685 = FACE_BOUND('',#8686,.F.);
#8686 = EDGE_LOOP('',(#8687,#8688,#8696,#8704,#8710,#8711));
#8687 = ORIENTED_EDGE('',*,*,#7470,.F.);
#8688 = ORIENTED_EDGE('',*,*,#8689,.F.);
#8689 = EDGE_CURVE('',#8690,#7463,#8692,.T.);
#8690 = VERTEX_POINT('',#8691);
#8691 = CARTESIAN_POINT('',(0.247552593066,-0.281192514695,
    -3.202447406934));
#8692 = LINE('',#8693,#8694);
#8693 = CARTESIAN_POINT('',(0.1292749658,-0.262517099863,-3.3207250342)
  );
#8694 = VECTOR('',#8695,1.);
#8695 = DIRECTION('',(0.702740385383,-0.110959008218,0.702740385383));
#8696 = ORIENTED_EDGE('',*,*,#8697,.T.);
#8697 = EDGE_CURVE('',#8690,#8698,#8700,.T.);
#8698 = VERTEX_POINT('',#8699);
#8699 = CARTESIAN_POINT('',(-0.247552593066,-0.281192514695,
    -3.202447406934));
#8700 = LINE('',#8701,#8702);
#8701 = CARTESIAN_POINT('',(0.25,-0.281192514695,-3.202447406934));
#8702 = VECTOR('',#8703,1.);
#8703 = DIRECTION('',(-1.,1.224646799147E-16,0.));
#8704 = ORIENTED_EDGE('',*,*,#8705,.T.);
#8705 = EDGE_CURVE('',#8698,#7349,#8706,.T.);
#8706 = LINE('',#8707,#8708);
#8707 = CARTESIAN_POINT('',(-5.813953488374E-03,-0.243023255814,
    -3.444186046512));
#8708 = VECTOR('',#8709,1.);
#8709 = DIRECTION('',(-0.702740385383,-0.110959008218,0.702740385383));
#8710 = ORIENTED_EDGE('',*,*,#7356,.T.);
#8711 = ORIENTED_EDGE('',*,*,#8671,.F.);
#8712 = PLANE('',#8713);
#8713 = AXIS2_PLACEMENT_3D('',#8714,#8715,#8716);
#8714 = CARTESIAN_POINT('',(0.25,-0.25,-3.4));
#8715 = DIRECTION('',(1.209660753807E-16,0.987762965329,0.155962573473)
  );
#8716 = DIRECTION('',(-1.909990663905E-17,-0.155962573473,0.987762965329
    ));
#8717 = ADVANCED_FACE('',(#8718),#8752,.F.);
#8718 = FACE_BOUND('',#8719,.T.);
#8719 = EDGE_LOOP('',(#8720,#8730,#8738,#8744,#8745,#8746));
#8720 = ORIENTED_EDGE('',*,*,#8721,.F.);
#8721 = EDGE_CURVE('',#8722,#8724,#8726,.T.);
#8722 = VERTEX_POINT('',#8723);
#8723 = CARTESIAN_POINT('',(-5.E-02,5.E-02,-3.4));
#8724 = VERTEX_POINT('',#8725);
#8725 = CARTESIAN_POINT('',(-0.247552593066,0.218807485305,
    -3.202447406934));
#8726 = LINE('',#8727,#8728);
#8727 = CARTESIAN_POINT('',(-9.428267482221E-02,8.783927542193E-02,
    -3.355717325178));
#8728 = VECTOR('',#8729,1.);
#8729 = DIRECTION('',(-0.605209817607,0.517148096144,0.605209817607));
#8730 = ORIENTED_EDGE('',*,*,#8731,.T.);
#8731 = EDGE_CURVE('',#8722,#8732,#8734,.T.);
#8732 = VERTEX_POINT('',#8733);
#8733 = CARTESIAN_POINT('',(-5.E-02,-5.E-02,-3.4));
#8734 = LINE('',#8735,#8736);
#8735 = CARTESIAN_POINT('',(-5.E-02,0.25,-3.4));
#8736 = VECTOR('',#8737,1.);
#8737 = DIRECTION('',(-1.224646799147E-16,-1.,0.));
#8738 = ORIENTED_EDGE('',*,*,#8739,.T.);
#8739 = EDGE_CURVE('',#8732,#8698,#8740,.T.);
#8740 = LINE('',#8741,#8742);
#8741 = CARTESIAN_POINT('',(-1.77957755624E-02,-1.231193164325E-02,
    -3.432204224438));
#8742 = VECTOR('',#8743,1.);
#8743 = DIRECTION('',(-0.544770019249,-0.63753529491,0.544770019249));
#8744 = ORIENTED_EDGE('',*,*,#8705,.T.);
#8745 = ORIENTED_EDGE('',*,*,#7348,.F.);
#8746 = ORIENTED_EDGE('',*,*,#8747,.F.);
#8747 = EDGE_CURVE('',#8724,#7341,#8748,.T.);
#8748 = LINE('',#8749,#8750);
#8749 = CARTESIAN_POINT('',(-0.506155950752,0.177975376197,
    -2.943844049248));
#8750 = VECTOR('',#8751,1.);
#8751 = DIRECTION('',(-0.702740385383,-0.110959008218,0.702740385383));
#8752 = PLANE('',#8753);
#8753 = AXIS2_PLACEMENT_3D('',#8754,#8755,#8756);
#8754 = CARTESIAN_POINT('',(-0.15,0.25,-3.3));
#8755 = DIRECTION('',(0.707106781187,-8.833102285013E-17,0.707106781187)
  );
#8756 = DIRECTION('',(1.236918052038E-16,1.,1.227125289097E-18));
#8757 = ADVANCED_FACE('',(#8758),#8783,.F.);
#8758 = FACE_BOUND('',#8759,.F.);
#8759 = EDGE_LOOP('',(#8760,#8761,#8767,#8768,#8769,#8777));
#8760 = ORIENTED_EDGE('',*,*,#7454,.F.);
#8761 = ORIENTED_EDGE('',*,*,#8762,.T.);
#8762 = EDGE_CURVE('',#7447,#7333,#8763,.T.);
#8763 = LINE('',#8764,#8765);
#8764 = CARTESIAN_POINT('',(0.25,-5.E-02,-1.5));
#8765 = VECTOR('',#8766,1.);
#8766 = DIRECTION('',(-1.,1.224646799147E-16,0.));
#8767 = ORIENTED_EDGE('',*,*,#7340,.T.);
#8768 = ORIENTED_EDGE('',*,*,#8747,.F.);
#8769 = ORIENTED_EDGE('',*,*,#8770,.F.);
#8770 = EDGE_CURVE('',#8771,#8724,#8773,.T.);
#8771 = VERTEX_POINT('',#8772);
#8772 = CARTESIAN_POINT('',(0.247552593066,0.218807485305,
    -3.202447406934));
#8773 = LINE('',#8774,#8775);
#8774 = CARTESIAN_POINT('',(0.25,0.218807485305,-3.202447406934));
#8775 = VECTOR('',#8776,1.);
#8776 = DIRECTION('',(-1.,1.224646799147E-16,0.));
#8777 = ORIENTED_EDGE('',*,*,#8778,.T.);
#8778 = EDGE_CURVE('',#8771,#7455,#8779,.T.);
#8779 = LINE('',#8780,#8781);
#8780 = CARTESIAN_POINT('',(0.629616963064,0.158481532148,
    -2.820383036936));
#8781 = VECTOR('',#8782,1.);
#8782 = DIRECTION('',(0.702740385383,-0.110959008218,0.702740385383));
#8783 = PLANE('',#8784);
#8784 = AXIS2_PLACEMENT_3D('',#8785,#8786,#8787);
#8785 = CARTESIAN_POINT('',(0.25,-5.E-02,-1.5));
#8786 = DIRECTION('',(-1.209660753807E-16,-0.987762965329,
    -0.155962573473));
#8787 = DIRECTION('',(1.909990663905E-17,0.155962573473,-0.987762965329)
  );
#8788 = ADVANCED_FACE('',(#8789),#8800,.F.);
#8789 = FACE_BOUND('',#8790,.F.);
#8790 = EDGE_LOOP('',(#8791,#8797,#8798,#8799));
#8791 = ORIENTED_EDGE('',*,*,#8792,.T.);
#8792 = EDGE_CURVE('',#7439,#7325,#8793,.T.);
#8793 = LINE('',#8794,#8795);
#8794 = CARTESIAN_POINT('',(0.25,0.25,-0.9));
#8795 = VECTOR('',#8796,1.);
#8796 = DIRECTION('',(-1.,1.224646799147E-16,0.));
#8797 = ORIENTED_EDGE('',*,*,#7332,.T.);
#8798 = ORIENTED_EDGE('',*,*,#8762,.F.);
#8799 = ORIENTED_EDGE('',*,*,#7446,.F.);
#8800 = PLANE('',#8801);
#8801 = AXIS2_PLACEMENT_3D('',#8802,#8803,#8804);
#8802 = CARTESIAN_POINT('',(0.25,0.25,-0.9));
#8803 = DIRECTION('',(-1.095357396528E-16,-0.894427191,0.4472135955));
#8804 = DIRECTION('',(-5.476786982641E-17,-0.4472135955,-0.894427191));
#8805 = ADVANCED_FACE('',(#8806),#8812,.F.);
#8806 = FACE_BOUND('',#8807,.F.);
#8807 = EDGE_LOOP('',(#8808,#8809,#8810,#8811));
#8808 = ORIENTED_EDGE('',*,*,#7438,.F.);
#8809 = ORIENTED_EDGE('',*,*,#8621,.T.);
#8810 = ORIENTED_EDGE('',*,*,#7324,.T.);
#8811 = ORIENTED_EDGE('',*,*,#8792,.F.);
#8812 = PLANE('',#8813);
#8813 = AXIS2_PLACEMENT_3D('',#8814,#8815,#8816);
#8814 = CARTESIAN_POINT('',(0.25,0.25,3.35));
#8815 = DIRECTION('',(-1.224646799147E-16,-1.,0.));
#8816 = DIRECTION('',(-0.,0.,-1.));
#8817 = ADVANCED_FACE('',(#8818),#8845,.T.);
#8818 = FACE_BOUND('',#8819,.F.);
#8819 = EDGE_LOOP('',(#8820,#8828,#8836,#8842,#8843,#8844));
#8820 = ORIENTED_EDGE('',*,*,#8821,.F.);
#8821 = EDGE_CURVE('',#8822,#8771,#8824,.T.);
#8822 = VERTEX_POINT('',#8823);
#8823 = CARTESIAN_POINT('',(5.E-02,5.E-02,-3.4));
#8824 = LINE('',#8825,#8826);
#8825 = CARTESIAN_POINT('',(0.185852405654,0.166085051658,
    -3.264147594346));
#8826 = VECTOR('',#8827,1.);
#8827 = DIRECTION('',(0.605209817607,0.517148096144,0.605209817607));
#8828 = ORIENTED_EDGE('',*,*,#8829,.T.);
#8829 = EDGE_CURVE('',#8822,#8830,#8832,.T.);
#8830 = VERTEX_POINT('',#8831);
#8831 = CARTESIAN_POINT('',(5.E-02,-5.E-02,-3.4));
#8832 = LINE('',#8833,#8834);
#8833 = CARTESIAN_POINT('',(5.E-02,0.25,-3.4));
#8834 = VECTOR('',#8835,1.);
#8835 = DIRECTION('',(-1.224646799147E-16,-1.,0.));
#8836 = ORIENTED_EDGE('',*,*,#8837,.T.);
#8837 = EDGE_CURVE('',#8830,#8690,#8838,.T.);
#8838 = LINE('',#8839,#8840);
#8839 = CARTESIAN_POINT('',(9.198936903048E-02,-9.913946036316E-02,
    -3.35801063097));
#8840 = VECTOR('',#8841,1.);
#8841 = DIRECTION('',(0.544770019249,-0.63753529491,0.544770019249));
#8842 = ORIENTED_EDGE('',*,*,#8689,.T.);
#8843 = ORIENTED_EDGE('',*,*,#7462,.F.);
#8844 = ORIENTED_EDGE('',*,*,#8778,.F.);
#8845 = PLANE('',#8846);
#8846 = AXIS2_PLACEMENT_3D('',#8847,#8848,#8849);
#8847 = CARTESIAN_POINT('',(0.15,0.25,-3.3));
#8848 = DIRECTION('',(0.707106781187,-8.486018839685E-17,-0.707106781187
    ));
#8849 = DIRECTION('',(1.212375546256E-16,1.,1.227125289196E-18));
#8850 = ADVANCED_FACE('',(#8851),#8862,.T.);
#8851 = FACE_BOUND('',#8852,.F.);
#8852 = EDGE_LOOP('',(#8853,#8854,#8860,#8861));
#8853 = ORIENTED_EDGE('',*,*,#7823,.F.);
#8854 = ORIENTED_EDGE('',*,*,#8855,.T.);
#8855 = EDGE_CURVE('',#7816,#7701,#8856,.T.);
#8856 = LINE('',#8857,#8858);
#8857 = CARTESIAN_POINT('',(14.25,-5.E-02,-3.4));
#8858 = VECTOR('',#8859,1.);
#8859 = DIRECTION('',(-1.,1.224646799147E-16,0.));
#8860 = ORIENTED_EDGE('',*,*,#7708,.T.);
#8861 = ORIENTED_EDGE('',*,*,#7666,.F.);
#8862 = PLANE('',#8863);
#8863 = AXIS2_PLACEMENT_3D('',#8864,#8865,#8866);
#8864 = CARTESIAN_POINT('',(14.25,-0.165596257347,-3.301223703467));
#8865 = DIRECTION('',(-8.302774088379E-17,-0.64962967394,-0.760250805153
    ));
#8866 = DIRECTION('',(1.,-1.247195775152E-16,-2.638869166629E-18));
#8867 = ADVANCED_FACE('',(#8868),#8879,.T.);
#8868 = FACE_BOUND('',#8869,.T.);
#8869 = EDGE_LOOP('',(#8870,#8871,#8877,#8878));
#8870 = ORIENTED_EDGE('',*,*,#7807,.F.);
#8871 = ORIENTED_EDGE('',*,*,#8872,.T.);
#8872 = EDGE_CURVE('',#7808,#7691,#8873,.T.);
#8873 = LINE('',#8874,#8875);
#8874 = CARTESIAN_POINT('',(14.25,5.E-02,-3.4));
#8875 = VECTOR('',#8876,1.);
#8876 = DIRECTION('',(-1.,1.224646799147E-16,0.));
#8877 = ORIENTED_EDGE('',*,*,#7690,.T.);
#8878 = ORIENTED_EDGE('',*,*,#7739,.F.);
#8879 = PLANE('',#8880);
#8880 = AXIS2_PLACEMENT_3D('',#8881,#8882,#8883);
#8881 = CARTESIAN_POINT('',(14.25,0.134403742653,-3.301223703467));
#8882 = DIRECTION('',(9.136856246232E-17,0.760250805153,-0.64962967394)
  );
#8883 = DIRECTION('',(-1.,1.211454098155E-16,1.127308249542E-18));
#8884 = ADVANCED_FACE('',(#8885),#8891,.F.);
#8885 = FACE_BOUND('',#8886,.F.);
#8886 = EDGE_LOOP('',(#8887,#8888,#8889,#8890));
#8887 = ORIENTED_EDGE('',*,*,#7815,.F.);
#8888 = ORIENTED_EDGE('',*,*,#8872,.T.);
#8889 = ORIENTED_EDGE('',*,*,#7700,.T.);
#8890 = ORIENTED_EDGE('',*,*,#8855,.F.);
#8891 = PLANE('',#8892);
#8892 = AXIS2_PLACEMENT_3D('',#8893,#8894,#8895);
#8893 = CARTESIAN_POINT('',(14.25,0.25,-3.4));
#8894 = DIRECTION('',(0.,0.,1.));
#8895 = DIRECTION('',(-1.224646799147E-16,-1.,0.));
#8896 = ADVANCED_FACE('',(#8897),#8908,.T.);
#8897 = FACE_BOUND('',#8898,.F.);
#8898 = EDGE_LOOP('',(#8899,#8900,#8906,#8907));
#8899 = ORIENTED_EDGE('',*,*,#7955,.F.);
#8900 = ORIENTED_EDGE('',*,*,#8901,.T.);
#8901 = EDGE_CURVE('',#7948,#7883,#8902,.T.);
#8902 = LINE('',#8903,#8904);
#8903 = CARTESIAN_POINT('',(12.25,-5.E-02,-3.4));
#8904 = VECTOR('',#8905,1.);
#8905 = DIRECTION('',(-1.,1.224646799147E-16,0.));
#8906 = ORIENTED_EDGE('',*,*,#7890,.T.);
#8907 = ORIENTED_EDGE('',*,*,#7858,.F.);
#8908 = PLANE('',#8909);
#8909 = AXIS2_PLACEMENT_3D('',#8910,#8911,#8912);
#8910 = CARTESIAN_POINT('',(12.25,-0.15,-3.3));
#8911 = DIRECTION('',(-8.486018839685E-17,-0.707106781187,
    -0.707106781187));
#8912 = DIRECTION('',(1.,-1.212375546256E-16,1.227125289196E-18));
#8913 = ADVANCED_FACE('',(#8914),#8925,.T.);
#8914 = FACE_BOUND('',#8915,.T.);
#8915 = EDGE_LOOP('',(#8916,#8917,#8923,#8924));
#8916 = ORIENTED_EDGE('',*,*,#7939,.F.);
#8917 = ORIENTED_EDGE('',*,*,#8918,.T.);
#8918 = EDGE_CURVE('',#7940,#7875,#8919,.T.);
#8919 = LINE('',#8920,#8921);
#8920 = CARTESIAN_POINT('',(12.25,5.E-02,-3.4));
#8921 = VECTOR('',#8922,1.);
#8922 = DIRECTION('',(-1.,1.224646799147E-16,0.));
#8923 = ORIENTED_EDGE('',*,*,#7874,.T.);
#8924 = ORIENTED_EDGE('',*,*,#7913,.F.);
#8925 = PLANE('',#8926);
#8926 = AXIS2_PLACEMENT_3D('',#8927,#8928,#8929);
#8927 = CARTESIAN_POINT('',(12.25,0.15,-3.3));
#8928 = DIRECTION('',(8.486018839685E-17,0.707106781187,-0.707106781187)
  );
#8929 = DIRECTION('',(-1.,1.212375546256E-16,1.227125289196E-18));
#8930 = ADVANCED_FACE('',(#8931),#8937,.F.);
#8931 = FACE_BOUND('',#8932,.F.);
#8932 = EDGE_LOOP('',(#8933,#8934,#8935,#8936));
#8933 = ORIENTED_EDGE('',*,*,#8918,.T.);
#8934 = ORIENTED_EDGE('',*,*,#7882,.T.);
#8935 = ORIENTED_EDGE('',*,*,#8901,.F.);
#8936 = ORIENTED_EDGE('',*,*,#7947,.F.);
#8937 = PLANE('',#8938);
#8938 = AXIS2_PLACEMENT_3D('',#8939,#8940,#8941);
#8939 = CARTESIAN_POINT('',(12.25,0.25,-3.4));
#8940 = DIRECTION('',(0.,0.,1.));
#8941 = DIRECTION('',(-1.224646799147E-16,-1.,0.));
#8942 = ADVANCED_FACE('',(#8943),#8954,.T.);
#8943 = FACE_BOUND('',#8944,.F.);
#8944 = EDGE_LOOP('',(#8945,#8946,#8952,#8953));
#8945 = ORIENTED_EDGE('',*,*,#8085,.F.);
#8946 = ORIENTED_EDGE('',*,*,#8947,.T.);
#8947 = EDGE_CURVE('',#8078,#8013,#8948,.T.);
#8948 = LINE('',#8949,#8950);
#8949 = CARTESIAN_POINT('',(10.25,-5.E-02,-3.4));
#8950 = VECTOR('',#8951,1.);
#8951 = DIRECTION('',(-1.,1.224646799147E-16,0.));
#8952 = ORIENTED_EDGE('',*,*,#8020,.T.);
#8953 = ORIENTED_EDGE('',*,*,#7988,.F.);
#8954 = PLANE('',#8955);
#8955 = AXIS2_PLACEMENT_3D('',#8956,#8957,#8958);
#8956 = CARTESIAN_POINT('',(10.25,-0.15,-3.3));
#8957 = DIRECTION('',(-8.486018839685E-17,-0.707106781187,
    -0.707106781187));
#8958 = DIRECTION('',(1.,-1.212375546256E-16,1.227125289196E-18));
#8959 = ADVANCED_FACE('',(#8960),#8971,.T.);
#8960 = FACE_BOUND('',#8961,.T.);
#8961 = EDGE_LOOP('',(#8962,#8963,#8969,#8970));
#8962 = ORIENTED_EDGE('',*,*,#8069,.F.);
#8963 = ORIENTED_EDGE('',*,*,#8964,.T.);
#8964 = EDGE_CURVE('',#8070,#8005,#8965,.T.);
#8965 = LINE('',#8966,#8967);
#8966 = CARTESIAN_POINT('',(10.25,5.E-02,-3.4));
#8967 = VECTOR('',#8968,1.);
#8968 = DIRECTION('',(-1.,1.224646799147E-16,0.));
#8969 = ORIENTED_EDGE('',*,*,#8004,.T.);
#8970 = ORIENTED_EDGE('',*,*,#8043,.F.);
#8971 = PLANE('',#8972);
#8972 = AXIS2_PLACEMENT_3D('',#8973,#8974,#8975);
#8973 = CARTESIAN_POINT('',(10.25,0.15,-3.3));
#8974 = DIRECTION('',(8.486018839685E-17,0.707106781187,-0.707106781187)
  );
#8975 = DIRECTION('',(-1.,1.212375546256E-16,1.227125289196E-18));
#8976 = ADVANCED_FACE('',(#8977),#8983,.F.);
#8977 = FACE_BOUND('',#8978,.F.);
#8978 = EDGE_LOOP('',(#8979,#8980,#8981,#8982));
#8979 = ORIENTED_EDGE('',*,*,#8964,.T.);
#8980 = ORIENTED_EDGE('',*,*,#8012,.T.);
#8981 = ORIENTED_EDGE('',*,*,#8947,.F.);
#8982 = ORIENTED_EDGE('',*,*,#8077,.F.);
#8983 = PLANE('',#8984);
#8984 = AXIS2_PLACEMENT_3D('',#8985,#8986,#8987);
#8985 = CARTESIAN_POINT('',(10.25,0.25,-3.4));
#8986 = DIRECTION('',(0.,0.,1.));
#8987 = DIRECTION('',(-1.224646799147E-16,-1.,0.));
#8988 = ADVANCED_FACE('',(#8989),#9000,.T.);
#8989 = FACE_BOUND('',#8990,.F.);
#8990 = EDGE_LOOP('',(#8991,#8992,#8998,#8999));
#8991 = ORIENTED_EDGE('',*,*,#8215,.F.);
#8992 = ORIENTED_EDGE('',*,*,#8993,.T.);
#8993 = EDGE_CURVE('',#8208,#8160,#8994,.T.);
#8994 = LINE('',#8995,#8996);
#8995 = CARTESIAN_POINT('',(8.25,-5.E-02,-3.4));
#8996 = VECTOR('',#8997,1.);
#8997 = DIRECTION('',(-1.,1.224646799147E-16,0.));
#8998 = ORIENTED_EDGE('',*,*,#8167,.T.);
#8999 = ORIENTED_EDGE('',*,*,#8135,.F.);
#9000 = PLANE('',#9001);
#9001 = AXIS2_PLACEMENT_3D('',#9002,#9003,#9004);
#9002 = CARTESIAN_POINT('',(8.25,-0.15,-3.3));
#9003 = DIRECTION('',(-8.486018839685E-17,-0.707106781187,
    -0.707106781187));
#9004 = DIRECTION('',(1.,-1.212375546256E-16,1.227125289196E-18));
#9005 = ADVANCED_FACE('',(#9006),#9017,.T.);
#9006 = FACE_BOUND('',#9007,.T.);
#9007 = EDGE_LOOP('',(#9008,#9009,#9015,#9016));
#9008 = ORIENTED_EDGE('',*,*,#8199,.F.);
#9009 = ORIENTED_EDGE('',*,*,#9010,.T.);
#9010 = EDGE_CURVE('',#8200,#8152,#9011,.T.);
#9011 = LINE('',#9012,#9013);
#9012 = CARTESIAN_POINT('',(8.25,5.E-02,-3.4));
#9013 = VECTOR('',#9014,1.);
#9014 = DIRECTION('',(-1.,1.224646799147E-16,0.));
#9015 = ORIENTED_EDGE('',*,*,#8151,.T.);
#9016 = ORIENTED_EDGE('',*,*,#8185,.F.);
#9017 = PLANE('',#9018);
#9018 = AXIS2_PLACEMENT_3D('',#9019,#9020,#9021);
#9019 = CARTESIAN_POINT('',(8.25,0.15,-3.3));
#9020 = DIRECTION('',(8.486018839685E-17,0.707106781187,-0.707106781187)
  );
#9021 = DIRECTION('',(-1.,1.212375546256E-16,1.227125289196E-18));
#9022 = ADVANCED_FACE('',(#9023),#9029,.F.);
#9023 = FACE_BOUND('',#9024,.F.);
#9024 = EDGE_LOOP('',(#9025,#9026,#9027,#9028));
#9025 = ORIENTED_EDGE('',*,*,#9010,.T.);
#9026 = ORIENTED_EDGE('',*,*,#8159,.T.);
#9027 = ORIENTED_EDGE('',*,*,#8993,.F.);
#9028 = ORIENTED_EDGE('',*,*,#8207,.F.);
#9029 = PLANE('',#9030);
#9030 = AXIS2_PLACEMENT_3D('',#9031,#9032,#9033);
#9031 = CARTESIAN_POINT('',(8.25,0.25,-3.4));
#9032 = DIRECTION('',(0.,0.,1.));
#9033 = DIRECTION('',(-1.224646799147E-16,-1.,0.));
#9034 = ADVANCED_FACE('',(#9035),#9046,.T.);
#9035 = FACE_BOUND('',#9036,.F.);
#9036 = EDGE_LOOP('',(#9037,#9038,#9044,#9045));
#9037 = ORIENTED_EDGE('',*,*,#8280,.F.);
#9038 = ORIENTED_EDGE('',*,*,#9039,.T.);
#9039 = EDGE_CURVE('',#8273,#8338,#9040,.T.);
#9040 = LINE('',#9041,#9042);
#9041 = CARTESIAN_POINT('',(6.25,-5.E-02,-3.4));
#9042 = VECTOR('',#9043,1.);
#9043 = DIRECTION('',(-1.,1.224646799147E-16,0.));
#9044 = ORIENTED_EDGE('',*,*,#8345,.T.);
#9045 = ORIENTED_EDGE('',*,*,#8248,.F.);
#9046 = PLANE('',#9047);
#9047 = AXIS2_PLACEMENT_3D('',#9048,#9049,#9050);
#9048 = CARTESIAN_POINT('',(6.25,-0.15,-3.3));
#9049 = DIRECTION('',(-8.486018839685E-17,-0.707106781187,
    -0.707106781187));
#9050 = DIRECTION('',(1.,-1.212375546256E-16,1.227125289196E-18));
#9051 = ADVANCED_FACE('',(#9052),#9063,.T.);
#9052 = FACE_BOUND('',#9053,.T.);
#9053 = EDGE_LOOP('',(#9054,#9055,#9061,#9062));
#9054 = ORIENTED_EDGE('',*,*,#8264,.F.);
#9055 = ORIENTED_EDGE('',*,*,#9056,.T.);
#9056 = EDGE_CURVE('',#8265,#8330,#9057,.T.);
#9057 = LINE('',#9058,#9059);
#9058 = CARTESIAN_POINT('',(6.25,5.E-02,-3.4));
#9059 = VECTOR('',#9060,1.);
#9060 = DIRECTION('',(-1.,1.224646799147E-16,0.));
#9061 = ORIENTED_EDGE('',*,*,#8329,.T.);
#9062 = ORIENTED_EDGE('',*,*,#8303,.F.);
#9063 = PLANE('',#9064);
#9064 = AXIS2_PLACEMENT_3D('',#9065,#9066,#9067);
#9065 = CARTESIAN_POINT('',(6.25,0.15,-3.3));
#9066 = DIRECTION('',(8.486018839685E-17,0.707106781187,-0.707106781187)
  );
#9067 = DIRECTION('',(-1.,1.212375546256E-16,1.227125289196E-18));
#9068 = ADVANCED_FACE('',(#9069),#9075,.F.);
#9069 = FACE_BOUND('',#9070,.F.);
#9070 = EDGE_LOOP('',(#9071,#9072,#9073,#9074));
#9071 = ORIENTED_EDGE('',*,*,#9056,.T.);
#9072 = ORIENTED_EDGE('',*,*,#8337,.T.);
#9073 = ORIENTED_EDGE('',*,*,#9039,.F.);
#9074 = ORIENTED_EDGE('',*,*,#8272,.F.);
#9075 = PLANE('',#9076);
#9076 = AXIS2_PLACEMENT_3D('',#9077,#9078,#9079);
#9077 = CARTESIAN_POINT('',(6.25,0.25,-3.4));
#9078 = DIRECTION('',(0.,0.,1.));
#9079 = DIRECTION('',(-1.224646799147E-16,-1.,0.));
#9080 = ADVANCED_FACE('',(#9081),#9092,.T.);
#9081 = FACE_BOUND('',#9082,.F.);
#9082 = EDGE_LOOP('',(#9083,#9084,#9090,#9091));
#9083 = ORIENTED_EDGE('',*,*,#8475,.F.);
#9084 = ORIENTED_EDGE('',*,*,#9085,.T.);
#9085 = EDGE_CURVE('',#8468,#8403,#9086,.T.);
#9086 = LINE('',#9087,#9088);
#9087 = CARTESIAN_POINT('',(4.25,-5.E-02,-3.4));
#9088 = VECTOR('',#9089,1.);
#9089 = DIRECTION('',(-1.,1.224646799147E-16,0.));
#9090 = ORIENTED_EDGE('',*,*,#8410,.T.);
#9091 = ORIENTED_EDGE('',*,*,#8378,.F.);
#9092 = PLANE('',#9093);
#9093 = AXIS2_PLACEMENT_3D('',#9094,#9095,#9096);
#9094 = CARTESIAN_POINT('',(4.25,-0.15,-3.3));
#9095 = DIRECTION('',(-8.486018839685E-17,-0.707106781187,
    -0.707106781187));
#9096 = DIRECTION('',(1.,-1.212375546256E-16,1.227125289196E-18));
#9097 = ADVANCED_FACE('',(#9098),#9109,.T.);
#9098 = FACE_BOUND('',#9099,.T.);
#9099 = EDGE_LOOP('',(#9100,#9101,#9107,#9108));
#9100 = ORIENTED_EDGE('',*,*,#8459,.F.);
#9101 = ORIENTED_EDGE('',*,*,#9102,.T.);
#9102 = EDGE_CURVE('',#8460,#8395,#9103,.T.);
#9103 = LINE('',#9104,#9105);
#9104 = CARTESIAN_POINT('',(4.25,5.E-02,-3.4));
#9105 = VECTOR('',#9106,1.);
#9106 = DIRECTION('',(-1.,1.224646799147E-16,0.));
#9107 = ORIENTED_EDGE('',*,*,#8394,.T.);
#9108 = ORIENTED_EDGE('',*,*,#8433,.F.);
#9109 = PLANE('',#9110);
#9110 = AXIS2_PLACEMENT_3D('',#9111,#9112,#9113);
#9111 = CARTESIAN_POINT('',(4.25,0.15,-3.3));
#9112 = DIRECTION('',(8.486018839685E-17,0.707106781187,-0.707106781187)
  );
#9113 = DIRECTION('',(-1.,1.212375546256E-16,1.227125289196E-18));
#9114 = ADVANCED_FACE('',(#9115),#9121,.F.);
#9115 = FACE_BOUND('',#9116,.F.);
#9116 = EDGE_LOOP('',(#9117,#9118,#9119,#9120));
#9117 = ORIENTED_EDGE('',*,*,#9102,.T.);
#9118 = ORIENTED_EDGE('',*,*,#8402,.T.);
#9119 = ORIENTED_EDGE('',*,*,#9085,.F.);
#9120 = ORIENTED_EDGE('',*,*,#8467,.F.);
#9121 = PLANE('',#9122);
#9122 = AXIS2_PLACEMENT_3D('',#9123,#9124,#9125);
#9123 = CARTESIAN_POINT('',(4.25,0.25,-3.4));
#9124 = DIRECTION('',(0.,0.,1.));
#9125 = DIRECTION('',(-1.224646799147E-16,-1.,0.));
#9126 = ADVANCED_FACE('',(#9127),#9138,.T.);
#9127 = FACE_BOUND('',#9128,.F.);
#9128 = EDGE_LOOP('',(#9129,#9130,#9136,#9137));
#9129 = ORIENTED_EDGE('',*,*,#8605,.F.);
#9130 = ORIENTED_EDGE('',*,*,#9131,.T.);
#9131 = EDGE_CURVE('',#8598,#8533,#9132,.T.);
#9132 = LINE('',#9133,#9134);
#9133 = CARTESIAN_POINT('',(2.25,-5.E-02,-3.4));
#9134 = VECTOR('',#9135,1.);
#9135 = DIRECTION('',(-1.,1.224646799147E-16,0.));
#9136 = ORIENTED_EDGE('',*,*,#8540,.T.);
#9137 = ORIENTED_EDGE('',*,*,#8508,.F.);
#9138 = PLANE('',#9139);
#9139 = AXIS2_PLACEMENT_3D('',#9140,#9141,#9142);
#9140 = CARTESIAN_POINT('',(2.25,-0.15,-3.3));
#9141 = DIRECTION('',(-8.486018839685E-17,-0.707106781187,
    -0.707106781187));
#9142 = DIRECTION('',(1.,-1.212375546256E-16,1.227125289196E-18));
#9143 = ADVANCED_FACE('',(#9144),#9155,.T.);
#9144 = FACE_BOUND('',#9145,.T.);
#9145 = EDGE_LOOP('',(#9146,#9147,#9153,#9154));
#9146 = ORIENTED_EDGE('',*,*,#8589,.F.);
#9147 = ORIENTED_EDGE('',*,*,#9148,.T.);
#9148 = EDGE_CURVE('',#8590,#8525,#9149,.T.);
#9149 = LINE('',#9150,#9151);
#9150 = CARTESIAN_POINT('',(2.25,5.E-02,-3.4));
#9151 = VECTOR('',#9152,1.);
#9152 = DIRECTION('',(-1.,1.224646799147E-16,0.));
#9153 = ORIENTED_EDGE('',*,*,#8524,.T.);
#9154 = ORIENTED_EDGE('',*,*,#8563,.F.);
#9155 = PLANE('',#9156);
#9156 = AXIS2_PLACEMENT_3D('',#9157,#9158,#9159);
#9157 = CARTESIAN_POINT('',(2.25,0.15,-3.3));
#9158 = DIRECTION('',(8.486018839685E-17,0.707106781187,-0.707106781187)
  );
#9159 = DIRECTION('',(-1.,1.212375546256E-16,1.227125289196E-18));
#9160 = ADVANCED_FACE('',(#9161),#9167,.F.);
#9161 = FACE_BOUND('',#9162,.F.);
#9162 = EDGE_LOOP('',(#9163,#9164,#9165,#9166));
#9163 = ORIENTED_EDGE('',*,*,#9148,.T.);
#9164 = ORIENTED_EDGE('',*,*,#8532,.T.);
#9165 = ORIENTED_EDGE('',*,*,#9131,.F.);
#9166 = ORIENTED_EDGE('',*,*,#8597,.F.);
#9167 = PLANE('',#9168);
#9168 = AXIS2_PLACEMENT_3D('',#9169,#9170,#9171);
#9169 = CARTESIAN_POINT('',(2.25,0.25,-3.4));
#9170 = DIRECTION('',(0.,0.,1.));
#9171 = DIRECTION('',(-1.224646799147E-16,-1.,0.));
#9172 = ADVANCED_FACE('',(#9173),#9184,.T.);
#9173 = FACE_BOUND('',#9174,.F.);
#9174 = EDGE_LOOP('',(#9175,#9176,#9182,#9183));
#9175 = ORIENTED_EDGE('',*,*,#8837,.F.);
#9176 = ORIENTED_EDGE('',*,*,#9177,.T.);
#9177 = EDGE_CURVE('',#8830,#8732,#9178,.T.);
#9178 = LINE('',#9179,#9180);
#9179 = CARTESIAN_POINT('',(0.25,-5.E-02,-3.4));
#9180 = VECTOR('',#9181,1.);
#9181 = DIRECTION('',(-1.,1.224646799147E-16,0.));
#9182 = ORIENTED_EDGE('',*,*,#8739,.T.);
#9183 = ORIENTED_EDGE('',*,*,#8697,.F.);
#9184 = PLANE('',#9185);
#9185 = AXIS2_PLACEMENT_3D('',#9186,#9187,#9188);
#9186 = CARTESIAN_POINT('',(0.25,-0.165596257347,-3.301223703467));
#9187 = DIRECTION('',(-8.302774088379E-17,-0.64962967394,-0.760250805153
    ));
#9188 = DIRECTION('',(1.,-1.247195775152E-16,-2.638869166629E-18));
#9189 = ADVANCED_FACE('',(#9190),#9201,.T.);
#9190 = FACE_BOUND('',#9191,.T.);
#9191 = EDGE_LOOP('',(#9192,#9193,#9199,#9200));
#9192 = ORIENTED_EDGE('',*,*,#8821,.F.);
#9193 = ORIENTED_EDGE('',*,*,#9194,.T.);
#9194 = EDGE_CURVE('',#8822,#8722,#9195,.T.);
#9195 = LINE('',#9196,#9197);
#9196 = CARTESIAN_POINT('',(0.25,5.E-02,-3.4));
#9197 = VECTOR('',#9198,1.);
#9198 = DIRECTION('',(-1.,1.224646799147E-16,0.));
#9199 = ORIENTED_EDGE('',*,*,#8721,.T.);
#9200 = ORIENTED_EDGE('',*,*,#8770,.F.);
#9201 = PLANE('',#9202);
#9202 = AXIS2_PLACEMENT_3D('',#9203,#9204,#9205);
#9203 = CARTESIAN_POINT('',(0.25,0.134403742653,-3.301223703467));
#9204 = DIRECTION('',(9.136856246232E-17,0.760250805153,-0.64962967394)
  );
#9205 = DIRECTION('',(-1.,1.211454098155E-16,1.127308249542E-18));
#9206 = ADVANCED_FACE('',(#9207),#9213,.F.);
#9207 = FACE_BOUND('',#9208,.F.);
#9208 = EDGE_LOOP('',(#9209,#9210,#9211,#9212));
#9209 = ORIENTED_EDGE('',*,*,#8829,.F.);
#9210 = ORIENTED_EDGE('',*,*,#9194,.T.);
#9211 = ORIENTED_EDGE('',*,*,#8731,.T.);
#9212 = ORIENTED_EDGE('',*,*,#9177,.F.);
#9213 = PLANE('',#9214);
#9214 = AXIS2_PLACEMENT_3D('',#9215,#9216,#9217);
#9215 = CARTESIAN_POINT('',(0.25,0.25,-3.4));
#9216 = DIRECTION('',(0.,0.,1.));
#9217 = DIRECTION('',(-1.224646799147E-16,-1.,0.));
#9218 = ( GEOMETRIC_REPRESENTATION_CONTEXT(3) 
GLOBAL_UNCERTAINTY_ASSIGNED_CONTEXT((#9222)) 
GLOBAL_UNIT_ASSIGNED_CONTEXT((#9219,#9220,#9221)) REPRESENTATION_CONTEXT
('Context #1','3D Context with UNIT and UNCERTAINTY') );
#9219 = ( LENGTH_UNIT() NAMED_UNIT(*) SI_UNIT(.MILLI.,.METRE.) );
#9220 = ( NAMED_UNIT(*) PLANE_ANGLE_UNIT() SI_UNIT($,.RADIAN.) );
#9221 = ( NAMED_UNIT(*) SI_UNIT($,.STERADIAN.) SOLID_ANGLE_UNIT() );
#9222 = UNCERTAINTY_MEASURE_WITH_UNIT(LENGTH_MEASURE(1.E-07),#9219,
  'distance_accuracy_value','confusion accuracy');
#9223 = CONTEXT_DEPENDENT_SHAPE_REPRESENTATION(#9224,#9226);
#9224 = ( REPRESENTATION_RELATIONSHIP('','',#71,#48) 
REPRESENTATION_RELATIONSHIP_WITH_TRANSFORMATION(#9225) 
SHAPE_REPRESENTATION_RELATIONSHIP() );
#9225 = ITEM_DEFINED_TRANSFORMATION('','',#11,#49);
#9226 = PRODUCT_DEFINITION_SHAPE('Placement','Placement of an item',
  #9227);
#9227 = NEXT_ASSEMBLY_USAGE_OCCURRENCE('1','=>[0:1:1:3]','',#43,#66,$);
#9228 = PRODUCT_RELATED_PRODUCT_CATEGORY('part',$,(#68));
#9229 = SHAPE_DEFINITION_REPRESENTATION(#9230,#9236);
#9230 = PRODUCT_DEFINITION_SHAPE('','',#9231);
#9231 = PRODUCT_DEFINITION('design','',#9232,#9235);
#9232 = PRODUCT_DEFINITION_FORMATION('','',#9233);
#9233 = PRODUCT('JST_PH_S2B-PH-K_1x02_P2.00mm_Horizontal',
  'JST_PH_S2B-PH-K_1x02_P2.00mm_Horizontal','',(#9234));
#9234 = PRODUCT_CONTEXT('',#2,'mechanical');
#9235 = PRODUCT_DEFINITION_CONTEXT('part definition',#2,'design');
#9236 = SHAPE_REPRESENTATION('',(#11,#9237),#9241);
#9237 = AXIS2_PLACEMENT_3D('',#9238,#9239,#9240);
#9238 = CARTESIAN_POINT('',(0.,0.,0.));
#9239 = DIRECTION('',(0.,0.,1.));
#9240 = DIRECTION('',(1.,0.,-0.));
#9241 = ( GEOMETRIC_REPRESENTATION_CONTEXT(3) 
GLOBAL_UNCERTAINTY_ASSIGNED_CONTEXT((#9245)) 
GLOBAL_UNIT_ASSIGNED_CONTEXT((#9242,#9243,#9244)) REPRESENTATION_CONTEXT
('Context #1','3D Context with UNIT and UNCERTAINTY') );
#9242 = ( LENGTH_UNIT() NAMED_UNIT(*) SI_UNIT(.MILLI.,.METRE.) );
#9243 = ( NAMED_UNIT(*) PLANE_ANGLE_UNIT() SI_UNIT($,.RADIAN.) );
#9244 = ( NAMED_UNIT(*) SI_UNIT($,.STERADIAN.) SOLID_ANGLE_UNIT() );
#9245 = UNCERTAINTY_MEASURE_WITH_UNIT(LENGTH_MEASURE(1.E-07),#9242,
  'distance_accuracy_value','confusion accuracy');
#9246 = CONTEXT_DEPENDENT_SHAPE_REPRESENTATION(#9247,#9249);
#9247 = ( REPRESENTATION_RELATIONSHIP('','',#9236,#10) 
REPRESENTATION_RELATIONSHIP_WITH_TRANSFORMATION(#9248) 
SHAPE_REPRESENTATION_RELATIONSHIP() );
#9248 = ITEM_DEFINED_TRANSFORMATION('','',#11,#19);
#9249 = PRODUCT_DEFINITION_SHAPE('Placement','Placement of an item',
  #9250);
#9250 = NEXT_ASSEMBLY_USAGE_OCCURRENCE('4','BT1','',#5,#9231,$);
#9251 = PRODUCT_RELATED_PRODUCT_CATEGORY('part',$,(#9233));
#9252 = SHAPE_DEFINITION_REPRESENTATION(#9253,#9259);
#9253 = PRODUCT_DEFINITION_SHAPE('','',#9254);
#9254 = PRODUCT_DEFINITION('design','',#9255,#9258);
#9255 = PRODUCT_DEFINITION_FORMATION('','',#9256);
#9256 = PRODUCT('JST_S2B_PH_K','JST_S2B_PH_K','',(#9257));
#9257 = PRODUCT_CONTEXT('',#2,'mechanical');
#9258 = PRODUCT_DEFINITION_CONTEXT('part definition',#2,'design');
#9259 = ADVANCED_BREP_SHAPE_REPRESENTATION('',(#11,#9260),#12754);
#9260 = MANIFOLD_SOLID_BREP('',#9261);
#9261 = CLOSED_SHELL('',(#9262,#9302,#9382,#9470,#9527,#9544,#9568,#9592
    ,#9616,#9672,#9808,#9839,#9851,#9937,#9951,#10007,#10064,#10088,
    #10161,#10185,#10218,#10329,#10446,#10486,#10517,#10535,#10552,
    #10570,#10596,#10627,#10644,#10677,#10717,#10740,#10789,#10813,
    #10860,#10877,#10894,#10906,#10953,#10984,#11001,#11018,#11042,
    #11066,#11083,#11100,#11112,#11129,#11141,#11165,#11183,#11195,
    #11209,#11240,#11264,#11288,#11305,#11336,#11360,#11384,#11401,
    #11447,#11493,#11510,#11522,#11553,#11577,#11601,#11618,#11649,
    #11673,#11697,#11714,#11811,#11835,#11925,#11942,#12039,#12063,
    #12153,#12170,#12182,#12194,#12211,#12228,#12245,#12278,#12318,
    #12349,#12366,#12383,#12395,#12428,#12445,#12462,#12479,#12512,
    #12552,#12583,#12600,#12617,#12629,#12662,#12679,#12696,#12708,
    #12725,#12742));
#9262 = ADVANCED_FACE('',(#9263),#9297,.T.);
#9263 = FACE_BOUND('',#9264,.T.);
#9264 = EDGE_LOOP('',(#9265,#9275,#9283,#9291));
#9265 = ORIENTED_EDGE('',*,*,#9266,.F.);
#9266 = EDGE_CURVE('',#9267,#9269,#9271,.T.);
#9267 = VERTEX_POINT('',#9268);
#9268 = CARTESIAN_POINT('',(3.95,-4.65,2.5));
#9269 = VERTEX_POINT('',#9270);
#9270 = CARTESIAN_POINT('',(3.95,-6.25,2.5));
#9271 = LINE('',#9272,#9273);
#9272 = CARTESIAN_POINT('',(3.95,-4.65,2.5));
#9273 = VECTOR('',#9274,1.);
#9274 = DIRECTION('',(-1.224646799147E-16,-1.,1.110223024625E-16));
#9275 = ORIENTED_EDGE('',*,*,#9276,.T.);
#9276 = EDGE_CURVE('',#9267,#9277,#9279,.T.);
#9277 = VERTEX_POINT('',#9278);
#9278 = CARTESIAN_POINT('',(3.45,-4.65,2.5));
#9279 = LINE('',#9280,#9281);
#9280 = CARTESIAN_POINT('',(3.95,-4.65,2.5));
#9281 = VECTOR('',#9282,1.);
#9282 = DIRECTION('',(-1.,1.224646799147E-16,0.));
#9283 = ORIENTED_EDGE('',*,*,#9284,.T.);
#9284 = EDGE_CURVE('',#9277,#9285,#9287,.T.);
#9285 = VERTEX_POINT('',#9286);
#9286 = CARTESIAN_POINT('',(3.45,-6.25,2.5));
#9287 = LINE('',#9288,#9289);
#9288 = CARTESIAN_POINT('',(3.45,-5.45,2.5));
#9289 = VECTOR('',#9290,1.);
#9290 = DIRECTION('',(-1.224646799147E-16,-1.,1.110223024625E-16));
#9291 = ORIENTED_EDGE('',*,*,#9292,.F.);
#9292 = EDGE_CURVE('',#9269,#9285,#9293,.T.);
#9293 = LINE('',#9294,#9295);
#9294 = CARTESIAN_POINT('',(3.95,-6.25,2.5));
#9295 = VECTOR('',#9296,1.);
#9296 = DIRECTION('',(-1.,1.224646799147E-16,0.));
#9297 = PLANE('',#9298);
#9298 = AXIS2_PLACEMENT_3D('',#9299,#9300,#9301);
#9299 = CARTESIAN_POINT('',(3.95,-4.65,2.5));
#9300 = DIRECTION('',(1.359631073447E-32,1.110223024625E-16,1.));
#9301 = DIRECTION('',(-1.224646799147E-16,-1.,1.110223024625E-16));
#9302 = ADVANCED_FACE('',(#9303),#9377,.T.);
#9303 = FACE_BOUND('',#9304,.T.);
#9304 = EDGE_LOOP('',(#9305,#9313,#9321,#9329,#9337,#9345,#9353,#9361,
    #9369,#9376));
#9305 = ORIENTED_EDGE('',*,*,#9306,.F.);
#9306 = EDGE_CURVE('',#9307,#9269,#9309,.T.);
#9307 = VERTEX_POINT('',#9308);
#9308 = CARTESIAN_POINT('',(3.95,-6.25,0.));
#9309 = LINE('',#9310,#9311);
#9310 = CARTESIAN_POINT('',(3.95,-6.25,0.3));
#9311 = VECTOR('',#9312,1.);
#9312 = DIRECTION('',(1.359631073447E-32,1.110223024625E-16,1.));
#9313 = ORIENTED_EDGE('',*,*,#9314,.F.);
#9314 = EDGE_CURVE('',#9315,#9307,#9317,.T.);
#9315 = VERTEX_POINT('',#9316);
#9316 = CARTESIAN_POINT('',(3.95,1.35,0.));
#9317 = LINE('',#9318,#9319);
#9318 = CARTESIAN_POINT('',(3.95,1.35,0.));
#9319 = VECTOR('',#9320,1.);
#9320 = DIRECTION('',(-1.224646799147E-16,-1.,0.));
#9321 = ORIENTED_EDGE('',*,*,#9322,.F.);
#9322 = EDGE_CURVE('',#9323,#9315,#9325,.T.);
#9323 = VERTEX_POINT('',#9324);
#9324 = CARTESIAN_POINT('',(3.95,1.35,3.2));
#9325 = LINE('',#9326,#9327);
#9326 = CARTESIAN_POINT('',(3.95,1.35,3.2));
#9327 = VECTOR('',#9328,1.);
#9328 = DIRECTION('',(-0.,0.,-1.));
#9329 = ORIENTED_EDGE('',*,*,#9330,.F.);
#9330 = EDGE_CURVE('',#9331,#9323,#9333,.T.);
#9331 = VERTEX_POINT('',#9332);
#9332 = CARTESIAN_POINT('',(3.95,-0.25,4.1));
#9333 = LINE('',#9334,#9335);
#9334 = CARTESIAN_POINT('',(3.95,-0.25,4.1));
#9335 = VECTOR('',#9336,1.);
#9336 = DIRECTION('',(1.067372191754E-16,0.871575537124,-0.490261239633)
  );
#9337 = ORIENTED_EDGE('',*,*,#9338,.T.);
#9338 = EDGE_CURVE('',#9331,#9339,#9341,.T.);
#9339 = VERTEX_POINT('',#9340);
#9340 = CARTESIAN_POINT('',(3.95,-0.25,4.8));
#9341 = LINE('',#9342,#9343);
#9342 = CARTESIAN_POINT('',(3.95,-0.25,0.3));
#9343 = VECTOR('',#9344,1.);
#9344 = DIRECTION('',(1.359631073447E-32,1.110223024625E-16,1.));
#9345 = ORIENTED_EDGE('',*,*,#9346,.T.);
#9346 = EDGE_CURVE('',#9339,#9347,#9349,.T.);
#9347 = VERTEX_POINT('',#9348);
#9348 = CARTESIAN_POINT('',(3.95,-6.25,4.8));
#9349 = LINE('',#9350,#9351);
#9350 = CARTESIAN_POINT('',(3.95,-0.25,4.8));
#9351 = VECTOR('',#9352,1.);
#9352 = DIRECTION('',(-1.224646799147E-16,-1.,1.110223024625E-16));
#9353 = ORIENTED_EDGE('',*,*,#9354,.F.);
#9354 = EDGE_CURVE('',#9355,#9347,#9357,.T.);
#9355 = VERTEX_POINT('',#9356);
#9356 = CARTESIAN_POINT('',(3.95,-6.25,3.3));
#9357 = LINE('',#9358,#9359);
#9358 = CARTESIAN_POINT('',(3.95,-6.25,0.3));
#9359 = VECTOR('',#9360,1.);
#9360 = DIRECTION('',(1.359631073447E-32,1.110223024625E-16,1.));
#9361 = ORIENTED_EDGE('',*,*,#9362,.T.);
#9362 = EDGE_CURVE('',#9355,#9363,#9365,.T.);
#9363 = VERTEX_POINT('',#9364);
#9364 = CARTESIAN_POINT('',(3.95,-4.65,3.3));
#9365 = LINE('',#9366,#9367);
#9366 = CARTESIAN_POINT('',(3.95,-6.25,3.3));
#9367 = VECTOR('',#9368,1.);
#9368 = DIRECTION('',(1.224646799147E-16,1.,-1.110223024625E-16));
#9369 = ORIENTED_EDGE('',*,*,#9370,.T.);
#9370 = EDGE_CURVE('',#9363,#9267,#9371,.T.);
#9371 = CIRCLE('',#9372,0.4);
#9372 = AXIS2_PLACEMENT_3D('',#9373,#9374,#9375);
#9373 = CARTESIAN_POINT('',(3.95,-4.65,2.9));
#9374 = DIRECTION('',(-1.,1.224646799147E-16,0.));
#9375 = DIRECTION('',(1.359631073446E-32,1.110223024625E-16,1.));
#9376 = ORIENTED_EDGE('',*,*,#9266,.T.);
#9377 = PLANE('',#9378);
#9378 = AXIS2_PLACEMENT_3D('',#9379,#9380,#9381);
#9379 = CARTESIAN_POINT('',(3.95,-2.909897467985,2.368621550033));
#9380 = DIRECTION('',(1.,-1.224646799147E-16,-3.096025220137E-32));
#9381 = DIRECTION('',(-3.096025220137E-32,3.79153737592E-48,-1.));
#9382 = ADVANCED_FACE('',(#9383),#9465,.T.);
#9383 = FACE_BOUND('',#9384,.T.);
#9384 = EDGE_LOOP('',(#9385,#9395,#9403,#9409,#9410,#9411,#9419,#9427,
    #9435,#9443,#9451,#9459));
#9385 = ORIENTED_EDGE('',*,*,#9386,.T.);
#9386 = EDGE_CURVE('',#9387,#9389,#9391,.T.);
#9387 = VERTEX_POINT('',#9388);
#9388 = CARTESIAN_POINT('',(-0.95,-6.25,0.3));
#9389 = VERTEX_POINT('',#9390);
#9390 = CARTESIAN_POINT('',(2.95,-6.25,0.3));
#9391 = LINE('',#9392,#9393);
#9392 = CARTESIAN_POINT('',(-1.95,-6.25,0.3));
#9393 = VECTOR('',#9394,1.);
#9394 = DIRECTION('',(1.,-1.224646799147E-16,0.));
#9395 = ORIENTED_EDGE('',*,*,#9396,.F.);
#9396 = EDGE_CURVE('',#9397,#9389,#9399,.T.);
#9397 = VERTEX_POINT('',#9398);
#9398 = CARTESIAN_POINT('',(2.95,-6.25,0.));
#9399 = LINE('',#9400,#9401);
#9400 = CARTESIAN_POINT('',(2.95,-6.25,0.));
#9401 = VECTOR('',#9402,1.);
#9402 = DIRECTION('',(0.,0.,1.));
#9403 = ORIENTED_EDGE('',*,*,#9404,.F.);
#9404 = EDGE_CURVE('',#9307,#9397,#9405,.T.);
#9405 = LINE('',#9406,#9407);
#9406 = CARTESIAN_POINT('',(3.95,-6.25,0.));
#9407 = VECTOR('',#9408,1.);
#9408 = DIRECTION('',(-1.,1.224646799147E-16,0.));
#9409 = ORIENTED_EDGE('',*,*,#9306,.T.);
#9410 = ORIENTED_EDGE('',*,*,#9292,.T.);
#9411 = ORIENTED_EDGE('',*,*,#9412,.F.);
#9412 = EDGE_CURVE('',#9413,#9285,#9415,.T.);
#9413 = VERTEX_POINT('',#9414);
#9414 = CARTESIAN_POINT('',(3.45,-6.25,0.8));
#9415 = LINE('',#9416,#9417);
#9416 = CARTESIAN_POINT('',(3.45,-6.25,0.8));
#9417 = VECTOR('',#9418,1.);
#9418 = DIRECTION('',(1.359631073447E-32,1.110223024625E-16,1.));
#9419 = ORIENTED_EDGE('',*,*,#9420,.F.);
#9420 = EDGE_CURVE('',#9421,#9413,#9423,.T.);
#9421 = VERTEX_POINT('',#9422);
#9422 = CARTESIAN_POINT('',(-1.45,-6.25,0.8));
#9423 = LINE('',#9424,#9425);
#9424 = CARTESIAN_POINT('',(-1.45,-6.25,0.8));
#9425 = VECTOR('',#9426,1.);
#9426 = DIRECTION('',(1.,-1.224646799147E-16,0.));
#9427 = ORIENTED_EDGE('',*,*,#9428,.F.);
#9428 = EDGE_CURVE('',#9429,#9421,#9431,.T.);
#9429 = VERTEX_POINT('',#9430);
#9430 = CARTESIAN_POINT('',(-1.45,-6.25,2.5));
#9431 = LINE('',#9432,#9433);
#9432 = CARTESIAN_POINT('',(-1.45,-6.25,4.2));
#9433 = VECTOR('',#9434,1.);
#9434 = DIRECTION('',(-1.359631073447E-32,-1.110223024625E-16,-1.));
#9435 = ORIENTED_EDGE('',*,*,#9436,.T.);
#9436 = EDGE_CURVE('',#9429,#9437,#9439,.T.);
#9437 = VERTEX_POINT('',#9438);
#9438 = CARTESIAN_POINT('',(-1.95,-6.25,2.5));
#9439 = LINE('',#9440,#9441);
#9440 = CARTESIAN_POINT('',(3.95,-6.25,2.5));
#9441 = VECTOR('',#9442,1.);
#9442 = DIRECTION('',(-1.,1.224646799147E-16,0.));
#9443 = ORIENTED_EDGE('',*,*,#9444,.T.);
#9444 = EDGE_CURVE('',#9437,#9445,#9447,.T.);
#9445 = VERTEX_POINT('',#9446);
#9446 = CARTESIAN_POINT('',(-1.95,-6.25,0.));
#9447 = LINE('',#9448,#9449);
#9448 = CARTESIAN_POINT('',(-1.95,-6.25,4.8));
#9449 = VECTOR('',#9450,1.);
#9450 = DIRECTION('',(-1.359631073447E-32,-1.110223024625E-16,-1.));
#9451 = ORIENTED_EDGE('',*,*,#9452,.F.);
#9452 = EDGE_CURVE('',#9453,#9445,#9455,.T.);
#9453 = VERTEX_POINT('',#9454);
#9454 = CARTESIAN_POINT('',(-0.95,-6.25,0.));
#9455 = LINE('',#9456,#9457);
#9456 = CARTESIAN_POINT('',(-0.95,-6.25,0.));
#9457 = VECTOR('',#9458,1.);
#9458 = DIRECTION('',(-1.,1.224646799147E-16,0.));
#9459 = ORIENTED_EDGE('',*,*,#9460,.T.);
#9460 = EDGE_CURVE('',#9453,#9387,#9461,.T.);
#9461 = LINE('',#9462,#9463);
#9462 = CARTESIAN_POINT('',(-0.95,-6.25,0.));
#9463 = VECTOR('',#9464,1.);
#9464 = DIRECTION('',(0.,0.,1.));
#9465 = PLANE('',#9466);
#9466 = AXIS2_PLACEMENT_3D('',#9467,#9468,#9469);
#9467 = CARTESIAN_POINT('',(1.,-6.25,0.939423076923));
#9468 = DIRECTION('',(-1.224646799147E-16,-1.,-4.111705995194E-31));
#9469 = DIRECTION('',(-5.03538758605E-47,-4.111705995194E-31,1.));
#9470 = ADVANCED_FACE('',(#9471),#9522,.F.);
#9471 = FACE_BOUND('',#9472,.F.);
#9472 = EDGE_LOOP('',(#9473,#9474,#9482,#9490,#9498,#9506,#9514,#9521));
#9473 = ORIENTED_EDGE('',*,*,#9412,.F.);
#9474 = ORIENTED_EDGE('',*,*,#9475,.T.);
#9475 = EDGE_CURVE('',#9413,#9476,#9478,.T.);
#9476 = VERTEX_POINT('',#9477);
#9477 = CARTESIAN_POINT('',(3.45,-2.05,0.8));
#9478 = LINE('',#9479,#9480);
#9479 = CARTESIAN_POINT('',(3.45,-6.25,0.8));
#9480 = VECTOR('',#9481,1.);
#9481 = DIRECTION('',(1.224646799147E-16,1.,-1.110223024625E-16));
#9482 = ORIENTED_EDGE('',*,*,#9483,.T.);
#9483 = EDGE_CURVE('',#9476,#9484,#9486,.T.);
#9484 = VERTEX_POINT('',#9485);
#9485 = CARTESIAN_POINT('',(3.45,-2.05,4.2));
#9486 = LINE('',#9487,#9488);
#9487 = CARTESIAN_POINT('',(3.45,-2.05,0.8));
#9488 = VECTOR('',#9489,1.);
#9489 = DIRECTION('',(1.359631073447E-32,1.110223024625E-16,1.));
#9490 = ORIENTED_EDGE('',*,*,#9491,.F.);
#9491 = EDGE_CURVE('',#9492,#9484,#9494,.T.);
#9492 = VERTEX_POINT('',#9493);
#9493 = CARTESIAN_POINT('',(3.45,-6.25,4.2));
#9494 = LINE('',#9495,#9496);
#9495 = CARTESIAN_POINT('',(3.45,-6.25,4.2));
#9496 = VECTOR('',#9497,1.);
#9497 = DIRECTION('',(1.224646799147E-16,1.,-1.110223024625E-16));
#9498 = ORIENTED_EDGE('',*,*,#9499,.F.);
#9499 = EDGE_CURVE('',#9500,#9492,#9502,.T.);
#9500 = VERTEX_POINT('',#9501);
#9501 = CARTESIAN_POINT('',(3.45,-6.25,3.3));
#9502 = LINE('',#9503,#9504);
#9503 = CARTESIAN_POINT('',(3.45,-6.25,0.8));
#9504 = VECTOR('',#9505,1.);
#9505 = DIRECTION('',(1.359631073447E-32,1.110223024625E-16,1.));
#9506 = ORIENTED_EDGE('',*,*,#9507,.T.);
#9507 = EDGE_CURVE('',#9500,#9508,#9510,.T.);
#9508 = VERTEX_POINT('',#9509);
#9509 = CARTESIAN_POINT('',(3.45,-4.65,3.3));
#9510 = LINE('',#9511,#9512);
#9511 = CARTESIAN_POINT('',(3.45,-6.25,3.3));
#9512 = VECTOR('',#9513,1.);
#9513 = DIRECTION('',(1.224646799147E-16,1.,-1.110223024625E-16));
#9514 = ORIENTED_EDGE('',*,*,#9515,.F.);
#9515 = EDGE_CURVE('',#9277,#9508,#9516,.T.);
#9516 = CIRCLE('',#9517,0.4);
#9517 = AXIS2_PLACEMENT_3D('',#9518,#9519,#9520);
#9518 = CARTESIAN_POINT('',(3.45,-4.65,2.9));
#9519 = DIRECTION('',(1.,-1.224646799147E-16,0.));
#9520 = DIRECTION('',(1.359631073446E-32,1.110223024625E-16,1.));
#9521 = ORIENTED_EDGE('',*,*,#9284,.T.);
#9522 = PLANE('',#9523);
#9523 = AXIS2_PLACEMENT_3D('',#9524,#9525,#9526);
#9524 = CARTESIAN_POINT('',(3.45,-6.25,0.8));
#9525 = DIRECTION('',(1.,-1.224646799147E-16,0.));
#9526 = DIRECTION('',(1.359631073446E-32,1.110223024625E-16,1.));
#9527 = ADVANCED_FACE('',(#9528),#9539,.F.);
#9528 = FACE_BOUND('',#9529,.F.);
#9529 = EDGE_LOOP('',(#9530,#9531,#9532,#9538));
#9530 = ORIENTED_EDGE('',*,*,#9276,.T.);
#9531 = ORIENTED_EDGE('',*,*,#9515,.T.);
#9532 = ORIENTED_EDGE('',*,*,#9533,.F.);
#9533 = EDGE_CURVE('',#9363,#9508,#9534,.T.);
#9534 = LINE('',#9535,#9536);
#9535 = CARTESIAN_POINT('',(3.95,-4.65,3.3));
#9536 = VECTOR('',#9537,1.);
#9537 = DIRECTION('',(-1.,1.224646799147E-16,0.));
#9538 = ORIENTED_EDGE('',*,*,#9370,.T.);
#9539 = CYLINDRICAL_SURFACE('',#9540,0.4);
#9540 = AXIS2_PLACEMENT_3D('',#9541,#9542,#9543);
#9541 = CARTESIAN_POINT('',(3.95,-4.65,2.9));
#9542 = DIRECTION('',(1.,-1.224646799147E-16,0.));
#9543 = DIRECTION('',(1.359631073446E-32,1.110223024625E-16,1.));
#9544 = ADVANCED_FACE('',(#9545),#9563,.F.);
#9545 = FACE_BOUND('',#9546,.F.);
#9546 = EDGE_LOOP('',(#9547,#9555,#9561,#9562));
#9547 = ORIENTED_EDGE('',*,*,#9548,.T.);
#9548 = EDGE_CURVE('',#9315,#9549,#9551,.T.);
#9549 = VERTEX_POINT('',#9550);
#9550 = CARTESIAN_POINT('',(2.95,1.35,0.));
#9551 = LINE('',#9552,#9553);
#9552 = CARTESIAN_POINT('',(3.95,1.35,0.));
#9553 = VECTOR('',#9554,1.);
#9554 = DIRECTION('',(-1.,1.224646799147E-16,0.));
#9555 = ORIENTED_EDGE('',*,*,#9556,.T.);
#9556 = EDGE_CURVE('',#9549,#9397,#9557,.T.);
#9557 = LINE('',#9558,#9559);
#9558 = CARTESIAN_POINT('',(2.95,1.35,0.));
#9559 = VECTOR('',#9560,1.);
#9560 = DIRECTION('',(-1.224646799147E-16,-1.,0.));
#9561 = ORIENTED_EDGE('',*,*,#9404,.F.);
#9562 = ORIENTED_EDGE('',*,*,#9314,.F.);
#9563 = PLANE('',#9564);
#9564 = AXIS2_PLACEMENT_3D('',#9565,#9566,#9567);
#9565 = CARTESIAN_POINT('',(3.95,1.35,0.));
#9566 = DIRECTION('',(0.,0.,1.));
#9567 = DIRECTION('',(-1.224646799147E-16,-1.,0.));
#9568 = ADVANCED_FACE('',(#9569),#9587,.F.);
#9569 = FACE_BOUND('',#9570,.F.);
#9570 = EDGE_LOOP('',(#9571,#9579,#9585,#9586));
#9571 = ORIENTED_EDGE('',*,*,#9572,.T.);
#9572 = EDGE_CURVE('',#9323,#9573,#9575,.T.);
#9573 = VERTEX_POINT('',#9574);
#9574 = CARTESIAN_POINT('',(2.95,1.35,3.2));
#9575 = LINE('',#9576,#9577);
#9576 = CARTESIAN_POINT('',(3.95,1.35,3.2));
#9577 = VECTOR('',#9578,1.);
#9578 = DIRECTION('',(-1.,1.224646799147E-16,0.));
#9579 = ORIENTED_EDGE('',*,*,#9580,.T.);
#9580 = EDGE_CURVE('',#9573,#9549,#9581,.T.);
#9581 = LINE('',#9582,#9583);
#9582 = CARTESIAN_POINT('',(2.95,1.35,3.2));
#9583 = VECTOR('',#9584,1.);
#9584 = DIRECTION('',(-0.,0.,-1.));
#9585 = ORIENTED_EDGE('',*,*,#9548,.F.);
#9586 = ORIENTED_EDGE('',*,*,#9322,.F.);
#9587 = PLANE('',#9588);
#9588 = AXIS2_PLACEMENT_3D('',#9589,#9590,#9591);
#9589 = CARTESIAN_POINT('',(3.95,1.35,3.2));
#9590 = DIRECTION('',(-1.224646799147E-16,-1.,0.));
#9591 = DIRECTION('',(-0.,0.,-1.));
#9592 = ADVANCED_FACE('',(#9593),#9611,.F.);
#9593 = FACE_BOUND('',#9594,.F.);
#9594 = EDGE_LOOP('',(#9595,#9603,#9609,#9610));
#9595 = ORIENTED_EDGE('',*,*,#9596,.T.);
#9596 = EDGE_CURVE('',#9331,#9597,#9599,.T.);
#9597 = VERTEX_POINT('',#9598);
#9598 = CARTESIAN_POINT('',(2.95,-0.25,4.1));
#9599 = LINE('',#9600,#9601);
#9600 = CARTESIAN_POINT('',(3.95,-0.25,4.1));
#9601 = VECTOR('',#9602,1.);
#9602 = DIRECTION('',(-1.,1.224646799147E-16,0.));
#9603 = ORIENTED_EDGE('',*,*,#9604,.T.);
#9604 = EDGE_CURVE('',#9597,#9573,#9605,.T.);
#9605 = LINE('',#9606,#9607);
#9606 = CARTESIAN_POINT('',(2.95,-0.25,4.1));
#9607 = VECTOR('',#9608,1.);
#9608 = DIRECTION('',(1.067372191754E-16,0.871575537124,-0.490261239633)
  );
#9609 = ORIENTED_EDGE('',*,*,#9572,.F.);
#9610 = ORIENTED_EDGE('',*,*,#9330,.F.);
#9611 = PLANE('',#9612);
#9612 = AXIS2_PLACEMENT_3D('',#9613,#9614,#9615);
#9613 = CARTESIAN_POINT('',(3.95,-0.25,4.1));
#9614 = DIRECTION('',(-6.003968578616E-17,-0.490261239633,
    -0.871575537124));
#9615 = DIRECTION('',(1.067372191754E-16,0.871575537124,-0.490261239633)
  );
#9616 = ADVANCED_FACE('',(#9617),#9667,.F.);
#9617 = FACE_BOUND('',#9618,.F.);
#9618 = EDGE_LOOP('',(#9619,#9629,#9637,#9643,#9644,#9645,#9653,#9661));
#9619 = ORIENTED_EDGE('',*,*,#9620,.F.);
#9620 = EDGE_CURVE('',#9621,#9623,#9625,.T.);
#9621 = VERTEX_POINT('',#9622);
#9622 = CARTESIAN_POINT('',(2.75,-0.25,0.3));
#9623 = VERTEX_POINT('',#9624);
#9624 = CARTESIAN_POINT('',(2.75,-0.25,4.2));
#9625 = LINE('',#9626,#9627);
#9626 = CARTESIAN_POINT('',(2.75,-0.25,0.3));
#9627 = VECTOR('',#9628,1.);
#9628 = DIRECTION('',(1.359631073447E-32,1.110223024625E-16,1.));
#9629 = ORIENTED_EDGE('',*,*,#9630,.T.);
#9630 = EDGE_CURVE('',#9621,#9631,#9633,.T.);
#9631 = VERTEX_POINT('',#9632);
#9632 = CARTESIAN_POINT('',(2.95,-0.25,0.3));
#9633 = LINE('',#9634,#9635);
#9634 = CARTESIAN_POINT('',(-1.95,-0.25,0.3));
#9635 = VECTOR('',#9636,1.);
#9636 = DIRECTION('',(1.,-1.224646799147E-16,0.));
#9637 = ORIENTED_EDGE('',*,*,#9638,.T.);
#9638 = EDGE_CURVE('',#9631,#9597,#9639,.T.);
#9639 = LINE('',#9640,#9641);
#9640 = CARTESIAN_POINT('',(2.95,-0.25,0.3));
#9641 = VECTOR('',#9642,1.);
#9642 = DIRECTION('',(0.,0.,1.));
#9643 = ORIENTED_EDGE('',*,*,#9596,.F.);
#9644 = ORIENTED_EDGE('',*,*,#9338,.T.);
#9645 = ORIENTED_EDGE('',*,*,#9646,.T.);
#9646 = EDGE_CURVE('',#9339,#9647,#9649,.T.);
#9647 = VERTEX_POINT('',#9648);
#9648 = CARTESIAN_POINT('',(3.4,-0.25,4.8));
#9649 = LINE('',#9650,#9651);
#9650 = CARTESIAN_POINT('',(3.95,-0.25,4.8));
#9651 = VECTOR('',#9652,1.);
#9652 = DIRECTION('',(-1.,1.224646799147E-16,0.));
#9653 = ORIENTED_EDGE('',*,*,#9654,.T.);
#9654 = EDGE_CURVE('',#9647,#9655,#9657,.T.);
#9655 = VERTEX_POINT('',#9656);
#9656 = CARTESIAN_POINT('',(3.4,-0.25,4.2));
#9657 = LINE('',#9658,#9659);
#9658 = CARTESIAN_POINT('',(3.4,-0.25,4.8));
#9659 = VECTOR('',#9660,1.);
#9660 = DIRECTION('',(-1.359631073447E-32,-1.110223024625E-16,-1.));
#9661 = ORIENTED_EDGE('',*,*,#9662,.T.);
#9662 = EDGE_CURVE('',#9655,#9623,#9663,.T.);
#9663 = LINE('',#9664,#9665);
#9664 = CARTESIAN_POINT('',(3.4,-0.25,4.2));
#9665 = VECTOR('',#9666,1.);
#9666 = DIRECTION('',(-1.,1.224646799147E-16,0.));
#9667 = PLANE('',#9668);
#9668 = AXIS2_PLACEMENT_3D('',#9669,#9670,#9671);
#9669 = CARTESIAN_POINT('',(1.,-0.25,2.55));
#9670 = DIRECTION('',(-1.224646799147E-16,-1.,1.110223024625E-16));
#9671 = DIRECTION('',(-1.,1.224646799147E-16,0.));
#9672 = ADVANCED_FACE('',(#9673),#9803,.F.);
#9673 = FACE_BOUND('',#9674,.F.);
#9674 = EDGE_LOOP('',(#9675,#9676,#9677,#9685,#9693,#9701,#9709,#9717,
    #9725,#9733,#9741,#9749,#9757,#9765,#9773,#9781,#9789,#9797));
#9675 = ORIENTED_EDGE('',*,*,#9646,.F.);
#9676 = ORIENTED_EDGE('',*,*,#9346,.T.);
#9677 = ORIENTED_EDGE('',*,*,#9678,.T.);
#9678 = EDGE_CURVE('',#9347,#9679,#9681,.T.);
#9679 = VERTEX_POINT('',#9680);
#9680 = CARTESIAN_POINT('',(1.45,-6.25,4.8));
#9681 = LINE('',#9682,#9683);
#9682 = CARTESIAN_POINT('',(3.95,-6.25,4.8));
#9683 = VECTOR('',#9684,1.);
#9684 = DIRECTION('',(-1.,1.224646799147E-16,0.));
#9685 = ORIENTED_EDGE('',*,*,#9686,.T.);
#9686 = EDGE_CURVE('',#9679,#9687,#9689,.T.);
#9687 = VERTEX_POINT('',#9688);
#9688 = CARTESIAN_POINT('',(1.45,-2.35,4.8));
#9689 = LINE('',#9690,#9691);
#9690 = CARTESIAN_POINT('',(1.45,-6.25,4.8));
#9691 = VECTOR('',#9692,1.);
#9692 = DIRECTION('',(1.224646799147E-16,1.,-1.110223024625E-16));
#9693 = ORIENTED_EDGE('',*,*,#9694,.T.);
#9694 = EDGE_CURVE('',#9687,#9695,#9697,.T.);
#9695 = VERTEX_POINT('',#9696);
#9696 = CARTESIAN_POINT('',(0.55,-2.35,4.8));
#9697 = LINE('',#9698,#9699);
#9698 = CARTESIAN_POINT('',(1.45,-2.35,4.8));
#9699 = VECTOR('',#9700,1.);
#9700 = DIRECTION('',(-1.,1.224646799147E-16,0.));
#9701 = ORIENTED_EDGE('',*,*,#9702,.T.);
#9702 = EDGE_CURVE('',#9695,#9703,#9705,.T.);
#9703 = VERTEX_POINT('',#9704);
#9704 = CARTESIAN_POINT('',(0.55,-6.25,4.8));
#9705 = LINE('',#9706,#9707);
#9706 = CARTESIAN_POINT('',(0.55,-2.35,4.8));
#9707 = VECTOR('',#9708,1.);
#9708 = DIRECTION('',(-1.224646799147E-16,-1.,1.110223024625E-16));
#9709 = ORIENTED_EDGE('',*,*,#9710,.T.);
#9710 = EDGE_CURVE('',#9703,#9711,#9713,.T.);
#9711 = VERTEX_POINT('',#9712);
#9712 = CARTESIAN_POINT('',(-0.45,-6.25,4.8));
#9713 = LINE('',#9714,#9715);
#9714 = CARTESIAN_POINT('',(3.95,-6.25,4.8));
#9715 = VECTOR('',#9716,1.);
#9716 = DIRECTION('',(-1.,1.224646799147E-16,0.));
#9717 = ORIENTED_EDGE('',*,*,#9718,.F.);
#9718 = EDGE_CURVE('',#9719,#9711,#9721,.T.);
#9719 = VERTEX_POINT('',#9720);
#9720 = CARTESIAN_POINT('',(-0.45,-4.45,4.8));
#9721 = LINE('',#9722,#9723);
#9722 = CARTESIAN_POINT('',(-0.45,-4.45,4.8));
#9723 = VECTOR('',#9724,1.);
#9724 = DIRECTION('',(-1.224646799147E-16,-1.,1.110223024625E-16));
#9725 = ORIENTED_EDGE('',*,*,#9726,.F.);
#9726 = EDGE_CURVE('',#9727,#9719,#9729,.T.);
#9727 = VERTEX_POINT('',#9728);
#9728 = CARTESIAN_POINT('',(-0.4,-4.45,4.8));
#9729 = LINE('',#9730,#9731);
#9730 = CARTESIAN_POINT('',(-0.4,-4.45,4.8));
#9731 = VECTOR('',#9732,1.);
#9732 = DIRECTION('',(-1.,1.224646799147E-16,0.));
#9733 = ORIENTED_EDGE('',*,*,#9734,.F.);
#9734 = EDGE_CURVE('',#9735,#9727,#9737,.T.);
#9735 = VERTEX_POINT('',#9736);
#9736 = CARTESIAN_POINT('',(-0.4,-0.45,4.8));
#9737 = LINE('',#9738,#9739);
#9738 = CARTESIAN_POINT('',(-0.4,-0.25,4.8));
#9739 = VECTOR('',#9740,1.);
#9740 = DIRECTION('',(-1.224646799147E-16,-1.,1.110223024625E-16));
#9741 = ORIENTED_EDGE('',*,*,#9742,.F.);
#9742 = EDGE_CURVE('',#9743,#9735,#9745,.T.);
#9743 = VERTEX_POINT('',#9744);
#9744 = CARTESIAN_POINT('',(0.75,-0.45,4.8));
#9745 = LINE('',#9746,#9747);
#9746 = CARTESIAN_POINT('',(0.75,-0.45,4.8));
#9747 = VECTOR('',#9748,1.);
#9748 = DIRECTION('',(-1.,1.224646799147E-16,0.));
#9749 = ORIENTED_EDGE('',*,*,#9750,.F.);
#9750 = EDGE_CURVE('',#9751,#9743,#9753,.T.);
#9751 = VERTEX_POINT('',#9752);
#9752 = CARTESIAN_POINT('',(0.75,-0.25,4.8));
#9753 = LINE('',#9754,#9755);
#9754 = CARTESIAN_POINT('',(0.75,-0.25,4.8));
#9755 = VECTOR('',#9756,1.);
#9756 = DIRECTION('',(-1.224646799147E-16,-1.,1.110223024625E-16));
#9757 = ORIENTED_EDGE('',*,*,#9758,.F.);
#9758 = EDGE_CURVE('',#9759,#9751,#9761,.T.);
#9759 = VERTEX_POINT('',#9760);
#9760 = CARTESIAN_POINT('',(1.25,-0.25,4.8));
#9761 = LINE('',#9762,#9763);
#9762 = CARTESIAN_POINT('',(3.95,-0.25,4.8));
#9763 = VECTOR('',#9764,1.);
#9764 = DIRECTION('',(-1.,1.224646799147E-16,0.));
#9765 = ORIENTED_EDGE('',*,*,#9766,.T.);
#9766 = EDGE_CURVE('',#9759,#9767,#9769,.T.);
#9767 = VERTEX_POINT('',#9768);
#9768 = CARTESIAN_POINT('',(1.25,-0.45,4.8));
#9769 = LINE('',#9770,#9771);
#9770 = CARTESIAN_POINT('',(1.25,-0.25,4.8));
#9771 = VECTOR('',#9772,1.);
#9772 = DIRECTION('',(-1.224646799147E-16,-1.,1.110223024625E-16));
#9773 = ORIENTED_EDGE('',*,*,#9774,.F.);
#9774 = EDGE_CURVE('',#9775,#9767,#9777,.T.);
#9775 = VERTEX_POINT('',#9776);
#9776 = CARTESIAN_POINT('',(2.4,-0.45,4.8));
#9777 = LINE('',#9778,#9779);
#9778 = CARTESIAN_POINT('',(2.75,-0.45,4.8));
#9779 = VECTOR('',#9780,1.);
#9780 = DIRECTION('',(-1.,1.224646799147E-16,0.));
#9781 = ORIENTED_EDGE('',*,*,#9782,.T.);
#9782 = EDGE_CURVE('',#9775,#9783,#9785,.T.);
#9783 = VERTEX_POINT('',#9784);
#9784 = CARTESIAN_POINT('',(2.4,-4.45,4.8));
#9785 = LINE('',#9786,#9787);
#9786 = CARTESIAN_POINT('',(2.4,-0.25,4.8));
#9787 = VECTOR('',#9788,1.);
#9788 = DIRECTION('',(-1.224646799147E-16,-1.,1.110223024625E-16));
#9789 = ORIENTED_EDGE('',*,*,#9790,.T.);
#9790 = EDGE_CURVE('',#9783,#9791,#9793,.T.);
#9791 = VERTEX_POINT('',#9792);
#9792 = CARTESIAN_POINT('',(3.4,-4.45,4.8));
#9793 = LINE('',#9794,#9795);
#9794 = CARTESIAN_POINT('',(2.4,-4.45,4.8));
#9795 = VECTOR('',#9796,1.);
#9796 = DIRECTION('',(1.,-1.224646799147E-16,0.));
#9797 = ORIENTED_EDGE('',*,*,#9798,.T.);
#9798 = EDGE_CURVE('',#9791,#9647,#9799,.T.);
#9799 = LINE('',#9800,#9801);
#9800 = CARTESIAN_POINT('',(3.4,-4.45,4.8));
#9801 = VECTOR('',#9802,1.);
#9802 = DIRECTION('',(1.224646799147E-16,1.,-1.110223024625E-16));
#9803 = PLANE('',#9804);
#9804 = AXIS2_PLACEMENT_3D('',#9805,#9806,#9807);
#9805 = CARTESIAN_POINT('',(3.95,-0.25,4.8));
#9806 = DIRECTION('',(-1.359631073447E-32,-1.110223024625E-16,-1.));
#9807 = DIRECTION('',(-1.,1.224646799147E-16,6.927121900793E-45));
#9808 = ADVANCED_FACE('',(#9809),#9834,.T.);
#9809 = FACE_BOUND('',#9810,.T.);
#9810 = EDGE_LOOP('',(#9811,#9817,#9818,#9819,#9827,#9833));
#9811 = ORIENTED_EDGE('',*,*,#9812,.F.);
#9812 = EDGE_CURVE('',#9355,#9500,#9813,.T.);
#9813 = LINE('',#9814,#9815);
#9814 = CARTESIAN_POINT('',(3.95,-6.25,3.3));
#9815 = VECTOR('',#9816,1.);
#9816 = DIRECTION('',(-1.,1.224646799147E-16,0.));
#9817 = ORIENTED_EDGE('',*,*,#9354,.T.);
#9818 = ORIENTED_EDGE('',*,*,#9678,.T.);
#9819 = ORIENTED_EDGE('',*,*,#9820,.T.);
#9820 = EDGE_CURVE('',#9679,#9821,#9823,.T.);
#9821 = VERTEX_POINT('',#9822);
#9822 = CARTESIAN_POINT('',(1.45,-6.25,4.2));
#9823 = LINE('',#9824,#9825);
#9824 = CARTESIAN_POINT('',(1.45,-6.25,4.8));
#9825 = VECTOR('',#9826,1.);
#9826 = DIRECTION('',(-1.359631073447E-32,-1.110223024625E-16,-1.));
#9827 = ORIENTED_EDGE('',*,*,#9828,.F.);
#9828 = EDGE_CURVE('',#9492,#9821,#9829,.T.);
#9829 = LINE('',#9830,#9831);
#9830 = CARTESIAN_POINT('',(3.45,-6.25,4.2));
#9831 = VECTOR('',#9832,1.);
#9832 = DIRECTION('',(-1.,1.224646799147E-16,0.));
#9833 = ORIENTED_EDGE('',*,*,#9499,.F.);
#9834 = PLANE('',#9835);
#9835 = AXIS2_PLACEMENT_3D('',#9836,#9837,#9838);
#9836 = CARTESIAN_POINT('',(1.,-6.25,2.55));
#9837 = DIRECTION('',(-1.224646799147E-16,-1.,1.110223024625E-16));
#9838 = DIRECTION('',(-1.,1.224646799147E-16,0.));
#9839 = ADVANCED_FACE('',(#9840),#9846,.T.);
#9840 = FACE_BOUND('',#9841,.T.);
#9841 = EDGE_LOOP('',(#9842,#9843,#9844,#9845));
#9842 = ORIENTED_EDGE('',*,*,#9362,.F.);
#9843 = ORIENTED_EDGE('',*,*,#9812,.T.);
#9844 = ORIENTED_EDGE('',*,*,#9507,.T.);
#9845 = ORIENTED_EDGE('',*,*,#9533,.F.);
#9846 = PLANE('',#9847);
#9847 = AXIS2_PLACEMENT_3D('',#9848,#9849,#9850);
#9848 = CARTESIAN_POINT('',(3.95,-6.25,3.3));
#9849 = DIRECTION('',(-1.359631073447E-32,-1.110223024625E-16,-1.));
#9850 = DIRECTION('',(1.224646799147E-16,1.,-1.110223024625E-16));
#9851 = ADVANCED_FACE('',(#9852),#9932,.F.);
#9852 = FACE_BOUND('',#9853,.F.);
#9853 = EDGE_LOOP('',(#9854,#9864,#9870,#9871,#9877,#9878,#9886,#9894,
    #9902,#9910,#9918,#9926));
#9854 = ORIENTED_EDGE('',*,*,#9855,.F.);
#9855 = EDGE_CURVE('',#9856,#9858,#9860,.T.);
#9856 = VERTEX_POINT('',#9857);
#9857 = CARTESIAN_POINT('',(-0.95,-0.25,0.3));
#9858 = VERTEX_POINT('',#9859);
#9859 = CARTESIAN_POINT('',(-0.75,-0.25,0.3));
#9860 = LINE('',#9861,#9862);
#9861 = CARTESIAN_POINT('',(-1.95,-0.25,0.3));
#9862 = VECTOR('',#9863,1.);
#9863 = DIRECTION('',(1.,-1.224646799147E-16,0.));
#9864 = ORIENTED_EDGE('',*,*,#9865,.F.);
#9865 = EDGE_CURVE('',#9387,#9856,#9866,.T.);
#9866 = LINE('',#9867,#9868);
#9867 = CARTESIAN_POINT('',(-0.95,-6.25,0.3));
#9868 = VECTOR('',#9869,1.);
#9869 = DIRECTION('',(1.224646799147E-16,1.,0.));
#9870 = ORIENTED_EDGE('',*,*,#9386,.T.);
#9871 = ORIENTED_EDGE('',*,*,#9872,.T.);
#9872 = EDGE_CURVE('',#9389,#9631,#9873,.T.);
#9873 = LINE('',#9874,#9875);
#9874 = CARTESIAN_POINT('',(2.95,-6.25,0.3));
#9875 = VECTOR('',#9876,1.);
#9876 = DIRECTION('',(1.224646799147E-16,1.,0.));
#9877 = ORIENTED_EDGE('',*,*,#9630,.F.);
#9878 = ORIENTED_EDGE('',*,*,#9879,.F.);
#9879 = EDGE_CURVE('',#9880,#9621,#9882,.T.);
#9880 = VERTEX_POINT('',#9881);
#9881 = CARTESIAN_POINT('',(2.75,-0.45,0.3));
#9882 = LINE('',#9883,#9884);
#9883 = CARTESIAN_POINT('',(2.75,-0.45,0.3));
#9884 = VECTOR('',#9885,1.);
#9885 = DIRECTION('',(1.224646799147E-16,1.,-1.110223024625E-16));
#9886 = ORIENTED_EDGE('',*,*,#9887,.T.);
#9887 = EDGE_CURVE('',#9880,#9888,#9890,.T.);
#9888 = VERTEX_POINT('',#9889);
#9889 = CARTESIAN_POINT('',(1.25,-0.45,0.3));
#9890 = LINE('',#9891,#9892);
#9891 = CARTESIAN_POINT('',(2.75,-0.45,0.3));
#9892 = VECTOR('',#9893,1.);
#9893 = DIRECTION('',(-1.,1.224646799147E-16,0.));
#9894 = ORIENTED_EDGE('',*,*,#9895,.T.);
#9895 = EDGE_CURVE('',#9888,#9896,#9898,.T.);
#9896 = VERTEX_POINT('',#9897);
#9897 = CARTESIAN_POINT('',(1.25,-0.25,0.3));
#9898 = LINE('',#9899,#9900);
#9899 = CARTESIAN_POINT('',(1.25,-0.45,0.3));
#9900 = VECTOR('',#9901,1.);
#9901 = DIRECTION('',(1.224646799147E-16,1.,-1.110223024625E-16));
#9902 = ORIENTED_EDGE('',*,*,#9903,.F.);
#9903 = EDGE_CURVE('',#9904,#9896,#9906,.T.);
#9904 = VERTEX_POINT('',#9905);
#9905 = CARTESIAN_POINT('',(0.75,-0.25,0.3));
#9906 = LINE('',#9907,#9908);
#9907 = CARTESIAN_POINT('',(-1.95,-0.25,0.3));
#9908 = VECTOR('',#9909,1.);
#9909 = DIRECTION('',(1.,-1.224646799147E-16,0.));
#9910 = ORIENTED_EDGE('',*,*,#9911,.F.);
#9911 = EDGE_CURVE('',#9912,#9904,#9914,.T.);
#9912 = VERTEX_POINT('',#9913);
#9913 = CARTESIAN_POINT('',(0.75,-0.45,0.3));
#9914 = LINE('',#9915,#9916);
#9915 = CARTESIAN_POINT('',(0.75,-0.45,0.3));
#9916 = VECTOR('',#9917,1.);
#9917 = DIRECTION('',(1.224646799147E-16,1.,-1.110223024625E-16));
#9918 = ORIENTED_EDGE('',*,*,#9919,.T.);
#9919 = EDGE_CURVE('',#9912,#9920,#9922,.T.);
#9920 = VERTEX_POINT('',#9921);
#9921 = CARTESIAN_POINT('',(-0.75,-0.45,0.3));
#9922 = LINE('',#9923,#9924);
#9923 = CARTESIAN_POINT('',(0.75,-0.45,0.3));
#9924 = VECTOR('',#9925,1.);
#9925 = DIRECTION('',(-1.,1.224646799147E-16,0.));
#9926 = ORIENTED_EDGE('',*,*,#9927,.T.);
#9927 = EDGE_CURVE('',#9920,#9858,#9928,.T.);
#9928 = LINE('',#9929,#9930);
#9929 = CARTESIAN_POINT('',(-0.75,-0.45,0.3));
#9930 = VECTOR('',#9931,1.);
#9931 = DIRECTION('',(1.224646799147E-16,1.,-1.110223024625E-16));
#9932 = PLANE('',#9933);
#9933 = AXIS2_PLACEMENT_3D('',#9934,#9935,#9936);
#9934 = CARTESIAN_POINT('',(-1.95,-0.25,0.3));
#9935 = DIRECTION('',(1.359631073447E-32,1.110223024625E-16,1.));
#9936 = DIRECTION('',(1.,-1.224646799147E-16,-6.927121900793E-45));
#9937 = ADVANCED_FACE('',(#9938),#9946,.T.);
#9938 = FACE_BOUND('',#9939,.T.);
#9939 = EDGE_LOOP('',(#9940,#9941,#9942,#9943,#9944,#9945));
#9940 = ORIENTED_EDGE('',*,*,#9638,.T.);
#9941 = ORIENTED_EDGE('',*,*,#9604,.T.);
#9942 = ORIENTED_EDGE('',*,*,#9580,.T.);
#9943 = ORIENTED_EDGE('',*,*,#9556,.T.);
#9944 = ORIENTED_EDGE('',*,*,#9396,.T.);
#9945 = ORIENTED_EDGE('',*,*,#9872,.T.);
#9946 = PLANE('',#9947);
#9947 = AXIS2_PLACEMENT_3D('',#9948,#9949,#9950);
#9948 = CARTESIAN_POINT('',(2.95,-1.566489992801,0.968760807125));
#9949 = DIRECTION('',(-1.,1.224646799147E-16,0.));
#9950 = DIRECTION('',(0.,0.,1.));
#9951 = ADVANCED_FACE('',(#9952),#10002,.F.);
#9952 = FACE_BOUND('',#9953,.F.);
#9953 = EDGE_LOOP('',(#9954,#9955,#9963,#9971,#9979,#9987,#9995,#10001)
  );
#9954 = ORIENTED_EDGE('',*,*,#9420,.F.);
#9955 = ORIENTED_EDGE('',*,*,#9956,.T.);
#9956 = EDGE_CURVE('',#9421,#9957,#9959,.T.);
#9957 = VERTEX_POINT('',#9958);
#9958 = CARTESIAN_POINT('',(-1.45,-2.05,0.8));
#9959 = LINE('',#9960,#9961);
#9960 = CARTESIAN_POINT('',(-1.45,-6.25,0.8));
#9961 = VECTOR('',#9962,1.);
#9962 = DIRECTION('',(1.224646799147E-16,1.,-1.110223024625E-16));
#9963 = ORIENTED_EDGE('',*,*,#9964,.T.);
#9964 = EDGE_CURVE('',#9957,#9965,#9967,.T.);
#9965 = VERTEX_POINT('',#9966);
#9966 = CARTESIAN_POINT('',(0.8,-2.05,0.8));
#9967 = LINE('',#9968,#9969);
#9968 = CARTESIAN_POINT('',(-1.45,-2.05,0.8));
#9969 = VECTOR('',#9970,1.);
#9970 = DIRECTION('',(1.,-1.224646799147E-16,0.));
#9971 = ORIENTED_EDGE('',*,*,#9972,.T.);
#9972 = EDGE_CURVE('',#9965,#9973,#9975,.T.);
#9973 = VERTEX_POINT('',#9974);
#9974 = CARTESIAN_POINT('',(0.8,-3.95,0.8));
#9975 = LINE('',#9976,#9977);
#9976 = CARTESIAN_POINT('',(0.8,-2.05,0.8));
#9977 = VECTOR('',#9978,1.);
#9978 = DIRECTION('',(-1.224646799147E-16,-1.,1.110223024625E-16));
#9979 = ORIENTED_EDGE('',*,*,#9980,.T.);
#9980 = EDGE_CURVE('',#9973,#9981,#9983,.T.);
#9981 = VERTEX_POINT('',#9982);
#9982 = CARTESIAN_POINT('',(1.2,-3.95,0.8));
#9983 = LINE('',#9984,#9985);
#9984 = CARTESIAN_POINT('',(0.8,-3.95,0.8));
#9985 = VECTOR('',#9986,1.);
#9986 = DIRECTION('',(1.,-1.224646799147E-16,0.));
#9987 = ORIENTED_EDGE('',*,*,#9988,.F.);
#9988 = EDGE_CURVE('',#9989,#9981,#9991,.T.);
#9989 = VERTEX_POINT('',#9990);
#9990 = CARTESIAN_POINT('',(1.2,-2.05,0.8));
#9991 = LINE('',#9992,#9993);
#9992 = CARTESIAN_POINT('',(1.2,-2.05,0.8));
#9993 = VECTOR('',#9994,1.);
#9994 = DIRECTION('',(-1.224646799147E-16,-1.,1.110223024625E-16));
#9995 = ORIENTED_EDGE('',*,*,#9996,.T.);
#9996 = EDGE_CURVE('',#9989,#9476,#9997,.T.);
#9997 = LINE('',#9998,#9999);
#9998 = CARTESIAN_POINT('',(-1.45,-2.05,0.8));
#9999 = VECTOR('',#10000,1.);
#10000 = DIRECTION('',(1.,-1.224646799147E-16,0.));
#10001 = ORIENTED_EDGE('',*,*,#9475,.F.);
#10002 = PLANE('',#10003);
#10003 = AXIS2_PLACEMENT_3D('',#10004,#10005,#10006);
#10004 = CARTESIAN_POINT('',(-1.45,-6.25,0.8));
#10005 = DIRECTION('',(-1.359631073447E-32,-1.110223024625E-16,-1.));
#10006 = DIRECTION('',(1.,-1.224646799147E-16,-6.927121900793E-45));
#10007 = ADVANCED_FACE('',(#10008),#10059,.F.);
#10008 = FACE_BOUND('',#10009,.F.);
#10009 = EDGE_LOOP('',(#10010,#10020,#10028,#10034,#10035,#10036,#10044,
    #10053));
#10010 = ORIENTED_EDGE('',*,*,#10011,.F.);
#10011 = EDGE_CURVE('',#10012,#10014,#10016,.T.);
#10012 = VERTEX_POINT('',#10013);
#10013 = CARTESIAN_POINT('',(-1.45,-6.25,4.2));
#10014 = VERTEX_POINT('',#10015);
#10015 = CARTESIAN_POINT('',(-1.45,-6.25,3.3));
#10016 = LINE('',#10017,#10018);
#10017 = CARTESIAN_POINT('',(-1.45,-6.25,4.2));
#10018 = VECTOR('',#10019,1.);
#10019 = DIRECTION('',(-1.359631073447E-32,-1.110223024625E-16,-1.));
#10020 = ORIENTED_EDGE('',*,*,#10021,.T.);
#10021 = EDGE_CURVE('',#10012,#10022,#10024,.T.);
#10022 = VERTEX_POINT('',#10023);
#10023 = CARTESIAN_POINT('',(-1.45,-2.05,4.2));
#10024 = LINE('',#10025,#10026);
#10025 = CARTESIAN_POINT('',(-1.45,-6.25,4.2));
#10026 = VECTOR('',#10027,1.);
#10027 = DIRECTION('',(1.224646799147E-16,1.,-1.110223024625E-16));
#10028 = ORIENTED_EDGE('',*,*,#10029,.T.);
#10029 = EDGE_CURVE('',#10022,#9957,#10030,.T.);
#10030 = LINE('',#10031,#10032);
#10031 = CARTESIAN_POINT('',(-1.45,-2.05,4.2));
#10032 = VECTOR('',#10033,1.);
#10033 = DIRECTION('',(-1.359631073447E-32,-1.110223024625E-16,-1.));
#10034 = ORIENTED_EDGE('',*,*,#9956,.F.);
#10035 = ORIENTED_EDGE('',*,*,#9428,.F.);
#10036 = ORIENTED_EDGE('',*,*,#10037,.T.);
#10037 = EDGE_CURVE('',#9429,#10038,#10040,.T.);
#10038 = VERTEX_POINT('',#10039);
#10039 = CARTESIAN_POINT('',(-1.45,-4.65,2.5));
#10040 = LINE('',#10041,#10042);
#10041 = CARTESIAN_POINT('',(-1.45,-5.45,2.5));
#10042 = VECTOR('',#10043,1.);
#10043 = DIRECTION('',(1.224646799147E-16,1.,-1.110223024625E-16));
#10044 = ORIENTED_EDGE('',*,*,#10045,.T.);
#10045 = EDGE_CURVE('',#10038,#10046,#10048,.T.);
#10046 = VERTEX_POINT('',#10047);
#10047 = CARTESIAN_POINT('',(-1.45,-4.65,3.3));
#10048 = CIRCLE('',#10049,0.4);
#10049 = AXIS2_PLACEMENT_3D('',#10050,#10051,#10052);
#10050 = CARTESIAN_POINT('',(-1.45,-4.65,2.9));
#10051 = DIRECTION('',(1.,-1.224646799147E-16,0.));
#10052 = DIRECTION('',(1.359631073446E-32,1.110223024625E-16,1.));
#10053 = ORIENTED_EDGE('',*,*,#10054,.T.);
#10054 = EDGE_CURVE('',#10046,#10014,#10055,.T.);
#10055 = LINE('',#10056,#10057);
#10056 = CARTESIAN_POINT('',(-1.45,-6.25,3.3));
#10057 = VECTOR('',#10058,1.);
#10058 = DIRECTION('',(-1.224646799147E-16,-1.,1.110223024625E-16));
#10059 = PLANE('',#10060);
#10060 = AXIS2_PLACEMENT_3D('',#10061,#10062,#10063);
#10061 = CARTESIAN_POINT('',(-1.45,-6.25,4.2));
#10062 = DIRECTION('',(-1.,1.224646799147E-16,0.));
#10063 = DIRECTION('',(-1.359631073446E-32,-1.110223024625E-16,-1.));
#10064 = ADVANCED_FACE('',(#10065),#10083,.T.);
#10065 = FACE_BOUND('',#10066,.T.);
#10066 = EDGE_LOOP('',(#10067,#10068,#10076,#10082));
#10067 = ORIENTED_EDGE('',*,*,#10037,.T.);
#10068 = ORIENTED_EDGE('',*,*,#10069,.T.);
#10069 = EDGE_CURVE('',#10038,#10070,#10072,.T.);
#10070 = VERTEX_POINT('',#10071);
#10071 = CARTESIAN_POINT('',(-1.95,-4.65,2.5));
#10072 = LINE('',#10073,#10074);
#10073 = CARTESIAN_POINT('',(3.95,-4.65,2.5));
#10074 = VECTOR('',#10075,1.);
#10075 = DIRECTION('',(-1.,1.224646799147E-16,0.));
#10076 = ORIENTED_EDGE('',*,*,#10077,.T.);
#10077 = EDGE_CURVE('',#10070,#9437,#10078,.T.);
#10078 = LINE('',#10079,#10080);
#10079 = CARTESIAN_POINT('',(-1.95,-2.45,2.5));
#10080 = VECTOR('',#10081,1.);
#10081 = DIRECTION('',(-1.224646799147E-16,-1.,1.110223024625E-16));
#10082 = ORIENTED_EDGE('',*,*,#9436,.F.);
#10083 = PLANE('',#10084);
#10084 = AXIS2_PLACEMENT_3D('',#10085,#10086,#10087);
#10085 = CARTESIAN_POINT('',(3.95,-4.65,2.5));
#10086 = DIRECTION('',(1.359631073447E-32,1.110223024625E-16,1.));
#10087 = DIRECTION('',(-1.224646799147E-16,-1.,1.110223024625E-16));
#10088 = ADVANCED_FACE('',(#10089),#10156,.T.);
#10089 = FACE_BOUND('',#10090,.T.);
#10090 = EDGE_LOOP('',(#10091,#10101,#10109,#10117,#10123,#10124,#10125,
    #10134,#10142,#10150));
#10091 = ORIENTED_EDGE('',*,*,#10092,.T.);
#10092 = EDGE_CURVE('',#10093,#10095,#10097,.T.);
#10093 = VERTEX_POINT('',#10094);
#10094 = CARTESIAN_POINT('',(-1.95,-0.25,4.8));
#10095 = VERTEX_POINT('',#10096);
#10096 = CARTESIAN_POINT('',(-1.95,-0.25,4.1));
#10097 = LINE('',#10098,#10099);
#10098 = CARTESIAN_POINT('',(-1.95,-0.25,4.8));
#10099 = VECTOR('',#10100,1.);
#10100 = DIRECTION('',(-1.359631073447E-32,-1.110223024625E-16,-1.));
#10101 = ORIENTED_EDGE('',*,*,#10102,.T.);
#10102 = EDGE_CURVE('',#10095,#10103,#10105,.T.);
#10103 = VERTEX_POINT('',#10104);
#10104 = CARTESIAN_POINT('',(-1.95,1.35,3.2));
#10105 = LINE('',#10106,#10107);
#10106 = CARTESIAN_POINT('',(-1.95,-0.25,4.1));
#10107 = VECTOR('',#10108,1.);
#10108 = DIRECTION('',(1.067372191754E-16,0.871575537124,-0.490261239633
    ));
#10109 = ORIENTED_EDGE('',*,*,#10110,.T.);
#10110 = EDGE_CURVE('',#10103,#10111,#10113,.T.);
#10111 = VERTEX_POINT('',#10112);
#10112 = CARTESIAN_POINT('',(-1.95,1.35,0.));
#10113 = LINE('',#10114,#10115);
#10114 = CARTESIAN_POINT('',(-1.95,1.35,3.2));
#10115 = VECTOR('',#10116,1.);
#10116 = DIRECTION('',(-0.,0.,-1.));
#10117 = ORIENTED_EDGE('',*,*,#10118,.T.);
#10118 = EDGE_CURVE('',#10111,#9445,#10119,.T.);
#10119 = LINE('',#10120,#10121);
#10120 = CARTESIAN_POINT('',(-1.95,1.35,0.));
#10121 = VECTOR('',#10122,1.);
#10122 = DIRECTION('',(-1.224646799147E-16,-1.,0.));
#10123 = ORIENTED_EDGE('',*,*,#9444,.F.);
#10124 = ORIENTED_EDGE('',*,*,#10077,.F.);
#10125 = ORIENTED_EDGE('',*,*,#10126,.T.);
#10126 = EDGE_CURVE('',#10070,#10127,#10129,.T.);
#10127 = VERTEX_POINT('',#10128);
#10128 = CARTESIAN_POINT('',(-1.95,-4.65,3.3));
#10129 = CIRCLE('',#10130,0.4);
#10130 = AXIS2_PLACEMENT_3D('',#10131,#10132,#10133);
#10131 = CARTESIAN_POINT('',(-1.95,-4.65,2.9));
#10132 = DIRECTION('',(1.,-1.224646799147E-16,0.));
#10133 = DIRECTION('',(1.359631073446E-32,1.110223024625E-16,1.));
#10134 = ORIENTED_EDGE('',*,*,#10135,.F.);
#10135 = EDGE_CURVE('',#10136,#10127,#10138,.T.);
#10136 = VERTEX_POINT('',#10137);
#10137 = CARTESIAN_POINT('',(-1.95,-6.25,3.3));
#10138 = LINE('',#10139,#10140);
#10139 = CARTESIAN_POINT('',(-1.95,-3.25,3.3));
#10140 = VECTOR('',#10141,1.);
#10141 = DIRECTION('',(1.224646799147E-16,1.,-1.110223024625E-16));
#10142 = ORIENTED_EDGE('',*,*,#10143,.F.);
#10143 = EDGE_CURVE('',#10144,#10136,#10146,.T.);
#10144 = VERTEX_POINT('',#10145);
#10145 = CARTESIAN_POINT('',(-1.95,-6.25,4.8));
#10146 = LINE('',#10147,#10148);
#10147 = CARTESIAN_POINT('',(-1.95,-6.25,4.8));
#10148 = VECTOR('',#10149,1.);
#10149 = DIRECTION('',(-1.359631073447E-32,-1.110223024625E-16,-1.));
#10150 = ORIENTED_EDGE('',*,*,#10151,.F.);
#10151 = EDGE_CURVE('',#10093,#10144,#10152,.T.);
#10152 = LINE('',#10153,#10154);
#10153 = CARTESIAN_POINT('',(-1.95,-0.25,4.8));
#10154 = VECTOR('',#10155,1.);
#10155 = DIRECTION('',(-1.224646799147E-16,-1.,1.110223024625E-16));
#10156 = PLANE('',#10157);
#10157 = AXIS2_PLACEMENT_3D('',#10158,#10159,#10160);
#10158 = CARTESIAN_POINT('',(-1.95,-2.909897467985,2.368621550033));
#10159 = DIRECTION('',(-1.,1.224646799147E-16,-3.525915016947E-32));
#10160 = DIRECTION('',(-3.525915016947E-32,4.31800053957E-48,1.));
#10161 = ADVANCED_FACE('',(#10162),#10180,.F.);
#10162 = FACE_BOUND('',#10163,.F.);
#10163 = EDGE_LOOP('',(#10164,#10172,#10173,#10174));
#10164 = ORIENTED_EDGE('',*,*,#10165,.T.);
#10165 = EDGE_CURVE('',#10166,#10111,#10168,.T.);
#10166 = VERTEX_POINT('',#10167);
#10167 = CARTESIAN_POINT('',(-0.95,1.35,0.));
#10168 = LINE('',#10169,#10170);
#10169 = CARTESIAN_POINT('',(-0.95,1.35,0.));
#10170 = VECTOR('',#10171,1.);
#10171 = DIRECTION('',(-1.,1.224646799147E-16,0.));
#10172 = ORIENTED_EDGE('',*,*,#10118,.T.);
#10173 = ORIENTED_EDGE('',*,*,#9452,.F.);
#10174 = ORIENTED_EDGE('',*,*,#10175,.F.);
#10175 = EDGE_CURVE('',#10166,#9453,#10176,.T.);
#10176 = LINE('',#10177,#10178);
#10177 = CARTESIAN_POINT('',(-0.95,1.35,0.));
#10178 = VECTOR('',#10179,1.);
#10179 = DIRECTION('',(-1.224646799147E-16,-1.,0.));
#10180 = PLANE('',#10181);
#10181 = AXIS2_PLACEMENT_3D('',#10182,#10183,#10184);
#10182 = CARTESIAN_POINT('',(-0.95,1.35,0.));
#10183 = DIRECTION('',(0.,0.,1.));
#10184 = DIRECTION('',(-1.224646799147E-16,-1.,0.));
#10185 = ADVANCED_FACE('',(#10186),#10213,.F.);
#10186 = FACE_BOUND('',#10187,.F.);
#10187 = EDGE_LOOP('',(#10188,#10196,#10204,#10210,#10211,#10212));
#10188 = ORIENTED_EDGE('',*,*,#10189,.T.);
#10189 = EDGE_CURVE('',#9856,#10190,#10192,.T.);
#10190 = VERTEX_POINT('',#10191);
#10191 = CARTESIAN_POINT('',(-0.95,-0.25,4.1));
#10192 = LINE('',#10193,#10194);
#10193 = CARTESIAN_POINT('',(-0.95,-0.25,0.3));
#10194 = VECTOR('',#10195,1.);
#10195 = DIRECTION('',(0.,0.,1.));
#10196 = ORIENTED_EDGE('',*,*,#10197,.T.);
#10197 = EDGE_CURVE('',#10190,#10198,#10200,.T.);
#10198 = VERTEX_POINT('',#10199);
#10199 = CARTESIAN_POINT('',(-0.95,1.35,3.2));
#10200 = LINE('',#10201,#10202);
#10201 = CARTESIAN_POINT('',(-0.95,-0.25,4.1));
#10202 = VECTOR('',#10203,1.);
#10203 = DIRECTION('',(1.067372191754E-16,0.871575537124,-0.490261239633
    ));
#10204 = ORIENTED_EDGE('',*,*,#10205,.T.);
#10205 = EDGE_CURVE('',#10198,#10166,#10206,.T.);
#10206 = LINE('',#10207,#10208);
#10207 = CARTESIAN_POINT('',(-0.95,1.35,3.2));
#10208 = VECTOR('',#10209,1.);
#10209 = DIRECTION('',(-0.,0.,-1.));
#10210 = ORIENTED_EDGE('',*,*,#10175,.T.);
#10211 = ORIENTED_EDGE('',*,*,#9460,.T.);
#10212 = ORIENTED_EDGE('',*,*,#9865,.T.);
#10213 = PLANE('',#10214);
#10214 = AXIS2_PLACEMENT_3D('',#10215,#10216,#10217);
#10215 = CARTESIAN_POINT('',(-0.95,-1.566489992801,0.968760807125));
#10216 = DIRECTION('',(-1.,1.224646799147E-16,0.));
#10217 = DIRECTION('',(0.,0.,1.));
#10218 = ADVANCED_FACE('',(#10219),#10324,.F.);
#10219 = FACE_BOUND('',#10220,.F.);
#10220 = EDGE_LOOP('',(#10221,#10222,#10223,#10231,#10239,#10247,#10255,
    #10263,#10271,#10279,#10287,#10293,#10294,#10302,#10310,#10318));
#10221 = ORIENTED_EDGE('',*,*,#9828,.F.);
#10222 = ORIENTED_EDGE('',*,*,#9491,.T.);
#10223 = ORIENTED_EDGE('',*,*,#10224,.T.);
#10224 = EDGE_CURVE('',#9484,#10225,#10227,.T.);
#10225 = VERTEX_POINT('',#10226);
#10226 = CARTESIAN_POINT('',(3.4,-2.05,4.2));
#10227 = LINE('',#10228,#10229);
#10228 = CARTESIAN_POINT('',(3.45,-2.05,4.2));
#10229 = VECTOR('',#10230,1.);
#10230 = DIRECTION('',(-1.,1.224646799147E-16,0.));
#10231 = ORIENTED_EDGE('',*,*,#10232,.F.);
#10232 = EDGE_CURVE('',#10233,#10225,#10235,.T.);
#10233 = VERTEX_POINT('',#10234);
#10234 = CARTESIAN_POINT('',(3.4,-4.45,4.2));
#10235 = LINE('',#10236,#10237);
#10236 = CARTESIAN_POINT('',(3.4,-4.45,4.2));
#10237 = VECTOR('',#10238,1.);
#10238 = DIRECTION('',(1.224646799147E-16,1.,-1.110223024625E-16));
#10239 = ORIENTED_EDGE('',*,*,#10240,.F.);
#10240 = EDGE_CURVE('',#10241,#10233,#10243,.T.);
#10241 = VERTEX_POINT('',#10242);
#10242 = CARTESIAN_POINT('',(2.4,-4.45,4.2));
#10243 = LINE('',#10244,#10245);
#10244 = CARTESIAN_POINT('',(2.4,-4.45,4.2));
#10245 = VECTOR('',#10246,1.);
#10246 = DIRECTION('',(1.,-1.224646799147E-16,0.));
#10247 = ORIENTED_EDGE('',*,*,#10248,.F.);
#10248 = EDGE_CURVE('',#10249,#10241,#10251,.T.);
#10249 = VERTEX_POINT('',#10250);
#10250 = CARTESIAN_POINT('',(2.4,-2.05,4.2));
#10251 = LINE('',#10252,#10253);
#10252 = CARTESIAN_POINT('',(2.4,-0.25,4.2));
#10253 = VECTOR('',#10254,1.);
#10254 = DIRECTION('',(-1.224646799147E-16,-1.,1.110223024625E-16));
#10255 = ORIENTED_EDGE('',*,*,#10256,.T.);
#10256 = EDGE_CURVE('',#10249,#10257,#10259,.T.);
#10257 = VERTEX_POINT('',#10258);
#10258 = CARTESIAN_POINT('',(-0.4,-2.05,4.2));
#10259 = LINE('',#10260,#10261);
#10260 = CARTESIAN_POINT('',(3.45,-2.05,4.2));
#10261 = VECTOR('',#10262,1.);
#10262 = DIRECTION('',(-1.,1.224646799147E-16,0.));
#10263 = ORIENTED_EDGE('',*,*,#10264,.T.);
#10264 = EDGE_CURVE('',#10257,#10265,#10267,.T.);
#10265 = VERTEX_POINT('',#10266);
#10266 = CARTESIAN_POINT('',(-0.4,-4.45,4.2));
#10267 = LINE('',#10268,#10269);
#10268 = CARTESIAN_POINT('',(-0.4,-0.25,4.2));
#10269 = VECTOR('',#10270,1.);
#10270 = DIRECTION('',(-1.224646799147E-16,-1.,1.110223024625E-16));
#10271 = ORIENTED_EDGE('',*,*,#10272,.T.);
#10272 = EDGE_CURVE('',#10265,#10273,#10275,.T.);
#10273 = VERTEX_POINT('',#10274);
#10274 = CARTESIAN_POINT('',(-1.4,-4.45,4.2));
#10275 = LINE('',#10276,#10277);
#10276 = CARTESIAN_POINT('',(-0.4,-4.45,4.2));
#10277 = VECTOR('',#10278,1.);
#10278 = DIRECTION('',(-1.,1.224646799147E-16,0.));
#10279 = ORIENTED_EDGE('',*,*,#10280,.T.);
#10280 = EDGE_CURVE('',#10273,#10281,#10283,.T.);
#10281 = VERTEX_POINT('',#10282);
#10282 = CARTESIAN_POINT('',(-1.4,-2.05,4.2));
#10283 = LINE('',#10284,#10285);
#10284 = CARTESIAN_POINT('',(-1.4,-4.45,4.2));
#10285 = VECTOR('',#10286,1.);
#10286 = DIRECTION('',(1.224646799147E-16,1.,-1.110223024625E-16));
#10287 = ORIENTED_EDGE('',*,*,#10288,.T.);
#10288 = EDGE_CURVE('',#10281,#10022,#10289,.T.);
#10289 = LINE('',#10290,#10291);
#10290 = CARTESIAN_POINT('',(3.45,-2.05,4.2));
#10291 = VECTOR('',#10292,1.);
#10292 = DIRECTION('',(-1.,1.224646799147E-16,0.));
#10293 = ORIENTED_EDGE('',*,*,#10021,.F.);
#10294 = ORIENTED_EDGE('',*,*,#10295,.F.);
#10295 = EDGE_CURVE('',#10296,#10012,#10298,.T.);
#10296 = VERTEX_POINT('',#10297);
#10297 = CARTESIAN_POINT('',(0.55,-6.25,4.2));
#10298 = LINE('',#10299,#10300);
#10299 = CARTESIAN_POINT('',(3.45,-6.25,4.2));
#10300 = VECTOR('',#10301,1.);
#10301 = DIRECTION('',(-1.,1.224646799147E-16,0.));
#10302 = ORIENTED_EDGE('',*,*,#10303,.F.);
#10303 = EDGE_CURVE('',#10304,#10296,#10306,.T.);
#10304 = VERTEX_POINT('',#10305);
#10305 = CARTESIAN_POINT('',(0.55,-2.35,4.2));
#10306 = LINE('',#10307,#10308);
#10307 = CARTESIAN_POINT('',(0.55,-4.3,4.2));
#10308 = VECTOR('',#10309,1.);
#10309 = DIRECTION('',(-1.224646799147E-16,-1.,1.110223024625E-16));
#10310 = ORIENTED_EDGE('',*,*,#10311,.F.);
#10311 = EDGE_CURVE('',#10312,#10304,#10314,.T.);
#10312 = VERTEX_POINT('',#10313);
#10313 = CARTESIAN_POINT('',(1.45,-2.35,4.2));
#10314 = LINE('',#10315,#10316);
#10315 = CARTESIAN_POINT('',(2.45,-2.35,4.2));
#10316 = VECTOR('',#10317,1.);
#10317 = DIRECTION('',(-1.,1.224646799147E-16,0.));
#10318 = ORIENTED_EDGE('',*,*,#10319,.F.);
#10319 = EDGE_CURVE('',#9821,#10312,#10320,.T.);
#10320 = LINE('',#10321,#10322);
#10321 = CARTESIAN_POINT('',(1.45,-6.25,4.2));
#10322 = VECTOR('',#10323,1.);
#10323 = DIRECTION('',(1.224646799147E-16,1.,-1.110223024625E-16));
#10324 = PLANE('',#10325);
#10325 = AXIS2_PLACEMENT_3D('',#10326,#10327,#10328);
#10326 = CARTESIAN_POINT('',(3.45,-6.25,4.2));
#10327 = DIRECTION('',(1.359631073447E-32,1.110223024625E-16,1.));
#10328 = DIRECTION('',(-1.,1.224646799147E-16,6.927121900793E-45));
#10329 = ADVANCED_FACE('',(#10330,#10373,#10407),#10441,.T.);
#10330 = FACE_BOUND('',#10331,.T.);
#10331 = EDGE_LOOP('',(#10332,#10333,#10334,#10340,#10341,#10347,#10348,
    #10349,#10350,#10358,#10366,#10372));
#10332 = ORIENTED_EDGE('',*,*,#9483,.T.);
#10333 = ORIENTED_EDGE('',*,*,#10224,.T.);
#10334 = ORIENTED_EDGE('',*,*,#10335,.T.);
#10335 = EDGE_CURVE('',#10225,#10249,#10336,.T.);
#10336 = LINE('',#10337,#10338);
#10337 = CARTESIAN_POINT('',(3.45,-2.05,4.2));
#10338 = VECTOR('',#10339,1.);
#10339 = DIRECTION('',(-1.,1.224646799147E-16,0.));
#10340 = ORIENTED_EDGE('',*,*,#10256,.T.);
#10341 = ORIENTED_EDGE('',*,*,#10342,.T.);
#10342 = EDGE_CURVE('',#10257,#10281,#10343,.T.);
#10343 = LINE('',#10344,#10345);
#10344 = CARTESIAN_POINT('',(3.45,-2.05,4.2));
#10345 = VECTOR('',#10346,1.);
#10346 = DIRECTION('',(-1.,1.224646799147E-16,0.));
#10347 = ORIENTED_EDGE('',*,*,#10288,.T.);
#10348 = ORIENTED_EDGE('',*,*,#10029,.T.);
#10349 = ORIENTED_EDGE('',*,*,#9964,.T.);
#10350 = ORIENTED_EDGE('',*,*,#10351,.F.);
#10351 = EDGE_CURVE('',#10352,#9965,#10354,.T.);
#10352 = VERTEX_POINT('',#10353);
#10353 = CARTESIAN_POINT('',(0.8,-2.05,1.1));
#10354 = LINE('',#10355,#10356);
#10355 = CARTESIAN_POINT('',(0.8,-2.05,1.1));
#10356 = VECTOR('',#10357,1.);
#10357 = DIRECTION('',(-1.359631073447E-32,-1.110223024625E-16,-1.));
#10358 = ORIENTED_EDGE('',*,*,#10359,.F.);
#10359 = EDGE_CURVE('',#10360,#10352,#10362,.T.);
#10360 = VERTEX_POINT('',#10361);
#10361 = CARTESIAN_POINT('',(1.2,-2.05,1.1));
#10362 = LINE('',#10363,#10364);
#10363 = CARTESIAN_POINT('',(1.2,-2.05,1.1));
#10364 = VECTOR('',#10365,1.);
#10365 = DIRECTION('',(-1.,1.224646799147E-16,0.));
#10366 = ORIENTED_EDGE('',*,*,#10367,.F.);
#10367 = EDGE_CURVE('',#9989,#10360,#10368,.T.);
#10368 = LINE('',#10369,#10370);
#10369 = CARTESIAN_POINT('',(1.2,-2.05,0.8));
#10370 = VECTOR('',#10371,1.);
#10371 = DIRECTION('',(1.359631073447E-32,1.110223024625E-16,1.));
#10372 = ORIENTED_EDGE('',*,*,#9996,.T.);
#10373 = FACE_BOUND('',#10374,.T.);
#10374 = EDGE_LOOP('',(#10375,#10385,#10393,#10401));
#10375 = ORIENTED_EDGE('',*,*,#10376,.T.);
#10376 = EDGE_CURVE('',#10377,#10379,#10381,.T.);
#10377 = VERTEX_POINT('',#10378);
#10378 = CARTESIAN_POINT('',(0.25,-2.05,3.35));
#10379 = VERTEX_POINT('',#10380);
#10380 = CARTESIAN_POINT('',(0.25,-2.05,2.85));
#10381 = LINE('',#10382,#10383);
#10382 = CARTESIAN_POINT('',(0.25,-2.05,1.901106711288));
#10383 = VECTOR('',#10384,1.);
#10384 = DIRECTION('',(-1.359631073447E-32,-1.110223024625E-16,-1.));
#10385 = ORIENTED_EDGE('',*,*,#10386,.T.);
#10386 = EDGE_CURVE('',#10379,#10387,#10389,.T.);
#10387 = VERTEX_POINT('',#10388);
#10388 = CARTESIAN_POINT('',(-0.25,-2.05,2.85));
#10389 = LINE('',#10390,#10391);
#10390 = CARTESIAN_POINT('',(0.625,-2.05,2.85));
#10391 = VECTOR('',#10392,1.);
#10392 = DIRECTION('',(-1.,1.224646799147E-16,0.));
#10393 = ORIENTED_EDGE('',*,*,#10394,.F.);
#10394 = EDGE_CURVE('',#10395,#10387,#10397,.T.);
#10395 = VERTEX_POINT('',#10396);
#10396 = CARTESIAN_POINT('',(-0.25,-2.05,3.35));
#10397 = LINE('',#10398,#10399);
#10398 = CARTESIAN_POINT('',(-0.25,-2.05,1.901106711288));
#10399 = VECTOR('',#10400,1.);
#10400 = DIRECTION('',(-1.359631073447E-32,-1.110223024625E-16,-1.));
#10401 = ORIENTED_EDGE('',*,*,#10402,.T.);
#10402 = EDGE_CURVE('',#10395,#10377,#10403,.T.);
#10403 = LINE('',#10404,#10405);
#10404 = CARTESIAN_POINT('',(0.625,-2.05,3.35));
#10405 = VECTOR('',#10406,1.);
#10406 = DIRECTION('',(1.,-1.224646799147E-16,0.));
#10407 = FACE_BOUND('',#10408,.T.);
#10408 = EDGE_LOOP('',(#10409,#10419,#10427,#10435));
#10409 = ORIENTED_EDGE('',*,*,#10410,.T.);
#10410 = EDGE_CURVE('',#10411,#10413,#10415,.T.);
#10411 = VERTEX_POINT('',#10412);
#10412 = CARTESIAN_POINT('',(2.25,-2.05,3.35));
#10413 = VERTEX_POINT('',#10414);
#10414 = CARTESIAN_POINT('',(2.25,-2.05,2.85));
#10415 = LINE('',#10416,#10417);
#10416 = CARTESIAN_POINT('',(2.25,-2.05,1.901106711288));
#10417 = VECTOR('',#10418,1.);
#10418 = DIRECTION('',(-1.359631073447E-32,-1.110223024625E-16,-1.));
#10419 = ORIENTED_EDGE('',*,*,#10420,.T.);
#10420 = EDGE_CURVE('',#10413,#10421,#10423,.T.);
#10421 = VERTEX_POINT('',#10422);
#10422 = CARTESIAN_POINT('',(1.75,-2.05,2.85));
#10423 = LINE('',#10424,#10425);
#10424 = CARTESIAN_POINT('',(1.625,-2.05,2.85));
#10425 = VECTOR('',#10426,1.);
#10426 = DIRECTION('',(-1.,1.224646799147E-16,0.));
#10427 = ORIENTED_EDGE('',*,*,#10428,.F.);
#10428 = EDGE_CURVE('',#10429,#10421,#10431,.T.);
#10429 = VERTEX_POINT('',#10430);
#10430 = CARTESIAN_POINT('',(1.75,-2.05,3.35));
#10431 = LINE('',#10432,#10433);
#10432 = CARTESIAN_POINT('',(1.75,-2.05,1.901106711288));
#10433 = VECTOR('',#10434,1.);
#10434 = DIRECTION('',(-1.359631073447E-32,-1.110223024625E-16,-1.));
#10435 = ORIENTED_EDGE('',*,*,#10436,.T.);
#10436 = EDGE_CURVE('',#10429,#10411,#10437,.T.);
#10437 = LINE('',#10438,#10439);
#10438 = CARTESIAN_POINT('',(1.625,-2.05,3.35));
#10439 = VECTOR('',#10440,1.);
#10440 = DIRECTION('',(1.,-1.224646799147E-16,0.));
#10441 = PLANE('',#10442);
#10442 = AXIS2_PLACEMENT_3D('',#10443,#10444,#10445);
#10443 = CARTESIAN_POINT('',(1.,-2.05,2.5));
#10444 = DIRECTION('',(-1.224646799147E-16,-1.,1.110223024625E-16));
#10445 = DIRECTION('',(-1.,1.224646799147E-16,0.));
#10446 = ADVANCED_FACE('',(#10447),#10481,.F.);
#10447 = FACE_BOUND('',#10448,.F.);
#10448 = EDGE_LOOP('',(#10449,#10450,#10458,#10466,#10474,#10480));
#10449 = ORIENTED_EDGE('',*,*,#9620,.T.);
#10450 = ORIENTED_EDGE('',*,*,#10451,.T.);
#10451 = EDGE_CURVE('',#9623,#10452,#10454,.T.);
#10452 = VERTEX_POINT('',#10453);
#10453 = CARTESIAN_POINT('',(2.75,-0.4,4.2));
#10454 = LINE('',#10455,#10456);
#10455 = CARTESIAN_POINT('',(2.75,-1.335399017773,4.2));
#10456 = VECTOR('',#10457,1.);
#10457 = DIRECTION('',(-1.224646799147E-16,-1.,1.110223024625E-16));
#10458 = ORIENTED_EDGE('',*,*,#10459,.T.);
#10459 = EDGE_CURVE('',#10452,#10460,#10462,.T.);
#10460 = VERTEX_POINT('',#10461);
#10461 = CARTESIAN_POINT('',(2.75,-0.35,3.6));
#10462 = LINE('',#10463,#10464);
#10463 = CARTESIAN_POINT('',(2.75,-0.45,4.8));
#10464 = VECTOR('',#10465,1.);
#10465 = DIRECTION('',(1.017013810865E-17,8.304547985373E-02,
    -0.996545758245));
#10466 = ORIENTED_EDGE('',*,*,#10467,.T.);
#10467 = EDGE_CURVE('',#10460,#10468,#10470,.T.);
#10468 = VERTEX_POINT('',#10469);
#10469 = CARTESIAN_POINT('',(2.75,-0.35,2.6));
#10470 = LINE('',#10471,#10472);
#10471 = CARTESIAN_POINT('',(2.75,-0.35,3.6));
#10472 = VECTOR('',#10473,1.);
#10473 = DIRECTION('',(-1.359631073447E-32,-1.110223024625E-16,-1.));
#10474 = ORIENTED_EDGE('',*,*,#10475,.T.);
#10475 = EDGE_CURVE('',#10468,#9880,#10476,.T.);
#10476 = LINE('',#10477,#10478);
#10477 = CARTESIAN_POINT('',(2.75,-0.35,2.6));
#10478 = VECTOR('',#10479,1.);
#10479 = DIRECTION('',(-5.319525767383E-18,-4.343722427631E-02,
    -0.999056158355));
#10480 = ORIENTED_EDGE('',*,*,#9879,.T.);
#10481 = PLANE('',#10482);
#10482 = AXIS2_PLACEMENT_3D('',#10483,#10484,#10485);
#10483 = CARTESIAN_POINT('',(2.75,-0.320798035545,2.550475523299));
#10484 = DIRECTION('',(1.,-1.224646799147E-16,0.));
#10485 = DIRECTION('',(1.224646799147E-16,1.,-1.110223024625E-16));
#10486 = ADVANCED_FACE('',(#10487),#10512,.T.);
#10487 = FACE_BOUND('',#10488,.T.);
#10488 = EDGE_LOOP('',(#10489,#10490,#10496,#10497,#10498,#10506));
#10489 = ORIENTED_EDGE('',*,*,#10335,.F.);
#10490 = ORIENTED_EDGE('',*,*,#10491,.T.);
#10491 = EDGE_CURVE('',#10225,#9655,#10492,.T.);
#10492 = LINE('',#10493,#10494);
#10493 = CARTESIAN_POINT('',(3.4,-4.45,4.2));
#10494 = VECTOR('',#10495,1.);
#10495 = DIRECTION('',(1.224646799147E-16,1.,-1.110223024625E-16));
#10496 = ORIENTED_EDGE('',*,*,#9662,.T.);
#10497 = ORIENTED_EDGE('',*,*,#10451,.T.);
#10498 = ORIENTED_EDGE('',*,*,#10499,.T.);
#10499 = EDGE_CURVE('',#10452,#10500,#10502,.T.);
#10500 = VERTEX_POINT('',#10501);
#10501 = CARTESIAN_POINT('',(2.4,-0.4,4.2));
#10502 = LINE('',#10503,#10504);
#10503 = CARTESIAN_POINT('',(2.825,-0.4,4.2));
#10504 = VECTOR('',#10505,1.);
#10505 = DIRECTION('',(-1.,1.224646799147E-16,0.));
#10506 = ORIENTED_EDGE('',*,*,#10507,.T.);
#10507 = EDGE_CURVE('',#10500,#10249,#10508,.T.);
#10508 = LINE('',#10509,#10510);
#10509 = CARTESIAN_POINT('',(2.4,-0.25,4.2));
#10510 = VECTOR('',#10511,1.);
#10511 = DIRECTION('',(-1.224646799147E-16,-1.,1.110223024625E-16));
#10512 = PLANE('',#10513);
#10513 = AXIS2_PLACEMENT_3D('',#10514,#10515,#10516);
#10514 = CARTESIAN_POINT('',(2.9,-2.35,4.2));
#10515 = DIRECTION('',(1.359631073447E-32,1.110223024625E-16,1.));
#10516 = DIRECTION('',(1.224646799147E-16,1.,-1.110223024625E-16));
#10517 = ADVANCED_FACE('',(#10518),#10530,.F.);
#10518 = FACE_BOUND('',#10519,.T.);
#10519 = EDGE_LOOP('',(#10520,#10521,#10522,#10523,#10524));
#10520 = ORIENTED_EDGE('',*,*,#9798,.T.);
#10521 = ORIENTED_EDGE('',*,*,#9654,.T.);
#10522 = ORIENTED_EDGE('',*,*,#10491,.F.);
#10523 = ORIENTED_EDGE('',*,*,#10232,.F.);
#10524 = ORIENTED_EDGE('',*,*,#10525,.F.);
#10525 = EDGE_CURVE('',#9791,#10233,#10526,.T.);
#10526 = LINE('',#10527,#10528);
#10527 = CARTESIAN_POINT('',(3.4,-4.45,4.8));
#10528 = VECTOR('',#10529,1.);
#10529 = DIRECTION('',(-1.359631073447E-32,-1.110223024625E-16,-1.));
#10530 = PLANE('',#10531);
#10531 = AXIS2_PLACEMENT_3D('',#10532,#10533,#10534);
#10532 = CARTESIAN_POINT('',(3.4,-4.45,4.8));
#10533 = DIRECTION('',(1.,-1.224646799147E-16,0.));
#10534 = DIRECTION('',(1.224646799147E-16,1.,-1.110223024625E-16));
#10535 = ADVANCED_FACE('',(#10536),#10547,.F.);
#10536 = FACE_BOUND('',#10537,.F.);
#10537 = EDGE_LOOP('',(#10538,#10539,#10545,#10546));
#10538 = ORIENTED_EDGE('',*,*,#9790,.F.);
#10539 = ORIENTED_EDGE('',*,*,#10540,.T.);
#10540 = EDGE_CURVE('',#9783,#10241,#10541,.T.);
#10541 = LINE('',#10542,#10543);
#10542 = CARTESIAN_POINT('',(2.4,-4.45,4.8));
#10543 = VECTOR('',#10544,1.);
#10544 = DIRECTION('',(-1.359631073447E-32,-1.110223024625E-16,-1.));
#10545 = ORIENTED_EDGE('',*,*,#10240,.T.);
#10546 = ORIENTED_EDGE('',*,*,#10525,.F.);
#10547 = PLANE('',#10548);
#10548 = AXIS2_PLACEMENT_3D('',#10549,#10550,#10551);
#10549 = CARTESIAN_POINT('',(2.4,-4.45,4.8));
#10550 = DIRECTION('',(-1.224646799147E-16,-1.,1.110223024625E-16));
#10551 = DIRECTION('',(1.,-1.224646799147E-16,0.));
#10552 = ADVANCED_FACE('',(#10553),#10565,.F.);
#10553 = FACE_BOUND('',#10554,.T.);
#10554 = EDGE_LOOP('',(#10555,#10556,#10557,#10558,#10559));
#10555 = ORIENTED_EDGE('',*,*,#9782,.T.);
#10556 = ORIENTED_EDGE('',*,*,#10540,.T.);
#10557 = ORIENTED_EDGE('',*,*,#10248,.F.);
#10558 = ORIENTED_EDGE('',*,*,#10507,.F.);
#10559 = ORIENTED_EDGE('',*,*,#10560,.F.);
#10560 = EDGE_CURVE('',#9775,#10500,#10561,.T.);
#10561 = LINE('',#10562,#10563);
#10562 = CARTESIAN_POINT('',(2.4,-0.449310344828,4.791724137931));
#10563 = VECTOR('',#10564,1.);
#10564 = DIRECTION('',(1.017013810865E-17,8.304547985373E-02,
    -0.996545758245));
#10565 = PLANE('',#10566);
#10566 = AXIS2_PLACEMENT_3D('',#10567,#10568,#10569);
#10567 = CARTESIAN_POINT('',(2.4,-0.25,4.8));
#10568 = DIRECTION('',(-1.,1.224646799147E-16,0.));
#10569 = DIRECTION('',(-1.224646799147E-16,-1.,1.110223024625E-16));
#10570 = ADVANCED_FACE('',(#10571),#10591,.F.);
#10571 = FACE_BOUND('',#10572,.F.);
#10572 = EDGE_LOOP('',(#10573,#10574,#10575,#10583,#10589,#10590));
#10573 = ORIENTED_EDGE('',*,*,#10560,.F.);
#10574 = ORIENTED_EDGE('',*,*,#9774,.T.);
#10575 = ORIENTED_EDGE('',*,*,#10576,.T.);
#10576 = EDGE_CURVE('',#9767,#10577,#10579,.T.);
#10577 = VERTEX_POINT('',#10578);
#10578 = CARTESIAN_POINT('',(1.25,-0.35,3.6));
#10579 = LINE('',#10580,#10581);
#10580 = CARTESIAN_POINT('',(1.25,-0.45,4.8));
#10581 = VECTOR('',#10582,1.);
#10582 = DIRECTION('',(1.017013810865E-17,8.304547985373E-02,
    -0.996545758245));
#10583 = ORIENTED_EDGE('',*,*,#10584,.F.);
#10584 = EDGE_CURVE('',#10460,#10577,#10585,.T.);
#10585 = LINE('',#10586,#10587);
#10586 = CARTESIAN_POINT('',(2.75,-0.35,3.6));
#10587 = VECTOR('',#10588,1.);
#10588 = DIRECTION('',(-1.,1.224646799147E-16,0.));
#10589 = ORIENTED_EDGE('',*,*,#10459,.F.);
#10590 = ORIENTED_EDGE('',*,*,#10499,.T.);
#10591 = PLANE('',#10592);
#10592 = AXIS2_PLACEMENT_3D('',#10593,#10594,#10595);
#10593 = CARTESIAN_POINT('',(2.75,-0.45,4.8));
#10594 = DIRECTION('',(-1.220416573038E-16,-0.996545758245,
    -8.304547985373E-02));
#10595 = DIRECTION('',(1.017013810865E-17,8.304547985373E-02,
    -0.996545758245));
#10596 = ADVANCED_FACE('',(#10597),#10622,.T.);
#10597 = FACE_BOUND('',#10598,.T.);
#10598 = EDGE_LOOP('',(#10599,#10600,#10601,#10609,#10615,#10616));
#10599 = ORIENTED_EDGE('',*,*,#9766,.T.);
#10600 = ORIENTED_EDGE('',*,*,#10576,.T.);
#10601 = ORIENTED_EDGE('',*,*,#10602,.T.);
#10602 = EDGE_CURVE('',#10577,#10603,#10605,.T.);
#10603 = VERTEX_POINT('',#10604);
#10604 = CARTESIAN_POINT('',(1.25,-0.35,2.6));
#10605 = LINE('',#10606,#10607);
#10606 = CARTESIAN_POINT('',(1.25,-0.35,3.6));
#10607 = VECTOR('',#10608,1.);
#10608 = DIRECTION('',(-1.359631073447E-32,-1.110223024625E-16,-1.));
#10609 = ORIENTED_EDGE('',*,*,#10610,.T.);
#10610 = EDGE_CURVE('',#10603,#9888,#10611,.T.);
#10611 = LINE('',#10612,#10613);
#10612 = CARTESIAN_POINT('',(1.25,-0.35,2.6));
#10613 = VECTOR('',#10614,1.);
#10614 = DIRECTION('',(-5.319525767383E-18,-4.343722427631E-02,
    -0.999056158355));
#10615 = ORIENTED_EDGE('',*,*,#9895,.T.);
#10616 = ORIENTED_EDGE('',*,*,#10617,.T.);
#10617 = EDGE_CURVE('',#9896,#9759,#10618,.T.);
#10618 = LINE('',#10619,#10620);
#10619 = CARTESIAN_POINT('',(1.25,-0.25,0.3));
#10620 = VECTOR('',#10621,1.);
#10621 = DIRECTION('',(1.359631073447E-32,1.110223024625E-16,1.));
#10622 = PLANE('',#10623);
#10623 = AXIS2_PLACEMENT_3D('',#10624,#10625,#10626);
#10624 = CARTESIAN_POINT('',(1.25,-0.320798035545,2.550475523299));
#10625 = DIRECTION('',(1.,-1.224646799147E-16,0.));
#10626 = DIRECTION('',(1.224646799147E-16,1.,-1.110223024625E-16));
#10627 = ADVANCED_FACE('',(#10628),#10639,.F.);
#10628 = FACE_BOUND('',#10629,.F.);
#10629 = EDGE_LOOP('',(#10630,#10631,#10632,#10633));
#10630 = ORIENTED_EDGE('',*,*,#9903,.T.);
#10631 = ORIENTED_EDGE('',*,*,#10617,.T.);
#10632 = ORIENTED_EDGE('',*,*,#9758,.T.);
#10633 = ORIENTED_EDGE('',*,*,#10634,.F.);
#10634 = EDGE_CURVE('',#9904,#9751,#10635,.T.);
#10635 = LINE('',#10636,#10637);
#10636 = CARTESIAN_POINT('',(0.75,-0.25,0.3));
#10637 = VECTOR('',#10638,1.);
#10638 = DIRECTION('',(1.359631073447E-32,1.110223024625E-16,1.));
#10639 = PLANE('',#10640);
#10640 = AXIS2_PLACEMENT_3D('',#10641,#10642,#10643);
#10641 = CARTESIAN_POINT('',(1.,-0.25,2.55));
#10642 = DIRECTION('',(-1.224646799147E-16,-1.,1.110223024625E-16));
#10643 = DIRECTION('',(-1.,1.224646799147E-16,0.));
#10644 = ADVANCED_FACE('',(#10645),#10672,.F.);
#10645 = FACE_BOUND('',#10646,.F.);
#10646 = EDGE_LOOP('',(#10647,#10648,#10656,#10664,#10670,#10671));
#10647 = ORIENTED_EDGE('',*,*,#9750,.T.);
#10648 = ORIENTED_EDGE('',*,*,#10649,.T.);
#10649 = EDGE_CURVE('',#9743,#10650,#10652,.T.);
#10650 = VERTEX_POINT('',#10651);
#10651 = CARTESIAN_POINT('',(0.75,-0.35,3.6));
#10652 = LINE('',#10653,#10654);
#10653 = CARTESIAN_POINT('',(0.75,-0.45,4.8));
#10654 = VECTOR('',#10655,1.);
#10655 = DIRECTION('',(1.017013810865E-17,8.304547985373E-02,
    -0.996545758245));
#10656 = ORIENTED_EDGE('',*,*,#10657,.T.);
#10657 = EDGE_CURVE('',#10650,#10658,#10660,.T.);
#10658 = VERTEX_POINT('',#10659);
#10659 = CARTESIAN_POINT('',(0.75,-0.35,2.6));
#10660 = LINE('',#10661,#10662);
#10661 = CARTESIAN_POINT('',(0.75,-0.35,3.6));
#10662 = VECTOR('',#10663,1.);
#10663 = DIRECTION('',(-1.359631073447E-32,-1.110223024625E-16,-1.));
#10664 = ORIENTED_EDGE('',*,*,#10665,.T.);
#10665 = EDGE_CURVE('',#10658,#9912,#10666,.T.);
#10666 = LINE('',#10667,#10668);
#10667 = CARTESIAN_POINT('',(0.75,-0.35,2.6));
#10668 = VECTOR('',#10669,1.);
#10669 = DIRECTION('',(-5.319525767383E-18,-4.343722427631E-02,
    -0.999056158355));
#10670 = ORIENTED_EDGE('',*,*,#9911,.T.);
#10671 = ORIENTED_EDGE('',*,*,#10634,.T.);
#10672 = PLANE('',#10673);
#10673 = AXIS2_PLACEMENT_3D('',#10674,#10675,#10676);
#10674 = CARTESIAN_POINT('',(0.75,-0.320798035545,2.550475523299));
#10675 = DIRECTION('',(1.,-1.224646799147E-16,0.));
#10676 = DIRECTION('',(1.224646799147E-16,1.,-1.110223024625E-16));
#10677 = ADVANCED_FACE('',(#10678),#10712,.F.);
#10678 = FACE_BOUND('',#10679,.F.);
#10679 = EDGE_LOOP('',(#10680,#10681,#10682,#10690,#10698,#10706));
#10680 = ORIENTED_EDGE('',*,*,#10649,.F.);
#10681 = ORIENTED_EDGE('',*,*,#9742,.T.);
#10682 = ORIENTED_EDGE('',*,*,#10683,.T.);
#10683 = EDGE_CURVE('',#9735,#10684,#10686,.T.);
#10684 = VERTEX_POINT('',#10685);
#10685 = CARTESIAN_POINT('',(-0.4,-0.4,4.2));
#10686 = LINE('',#10687,#10688);
#10687 = CARTESIAN_POINT('',(-0.4,-0.449310344828,4.791724137931));
#10688 = VECTOR('',#10689,1.);
#10689 = DIRECTION('',(1.017013810865E-17,8.304547985373E-02,
    -0.996545758245));
#10690 = ORIENTED_EDGE('',*,*,#10691,.F.);
#10691 = EDGE_CURVE('',#10692,#10684,#10694,.T.);
#10692 = VERTEX_POINT('',#10693);
#10693 = CARTESIAN_POINT('',(-0.75,-0.4,4.2));
#10694 = LINE('',#10695,#10696);
#10695 = CARTESIAN_POINT('',(-7.5E-02,-0.4,4.2));
#10696 = VECTOR('',#10697,1.);
#10697 = DIRECTION('',(1.,-1.224646799147E-16,-0.));
#10698 = ORIENTED_EDGE('',*,*,#10699,.T.);
#10699 = EDGE_CURVE('',#10692,#10700,#10702,.T.);
#10700 = VERTEX_POINT('',#10701);
#10701 = CARTESIAN_POINT('',(-0.75,-0.35,3.6));
#10702 = LINE('',#10703,#10704);
#10703 = CARTESIAN_POINT('',(-0.75,-0.45,4.8));
#10704 = VECTOR('',#10705,1.);
#10705 = DIRECTION('',(1.017013810865E-17,8.304547985373E-02,
    -0.996545758245));
#10706 = ORIENTED_EDGE('',*,*,#10707,.F.);
#10707 = EDGE_CURVE('',#10650,#10700,#10708,.T.);
#10708 = LINE('',#10709,#10710);
#10709 = CARTESIAN_POINT('',(0.75,-0.35,3.6));
#10710 = VECTOR('',#10711,1.);
#10711 = DIRECTION('',(-1.,1.224646799147E-16,0.));
#10712 = PLANE('',#10713);
#10713 = AXIS2_PLACEMENT_3D('',#10714,#10715,#10716);
#10714 = CARTESIAN_POINT('',(0.75,-0.45,4.8));
#10715 = DIRECTION('',(-1.220416573038E-16,-0.996545758245,
    -8.304547985373E-02));
#10716 = DIRECTION('',(1.017013810865E-17,8.304547985373E-02,
    -0.996545758245));
#10717 = ADVANCED_FACE('',(#10718),#10735,.T.);
#10718 = FACE_BOUND('',#10719,.T.);
#10719 = EDGE_LOOP('',(#10720,#10721,#10722,#10728,#10729));
#10720 = ORIENTED_EDGE('',*,*,#9734,.F.);
#10721 = ORIENTED_EDGE('',*,*,#10683,.T.);
#10722 = ORIENTED_EDGE('',*,*,#10723,.T.);
#10723 = EDGE_CURVE('',#10684,#10257,#10724,.T.);
#10724 = LINE('',#10725,#10726);
#10725 = CARTESIAN_POINT('',(-0.4,-0.25,4.2));
#10726 = VECTOR('',#10727,1.);
#10727 = DIRECTION('',(-1.224646799147E-16,-1.,1.110223024625E-16));
#10728 = ORIENTED_EDGE('',*,*,#10264,.T.);
#10729 = ORIENTED_EDGE('',*,*,#10730,.F.);
#10730 = EDGE_CURVE('',#9727,#10265,#10731,.T.);
#10731 = LINE('',#10732,#10733);
#10732 = CARTESIAN_POINT('',(-0.4,-4.45,4.8));
#10733 = VECTOR('',#10734,1.);
#10734 = DIRECTION('',(-1.359631073447E-32,-1.110223024625E-16,-1.));
#10735 = PLANE('',#10736);
#10736 = AXIS2_PLACEMENT_3D('',#10737,#10738,#10739);
#10737 = CARTESIAN_POINT('',(-0.4,-0.25,4.8));
#10738 = DIRECTION('',(-1.,1.224646799147E-16,0.));
#10739 = DIRECTION('',(-1.224646799147E-16,-1.,1.110223024625E-16));
#10740 = ADVANCED_FACE('',(#10741),#10784,.T.);
#10741 = FACE_BOUND('',#10742,.T.);
#10742 = EDGE_LOOP('',(#10743,#10744,#10745,#10746,#10754,#10762,#10770,
    #10778));
#10743 = ORIENTED_EDGE('',*,*,#9726,.F.);
#10744 = ORIENTED_EDGE('',*,*,#10730,.T.);
#10745 = ORIENTED_EDGE('',*,*,#10272,.T.);
#10746 = ORIENTED_EDGE('',*,*,#10747,.F.);
#10747 = EDGE_CURVE('',#10748,#10273,#10750,.T.);
#10748 = VERTEX_POINT('',#10749);
#10749 = CARTESIAN_POINT('',(-1.4,-4.45,4.8));
#10750 = LINE('',#10751,#10752);
#10751 = CARTESIAN_POINT('',(-1.4,-4.45,4.8));
#10752 = VECTOR('',#10753,1.);
#10753 = DIRECTION('',(-1.359631073447E-32,-1.110223024625E-16,-1.));
#10754 = ORIENTED_EDGE('',*,*,#10755,.F.);
#10755 = EDGE_CURVE('',#10756,#10748,#10758,.T.);
#10756 = VERTEX_POINT('',#10757);
#10757 = CARTESIAN_POINT('',(-0.95,-4.45,4.8));
#10758 = LINE('',#10759,#10760);
#10759 = CARTESIAN_POINT('',(-0.4,-4.45,4.8));
#10760 = VECTOR('',#10761,1.);
#10761 = DIRECTION('',(-1.,1.224646799147E-16,0.));
#10762 = ORIENTED_EDGE('',*,*,#10763,.F.);
#10763 = EDGE_CURVE('',#10764,#10756,#10766,.T.);
#10764 = VERTEX_POINT('',#10765);
#10765 = CARTESIAN_POINT('',(-0.95,-4.45,4.85));
#10766 = LINE('',#10767,#10768);
#10767 = CARTESIAN_POINT('',(-0.95,-4.45,4.85));
#10768 = VECTOR('',#10769,1.);
#10769 = DIRECTION('',(-1.359631073447E-32,-1.110223024625E-16,-1.));
#10770 = ORIENTED_EDGE('',*,*,#10771,.F.);
#10771 = EDGE_CURVE('',#10772,#10764,#10774,.T.);
#10772 = VERTEX_POINT('',#10773);
#10773 = CARTESIAN_POINT('',(-0.45,-4.45,4.85));
#10774 = LINE('',#10775,#10776);
#10775 = CARTESIAN_POINT('',(-0.45,-4.45,4.85));
#10776 = VECTOR('',#10777,1.);
#10777 = DIRECTION('',(-1.,1.224646799147E-16,0.));
#10778 = ORIENTED_EDGE('',*,*,#10779,.F.);
#10779 = EDGE_CURVE('',#9719,#10772,#10780,.T.);
#10780 = LINE('',#10781,#10782);
#10781 = CARTESIAN_POINT('',(-0.45,-4.45,4.8));
#10782 = VECTOR('',#10783,1.);
#10783 = DIRECTION('',(1.359631073447E-32,1.110223024625E-16,1.));
#10784 = PLANE('',#10785);
#10785 = AXIS2_PLACEMENT_3D('',#10786,#10787,#10788);
#10786 = CARTESIAN_POINT('',(-0.893939393939,-4.45,4.517424242424));
#10787 = DIRECTION('',(1.224646799147E-16,1.,-1.110223024625E-16));
#10788 = DIRECTION('',(1.,-1.224646799147E-16,-2.873756616291E-46));
#10789 = ADVANCED_FACE('',(#10790),#10808,.F.);
#10790 = FACE_BOUND('',#10791,.F.);
#10791 = EDGE_LOOP('',(#10792,#10793,#10801,#10807));
#10792 = ORIENTED_EDGE('',*,*,#9718,.T.);
#10793 = ORIENTED_EDGE('',*,*,#10794,.T.);
#10794 = EDGE_CURVE('',#9711,#10795,#10797,.T.);
#10795 = VERTEX_POINT('',#10796);
#10796 = CARTESIAN_POINT('',(-0.45,-6.25,4.85));
#10797 = LINE('',#10798,#10799);
#10798 = CARTESIAN_POINT('',(-0.45,-6.25,4.8));
#10799 = VECTOR('',#10800,1.);
#10800 = DIRECTION('',(1.359631073447E-32,1.110223024625E-16,1.));
#10801 = ORIENTED_EDGE('',*,*,#10802,.F.);
#10802 = EDGE_CURVE('',#10772,#10795,#10803,.T.);
#10803 = LINE('',#10804,#10805);
#10804 = CARTESIAN_POINT('',(-0.45,-4.45,4.85));
#10805 = VECTOR('',#10806,1.);
#10806 = DIRECTION('',(-1.224646799147E-16,-1.,1.110223024625E-16));
#10807 = ORIENTED_EDGE('',*,*,#10779,.F.);
#10808 = PLANE('',#10809);
#10809 = AXIS2_PLACEMENT_3D('',#10810,#10811,#10812);
#10810 = CARTESIAN_POINT('',(-0.45,-4.45,4.8));
#10811 = DIRECTION('',(-1.,1.224646799147E-16,0.));
#10812 = DIRECTION('',(1.359631073446E-32,1.110223024625E-16,1.));
#10813 = ADVANCED_FACE('',(#10814),#10855,.T.);
#10814 = FACE_BOUND('',#10815,.T.);
#10815 = EDGE_LOOP('',(#10816,#10822,#10823,#10824,#10832,#10840,#10846,
    #10847,#10853,#10854));
#10816 = ORIENTED_EDGE('',*,*,#10817,.F.);
#10817 = EDGE_CURVE('',#9703,#10296,#10818,.T.);
#10818 = LINE('',#10819,#10820);
#10819 = CARTESIAN_POINT('',(0.55,-6.25,4.8));
#10820 = VECTOR('',#10821,1.);
#10821 = DIRECTION('',(-1.359631073447E-32,-1.110223024625E-16,-1.));
#10822 = ORIENTED_EDGE('',*,*,#9710,.T.);
#10823 = ORIENTED_EDGE('',*,*,#10794,.T.);
#10824 = ORIENTED_EDGE('',*,*,#10825,.T.);
#10825 = EDGE_CURVE('',#10795,#10826,#10828,.T.);
#10826 = VERTEX_POINT('',#10827);
#10827 = CARTESIAN_POINT('',(-0.95,-6.25,4.85));
#10828 = LINE('',#10829,#10830);
#10829 = CARTESIAN_POINT('',(-0.45,-6.25,4.85));
#10830 = VECTOR('',#10831,1.);
#10831 = DIRECTION('',(-1.,1.224646799147E-16,0.));
#10832 = ORIENTED_EDGE('',*,*,#10833,.T.);
#10833 = EDGE_CURVE('',#10826,#10834,#10836,.T.);
#10834 = VERTEX_POINT('',#10835);
#10835 = CARTESIAN_POINT('',(-0.95,-6.25,4.8));
#10836 = LINE('',#10837,#10838);
#10837 = CARTESIAN_POINT('',(-0.95,-6.25,4.85));
#10838 = VECTOR('',#10839,1.);
#10839 = DIRECTION('',(-1.359631073447E-32,-1.110223024625E-16,-1.));
#10840 = ORIENTED_EDGE('',*,*,#10841,.T.);
#10841 = EDGE_CURVE('',#10834,#10144,#10842,.T.);
#10842 = LINE('',#10843,#10844);
#10843 = CARTESIAN_POINT('',(3.95,-6.25,4.8));
#10844 = VECTOR('',#10845,1.);
#10845 = DIRECTION('',(-1.,1.224646799147E-16,0.));
#10846 = ORIENTED_EDGE('',*,*,#10143,.T.);
#10847 = ORIENTED_EDGE('',*,*,#10848,.F.);
#10848 = EDGE_CURVE('',#10014,#10136,#10849,.T.);
#10849 = LINE('',#10850,#10851);
#10850 = CARTESIAN_POINT('',(3.95,-6.25,3.3));
#10851 = VECTOR('',#10852,1.);
#10852 = DIRECTION('',(-1.,1.224646799147E-16,0.));
#10853 = ORIENTED_EDGE('',*,*,#10011,.F.);
#10854 = ORIENTED_EDGE('',*,*,#10295,.F.);
#10855 = PLANE('',#10856);
#10856 = AXIS2_PLACEMENT_3D('',#10857,#10858,#10859);
#10857 = CARTESIAN_POINT('',(-0.922222222222,-6.25,4.28487654321));
#10858 = DIRECTION('',(-1.224646799147E-16,-1.,1.110223024625E-16));
#10859 = DIRECTION('',(-1.,1.224646799147E-16,0.));
#10860 = ADVANCED_FACE('',(#10861),#10872,.F.);
#10861 = FACE_BOUND('',#10862,.F.);
#10862 = EDGE_LOOP('',(#10863,#10864,#10870,#10871));
#10863 = ORIENTED_EDGE('',*,*,#9702,.F.);
#10864 = ORIENTED_EDGE('',*,*,#10865,.T.);
#10865 = EDGE_CURVE('',#9695,#10304,#10866,.T.);
#10866 = LINE('',#10867,#10868);
#10867 = CARTESIAN_POINT('',(0.55,-2.35,4.8));
#10868 = VECTOR('',#10869,1.);
#10869 = DIRECTION('',(-1.359631073447E-32,-1.110223024625E-16,-1.));
#10870 = ORIENTED_EDGE('',*,*,#10303,.T.);
#10871 = ORIENTED_EDGE('',*,*,#10817,.F.);
#10872 = PLANE('',#10873);
#10873 = AXIS2_PLACEMENT_3D('',#10874,#10875,#10876);
#10874 = CARTESIAN_POINT('',(0.55,-2.35,4.8));
#10875 = DIRECTION('',(-1.,1.224646799147E-16,0.));
#10876 = DIRECTION('',(-1.224646799147E-16,-1.,1.110223024625E-16));
#10877 = ADVANCED_FACE('',(#10878),#10889,.F.);
#10878 = FACE_BOUND('',#10879,.F.);
#10879 = EDGE_LOOP('',(#10880,#10881,#10887,#10888));
#10880 = ORIENTED_EDGE('',*,*,#9694,.F.);
#10881 = ORIENTED_EDGE('',*,*,#10882,.T.);
#10882 = EDGE_CURVE('',#9687,#10312,#10883,.T.);
#10883 = LINE('',#10884,#10885);
#10884 = CARTESIAN_POINT('',(1.45,-2.35,4.8));
#10885 = VECTOR('',#10886,1.);
#10886 = DIRECTION('',(-1.359631073447E-32,-1.110223024625E-16,-1.));
#10887 = ORIENTED_EDGE('',*,*,#10311,.T.);
#10888 = ORIENTED_EDGE('',*,*,#10865,.F.);
#10889 = PLANE('',#10890);
#10890 = AXIS2_PLACEMENT_3D('',#10891,#10892,#10893);
#10891 = CARTESIAN_POINT('',(1.45,-2.35,4.8));
#10892 = DIRECTION('',(1.224646799147E-16,1.,-1.110223024625E-16));
#10893 = DIRECTION('',(-1.,1.224646799147E-16,0.));
#10894 = ADVANCED_FACE('',(#10895),#10901,.F.);
#10895 = FACE_BOUND('',#10896,.F.);
#10896 = EDGE_LOOP('',(#10897,#10898,#10899,#10900));
#10897 = ORIENTED_EDGE('',*,*,#9686,.F.);
#10898 = ORIENTED_EDGE('',*,*,#9820,.T.);
#10899 = ORIENTED_EDGE('',*,*,#10319,.T.);
#10900 = ORIENTED_EDGE('',*,*,#10882,.F.);
#10901 = PLANE('',#10902);
#10902 = AXIS2_PLACEMENT_3D('',#10903,#10904,#10905);
#10903 = CARTESIAN_POINT('',(1.45,-6.25,4.8));
#10904 = DIRECTION('',(1.,-1.224646799147E-16,-0.));
#10905 = DIRECTION('',(1.224646799147E-16,1.,-1.110223024625E-16));
#10906 = ADVANCED_FACE('',(#10907),#10948,.F.);
#10907 = FACE_BOUND('',#10908,.F.);
#10908 = EDGE_LOOP('',(#10909,#10917,#10918,#10924,#10925,#10926,#10934,
    #10942));
#10909 = ORIENTED_EDGE('',*,*,#10910,.T.);
#10910 = EDGE_CURVE('',#10911,#10093,#10913,.T.);
#10911 = VERTEX_POINT('',#10912);
#10912 = CARTESIAN_POINT('',(-1.4,-0.25,4.8));
#10913 = LINE('',#10914,#10915);
#10914 = CARTESIAN_POINT('',(3.95,-0.25,4.8));
#10915 = VECTOR('',#10916,1.);
#10916 = DIRECTION('',(-1.,1.224646799147E-16,0.));
#10917 = ORIENTED_EDGE('',*,*,#10092,.T.);
#10918 = ORIENTED_EDGE('',*,*,#10919,.F.);
#10919 = EDGE_CURVE('',#10190,#10095,#10920,.T.);
#10920 = LINE('',#10921,#10922);
#10921 = CARTESIAN_POINT('',(-0.95,-0.25,4.1));
#10922 = VECTOR('',#10923,1.);
#10923 = DIRECTION('',(-1.,1.224646799147E-16,0.));
#10924 = ORIENTED_EDGE('',*,*,#10189,.F.);
#10925 = ORIENTED_EDGE('',*,*,#9855,.T.);
#10926 = ORIENTED_EDGE('',*,*,#10927,.T.);
#10927 = EDGE_CURVE('',#9858,#10928,#10930,.T.);
#10928 = VERTEX_POINT('',#10929);
#10929 = CARTESIAN_POINT('',(-0.75,-0.25,4.2));
#10930 = LINE('',#10931,#10932);
#10931 = CARTESIAN_POINT('',(-0.75,-0.25,0.3));
#10932 = VECTOR('',#10933,1.);
#10933 = DIRECTION('',(1.359631073447E-32,1.110223024625E-16,1.));
#10934 = ORIENTED_EDGE('',*,*,#10935,.F.);
#10935 = EDGE_CURVE('',#10936,#10928,#10938,.T.);
#10936 = VERTEX_POINT('',#10937);
#10937 = CARTESIAN_POINT('',(-1.4,-0.25,4.2));
#10938 = LINE('',#10939,#10940);
#10939 = CARTESIAN_POINT('',(-1.4,-0.25,4.2));
#10940 = VECTOR('',#10941,1.);
#10941 = DIRECTION('',(1.,-1.224646799147E-16,0.));
#10942 = ORIENTED_EDGE('',*,*,#10943,.F.);
#10943 = EDGE_CURVE('',#10911,#10936,#10944,.T.);
#10944 = LINE('',#10945,#10946);
#10945 = CARTESIAN_POINT('',(-1.4,-0.25,4.8));
#10946 = VECTOR('',#10947,1.);
#10947 = DIRECTION('',(-1.359631073447E-32,-1.110223024625E-16,-1.));
#10948 = PLANE('',#10949);
#10949 = AXIS2_PLACEMENT_3D('',#10950,#10951,#10952);
#10950 = CARTESIAN_POINT('',(1.,-0.25,2.55));
#10951 = DIRECTION('',(-1.224646799147E-16,-1.,1.110223024625E-16));
#10952 = DIRECTION('',(-1.,1.224646799147E-16,0.));
#10953 = ADVANCED_FACE('',(#10954),#10979,.T.);
#10954 = FACE_BOUND('',#10955,.T.);
#10955 = EDGE_LOOP('',(#10956,#10957,#10963,#10964,#10972,#10978));
#10956 = ORIENTED_EDGE('',*,*,#10927,.T.);
#10957 = ORIENTED_EDGE('',*,*,#10958,.F.);
#10958 = EDGE_CURVE('',#10692,#10928,#10959,.T.);
#10959 = LINE('',#10960,#10961);
#10960 = CARTESIAN_POINT('',(-0.75,-1.335399017773,4.2));
#10961 = VECTOR('',#10962,1.);
#10962 = DIRECTION('',(1.224646799147E-16,1.,-1.110223024625E-16));
#10963 = ORIENTED_EDGE('',*,*,#10699,.T.);
#10964 = ORIENTED_EDGE('',*,*,#10965,.T.);
#10965 = EDGE_CURVE('',#10700,#10966,#10968,.T.);
#10966 = VERTEX_POINT('',#10967);
#10967 = CARTESIAN_POINT('',(-0.75,-0.35,2.6));
#10968 = LINE('',#10969,#10970);
#10969 = CARTESIAN_POINT('',(-0.75,-0.35,3.6));
#10970 = VECTOR('',#10971,1.);
#10971 = DIRECTION('',(-1.359631073447E-32,-1.110223024625E-16,-1.));
#10972 = ORIENTED_EDGE('',*,*,#10973,.T.);
#10973 = EDGE_CURVE('',#10966,#9920,#10974,.T.);
#10974 = LINE('',#10975,#10976);
#10975 = CARTESIAN_POINT('',(-0.75,-0.35,2.6));
#10976 = VECTOR('',#10977,1.);
#10977 = DIRECTION('',(-5.319525767383E-18,-4.343722427631E-02,
    -0.999056158355));
#10978 = ORIENTED_EDGE('',*,*,#9927,.T.);
#10979 = PLANE('',#10980);
#10980 = AXIS2_PLACEMENT_3D('',#10981,#10982,#10983);
#10981 = CARTESIAN_POINT('',(-0.75,-0.320798035545,2.550475523299));
#10982 = DIRECTION('',(1.,-1.224646799147E-16,0.));
#10983 = DIRECTION('',(1.224646799147E-16,1.,-1.110223024625E-16));
#10984 = ADVANCED_FACE('',(#10985),#10996,.F.);
#10985 = FACE_BOUND('',#10986,.F.);
#10986 = EDGE_LOOP('',(#10987,#10993,#10994,#10995));
#10987 = ORIENTED_EDGE('',*,*,#10988,.T.);
#10988 = EDGE_CURVE('',#10658,#10966,#10989,.T.);
#10989 = LINE('',#10990,#10991);
#10990 = CARTESIAN_POINT('',(0.75,-0.35,2.6));
#10991 = VECTOR('',#10992,1.);
#10992 = DIRECTION('',(-1.,1.224646799147E-16,0.));
#10993 = ORIENTED_EDGE('',*,*,#10973,.T.);
#10994 = ORIENTED_EDGE('',*,*,#9919,.F.);
#10995 = ORIENTED_EDGE('',*,*,#10665,.F.);
#10996 = PLANE('',#10997);
#10997 = AXIS2_PLACEMENT_3D('',#10998,#10999,#11000);
#10998 = CARTESIAN_POINT('',(0.75,-0.35,2.6));
#10999 = DIRECTION('',(-1.223490926498E-16,-0.999056158355,
    4.343722427631E-02));
#11000 = DIRECTION('',(-5.319525767383E-18,-4.343722427631E-02,
    -0.999056158355));
#11001 = ADVANCED_FACE('',(#11002),#11013,.F.);
#11002 = FACE_BOUND('',#11003,.F.);
#11003 = EDGE_LOOP('',(#11004,#11010,#11011,#11012));
#11004 = ORIENTED_EDGE('',*,*,#11005,.T.);
#11005 = EDGE_CURVE('',#10468,#10603,#11006,.T.);
#11006 = LINE('',#11007,#11008);
#11007 = CARTESIAN_POINT('',(2.75,-0.35,2.6));
#11008 = VECTOR('',#11009,1.);
#11009 = DIRECTION('',(-1.,1.224646799147E-16,0.));
#11010 = ORIENTED_EDGE('',*,*,#10610,.T.);
#11011 = ORIENTED_EDGE('',*,*,#9887,.F.);
#11012 = ORIENTED_EDGE('',*,*,#10475,.F.);
#11013 = PLANE('',#11014);
#11014 = AXIS2_PLACEMENT_3D('',#11015,#11016,#11017);
#11015 = CARTESIAN_POINT('',(2.75,-0.35,2.6));
#11016 = DIRECTION('',(-1.223490926498E-16,-0.999056158355,
    4.343722427631E-02));
#11017 = DIRECTION('',(-5.319525767383E-18,-4.343722427631E-02,
    -0.999056158355));
#11018 = ADVANCED_FACE('',(#11019),#11037,.F.);
#11019 = FACE_BOUND('',#11020,.F.);
#11020 = EDGE_LOOP('',(#11021,#11022,#11030,#11036));
#11021 = ORIENTED_EDGE('',*,*,#9988,.T.);
#11022 = ORIENTED_EDGE('',*,*,#11023,.T.);
#11023 = EDGE_CURVE('',#9981,#11024,#11026,.T.);
#11024 = VERTEX_POINT('',#11025);
#11025 = CARTESIAN_POINT('',(1.2,-3.95,1.1));
#11026 = LINE('',#11027,#11028);
#11027 = CARTESIAN_POINT('',(1.2,-3.95,0.8));
#11028 = VECTOR('',#11029,1.);
#11029 = DIRECTION('',(1.359631073447E-32,1.110223024625E-16,1.));
#11030 = ORIENTED_EDGE('',*,*,#11031,.F.);
#11031 = EDGE_CURVE('',#10360,#11024,#11032,.T.);
#11032 = LINE('',#11033,#11034);
#11033 = CARTESIAN_POINT('',(1.2,-2.05,1.1));
#11034 = VECTOR('',#11035,1.);
#11035 = DIRECTION('',(-1.224646799147E-16,-1.,1.110223024625E-16));
#11036 = ORIENTED_EDGE('',*,*,#10367,.F.);
#11037 = PLANE('',#11038);
#11038 = AXIS2_PLACEMENT_3D('',#11039,#11040,#11041);
#11039 = CARTESIAN_POINT('',(1.2,-2.05,0.8));
#11040 = DIRECTION('',(-1.,1.224646799147E-16,0.));
#11041 = DIRECTION('',(1.359631073446E-32,1.110223024625E-16,1.));
#11042 = ADVANCED_FACE('',(#11043),#11061,.T.);
#11043 = FACE_BOUND('',#11044,.T.);
#11044 = EDGE_LOOP('',(#11045,#11053,#11059,#11060));
#11045 = ORIENTED_EDGE('',*,*,#11046,.T.);
#11046 = EDGE_CURVE('',#11024,#11047,#11049,.T.);
#11047 = VERTEX_POINT('',#11048);
#11048 = CARTESIAN_POINT('',(0.8,-3.95,1.1));
#11049 = LINE('',#11050,#11051);
#11050 = CARTESIAN_POINT('',(1.2,-3.95,1.1));
#11051 = VECTOR('',#11052,1.);
#11052 = DIRECTION('',(-1.,1.224646799147E-16,0.));
#11053 = ORIENTED_EDGE('',*,*,#11054,.T.);
#11054 = EDGE_CURVE('',#11047,#9973,#11055,.T.);
#11055 = LINE('',#11056,#11057);
#11056 = CARTESIAN_POINT('',(0.8,-3.95,1.1));
#11057 = VECTOR('',#11058,1.);
#11058 = DIRECTION('',(-1.359631073447E-32,-1.110223024625E-16,-1.));
#11059 = ORIENTED_EDGE('',*,*,#9980,.T.);
#11060 = ORIENTED_EDGE('',*,*,#11023,.T.);
#11061 = PLANE('',#11062);
#11062 = AXIS2_PLACEMENT_3D('',#11063,#11064,#11065);
#11063 = CARTESIAN_POINT('',(1.,-3.95,0.95));
#11064 = DIRECTION('',(-1.224646799147E-16,-1.,1.110223024625E-16));
#11065 = DIRECTION('',(-1.,1.224646799147E-16,0.));
#11066 = ADVANCED_FACE('',(#11067),#11078,.F.);
#11067 = FACE_BOUND('',#11068,.F.);
#11068 = EDGE_LOOP('',(#11069,#11075,#11076,#11077));
#11069 = ORIENTED_EDGE('',*,*,#11070,.T.);
#11070 = EDGE_CURVE('',#10352,#11047,#11071,.T.);
#11071 = LINE('',#11072,#11073);
#11072 = CARTESIAN_POINT('',(0.8,-2.05,1.1));
#11073 = VECTOR('',#11074,1.);
#11074 = DIRECTION('',(-1.224646799147E-16,-1.,1.110223024625E-16));
#11075 = ORIENTED_EDGE('',*,*,#11054,.T.);
#11076 = ORIENTED_EDGE('',*,*,#9972,.F.);
#11077 = ORIENTED_EDGE('',*,*,#10351,.F.);
#11078 = PLANE('',#11079);
#11079 = AXIS2_PLACEMENT_3D('',#11080,#11081,#11082);
#11080 = CARTESIAN_POINT('',(0.8,-2.05,1.1));
#11081 = DIRECTION('',(1.,-1.224646799147E-16,0.));
#11082 = DIRECTION('',(-1.359631073446E-32,-1.110223024625E-16,-1.));
#11083 = ADVANCED_FACE('',(#11084),#11095,.T.);
#11084 = FACE_BOUND('',#11085,.T.);
#11085 = EDGE_LOOP('',(#11086,#11087,#11088,#11089));
#11086 = ORIENTED_EDGE('',*,*,#10054,.T.);
#11087 = ORIENTED_EDGE('',*,*,#10848,.T.);
#11088 = ORIENTED_EDGE('',*,*,#10135,.T.);
#11089 = ORIENTED_EDGE('',*,*,#11090,.F.);
#11090 = EDGE_CURVE('',#10046,#10127,#11091,.T.);
#11091 = LINE('',#11092,#11093);
#11092 = CARTESIAN_POINT('',(3.95,-4.65,3.3));
#11093 = VECTOR('',#11094,1.);
#11094 = DIRECTION('',(-1.,1.224646799147E-16,0.));
#11095 = PLANE('',#11096);
#11096 = AXIS2_PLACEMENT_3D('',#11097,#11098,#11099);
#11097 = CARTESIAN_POINT('',(3.95,-6.25,3.3));
#11098 = DIRECTION('',(-1.359631073447E-32,-1.110223024625E-16,-1.));
#11099 = DIRECTION('',(1.224646799147E-16,1.,-1.110223024625E-16));
#11100 = ADVANCED_FACE('',(#11101),#11107,.F.);
#11101 = FACE_BOUND('',#11102,.F.);
#11102 = EDGE_LOOP('',(#11103,#11104,#11105,#11106));
#11103 = ORIENTED_EDGE('',*,*,#10069,.T.);
#11104 = ORIENTED_EDGE('',*,*,#10126,.T.);
#11105 = ORIENTED_EDGE('',*,*,#11090,.F.);
#11106 = ORIENTED_EDGE('',*,*,#10045,.F.);
#11107 = CYLINDRICAL_SURFACE('',#11108,0.4);
#11108 = AXIS2_PLACEMENT_3D('',#11109,#11110,#11111);
#11109 = CARTESIAN_POINT('',(3.95,-4.65,2.9));
#11110 = DIRECTION('',(1.,-1.224646799147E-16,0.));
#11111 = DIRECTION('',(1.359631073446E-32,1.110223024625E-16,1.));
#11112 = ADVANCED_FACE('',(#11113),#11124,.F.);
#11113 = FACE_BOUND('',#11114,.F.);
#11114 = EDGE_LOOP('',(#11115,#11116,#11117,#11123));
#11115 = ORIENTED_EDGE('',*,*,#10919,.T.);
#11116 = ORIENTED_EDGE('',*,*,#10102,.T.);
#11117 = ORIENTED_EDGE('',*,*,#11118,.F.);
#11118 = EDGE_CURVE('',#10198,#10103,#11119,.T.);
#11119 = LINE('',#11120,#11121);
#11120 = CARTESIAN_POINT('',(-0.95,1.35,3.2));
#11121 = VECTOR('',#11122,1.);
#11122 = DIRECTION('',(-1.,1.224646799147E-16,0.));
#11123 = ORIENTED_EDGE('',*,*,#10197,.F.);
#11124 = PLANE('',#11125);
#11125 = AXIS2_PLACEMENT_3D('',#11126,#11127,#11128);
#11126 = CARTESIAN_POINT('',(-0.95,-0.25,4.1));
#11127 = DIRECTION('',(-6.003968578616E-17,-0.490261239633,
    -0.871575537124));
#11128 = DIRECTION('',(1.067372191754E-16,0.871575537124,-0.490261239633
    ));
#11129 = ADVANCED_FACE('',(#11130),#11136,.F.);
#11130 = FACE_BOUND('',#11131,.F.);
#11131 = EDGE_LOOP('',(#11132,#11133,#11134,#11135));
#11132 = ORIENTED_EDGE('',*,*,#11118,.T.);
#11133 = ORIENTED_EDGE('',*,*,#10110,.T.);
#11134 = ORIENTED_EDGE('',*,*,#10165,.F.);
#11135 = ORIENTED_EDGE('',*,*,#10205,.F.);
#11136 = PLANE('',#11137);
#11137 = AXIS2_PLACEMENT_3D('',#11138,#11139,#11140);
#11138 = CARTESIAN_POINT('',(-0.95,1.35,3.2));
#11139 = DIRECTION('',(-1.224646799147E-16,-1.,0.));
#11140 = DIRECTION('',(-0.,0.,-1.));
#11141 = ADVANCED_FACE('',(#11142),#11160,.F.);
#11142 = FACE_BOUND('',#11143,.F.);
#11143 = EDGE_LOOP('',(#11144,#11145,#11151,#11152,#11158,#11159));
#11144 = ORIENTED_EDGE('',*,*,#10910,.F.);
#11145 = ORIENTED_EDGE('',*,*,#11146,.F.);
#11146 = EDGE_CURVE('',#10748,#10911,#11147,.T.);
#11147 = LINE('',#11148,#11149);
#11148 = CARTESIAN_POINT('',(-1.4,-4.45,4.8));
#11149 = VECTOR('',#11150,1.);
#11150 = DIRECTION('',(1.224646799147E-16,1.,-1.110223024625E-16));
#11151 = ORIENTED_EDGE('',*,*,#10755,.F.);
#11152 = ORIENTED_EDGE('',*,*,#11153,.T.);
#11153 = EDGE_CURVE('',#10756,#10834,#11154,.T.);
#11154 = LINE('',#11155,#11156);
#11155 = CARTESIAN_POINT('',(-0.95,-4.45,4.8));
#11156 = VECTOR('',#11157,1.);
#11157 = DIRECTION('',(-1.224646799147E-16,-1.,1.110223024625E-16));
#11158 = ORIENTED_EDGE('',*,*,#10841,.T.);
#11159 = ORIENTED_EDGE('',*,*,#10151,.F.);
#11160 = PLANE('',#11161);
#11161 = AXIS2_PLACEMENT_3D('',#11162,#11163,#11164);
#11162 = CARTESIAN_POINT('',(3.95,-0.25,4.8));
#11163 = DIRECTION('',(-1.359631073447E-32,-1.110223024625E-16,-1.));
#11164 = DIRECTION('',(-1.,1.224646799147E-16,6.927121900793E-45));
#11165 = ADVANCED_FACE('',(#11166),#11178,.T.);
#11166 = FACE_BOUND('',#11167,.T.);
#11167 = EDGE_LOOP('',(#11168,#11169,#11170,#11171,#11177));
#11168 = ORIENTED_EDGE('',*,*,#11146,.F.);
#11169 = ORIENTED_EDGE('',*,*,#10747,.T.);
#11170 = ORIENTED_EDGE('',*,*,#10280,.T.);
#11171 = ORIENTED_EDGE('',*,*,#11172,.T.);
#11172 = EDGE_CURVE('',#10281,#10936,#11173,.T.);
#11173 = LINE('',#11174,#11175);
#11174 = CARTESIAN_POINT('',(-1.4,-4.45,4.2));
#11175 = VECTOR('',#11176,1.);
#11176 = DIRECTION('',(1.224646799147E-16,1.,-1.110223024625E-16));
#11177 = ORIENTED_EDGE('',*,*,#10943,.F.);
#11178 = PLANE('',#11179);
#11179 = AXIS2_PLACEMENT_3D('',#11180,#11181,#11182);
#11180 = CARTESIAN_POINT('',(-1.4,-4.45,4.8));
#11181 = DIRECTION('',(1.,-1.224646799147E-16,0.));
#11182 = DIRECTION('',(1.224646799147E-16,1.,-1.110223024625E-16));
#11183 = ADVANCED_FACE('',(#11184),#11190,.F.);
#11184 = FACE_BOUND('',#11185,.F.);
#11185 = EDGE_LOOP('',(#11186,#11187,#11188,#11189));
#11186 = ORIENTED_EDGE('',*,*,#11031,.T.);
#11187 = ORIENTED_EDGE('',*,*,#11046,.T.);
#11188 = ORIENTED_EDGE('',*,*,#11070,.F.);
#11189 = ORIENTED_EDGE('',*,*,#10359,.F.);
#11190 = PLANE('',#11191);
#11191 = AXIS2_PLACEMENT_3D('',#11192,#11193,#11194);
#11192 = CARTESIAN_POINT('',(1.2,-2.05,1.1));
#11193 = DIRECTION('',(-1.359631073447E-32,-1.110223024625E-16,-1.));
#11194 = DIRECTION('',(-1.,1.224646799147E-16,6.927121900793E-45));
#11195 = ADVANCED_FACE('',(#11196),#11204,.F.);
#11196 = FACE_BOUND('',#11197,.F.);
#11197 = EDGE_LOOP('',(#11198,#11199,#11200,#11201,#11202,#11203));
#11198 = ORIENTED_EDGE('',*,*,#10342,.T.);
#11199 = ORIENTED_EDGE('',*,*,#11172,.T.);
#11200 = ORIENTED_EDGE('',*,*,#10935,.T.);
#11201 = ORIENTED_EDGE('',*,*,#10958,.F.);
#11202 = ORIENTED_EDGE('',*,*,#10691,.T.);
#11203 = ORIENTED_EDGE('',*,*,#10723,.T.);
#11204 = PLANE('',#11205);
#11205 = AXIS2_PLACEMENT_3D('',#11206,#11207,#11208);
#11206 = CARTESIAN_POINT('',(-0.9,-2.35,4.2));
#11207 = DIRECTION('',(-1.359631073447E-32,-1.110223024625E-16,-1.));
#11208 = DIRECTION('',(-1.224646799147E-16,-1.,1.110223024625E-16));
#11209 = ADVANCED_FACE('',(#11210),#11235,.F.);
#11210 = FACE_BOUND('',#11211,.F.);
#11211 = EDGE_LOOP('',(#11212,#11222,#11228,#11229));
#11212 = ORIENTED_EDGE('',*,*,#11213,.T.);
#11213 = EDGE_CURVE('',#11214,#11216,#11218,.T.);
#11214 = VERTEX_POINT('',#11215);
#11215 = CARTESIAN_POINT('',(0.25,-5.55,2.85));
#11216 = VERTEX_POINT('',#11217);
#11217 = CARTESIAN_POINT('',(0.25,-5.55,3.35));
#11218 = LINE('',#11219,#11220);
#11219 = CARTESIAN_POINT('',(0.25,-5.55,2.85));
#11220 = VECTOR('',#11221,1.);
#11221 = DIRECTION('',(0.,0.,1.));
#11222 = ORIENTED_EDGE('',*,*,#11223,.T.);
#11223 = EDGE_CURVE('',#11216,#10377,#11224,.T.);
#11224 = LINE('',#11225,#11226);
#11225 = CARTESIAN_POINT('',(0.25,-5.75,3.35));
#11226 = VECTOR('',#11227,1.);
#11227 = DIRECTION('',(1.224646799147E-16,1.,0.));
#11228 = ORIENTED_EDGE('',*,*,#10376,.T.);
#11229 = ORIENTED_EDGE('',*,*,#11230,.T.);
#11230 = EDGE_CURVE('',#10379,#11214,#11231,.T.);
#11231 = LINE('',#11232,#11233);
#11232 = CARTESIAN_POINT('',(0.25,-0.25,2.85));
#11233 = VECTOR('',#11234,1.);
#11234 = DIRECTION('',(-1.224646799147E-16,-1.,0.));
#11235 = PLANE('',#11236);
#11236 = AXIS2_PLACEMENT_3D('',#11237,#11238,#11239);
#11237 = CARTESIAN_POINT('',(0.25,-1.421959173294,1.302213422577));
#11238 = DIRECTION('',(-1.,1.224646799147E-16,0.));
#11239 = DIRECTION('',(0.,0.,1.));
#11240 = ADVANCED_FACE('',(#11241),#11259,.F.);
#11241 = FACE_BOUND('',#11242,.F.);
#11242 = EDGE_LOOP('',(#11243,#11244,#11252,#11258));
#11243 = ORIENTED_EDGE('',*,*,#11223,.F.);
#11244 = ORIENTED_EDGE('',*,*,#11245,.T.);
#11245 = EDGE_CURVE('',#11216,#11246,#11248,.T.);
#11246 = VERTEX_POINT('',#11247);
#11247 = CARTESIAN_POINT('',(-0.25,-5.55,3.35));
#11248 = LINE('',#11249,#11250);
#11249 = CARTESIAN_POINT('',(0.25,-5.55,3.35));
#11250 = VECTOR('',#11251,1.);
#11251 = DIRECTION('',(-1.,1.224646799147E-16,0.));
#11252 = ORIENTED_EDGE('',*,*,#11253,.T.);
#11253 = EDGE_CURVE('',#11246,#10395,#11254,.T.);
#11254 = LINE('',#11255,#11256);
#11255 = CARTESIAN_POINT('',(-0.25,-5.75,3.35));
#11256 = VECTOR('',#11257,1.);
#11257 = DIRECTION('',(1.224646799147E-16,1.,0.));
#11258 = ORIENTED_EDGE('',*,*,#10402,.T.);
#11259 = PLANE('',#11260);
#11260 = AXIS2_PLACEMENT_3D('',#11261,#11262,#11263);
#11261 = CARTESIAN_POINT('',(0.25,-5.75,3.35));
#11262 = DIRECTION('',(-0.,0.,-1.));
#11263 = DIRECTION('',(1.224646799147E-16,1.,0.));
#11264 = ADVANCED_FACE('',(#11265),#11283,.T.);
#11265 = FACE_BOUND('',#11266,.T.);
#11266 = EDGE_LOOP('',(#11267,#11275,#11276,#11277));
#11267 = ORIENTED_EDGE('',*,*,#11268,.T.);
#11268 = EDGE_CURVE('',#11269,#11246,#11271,.T.);
#11269 = VERTEX_POINT('',#11270);
#11270 = CARTESIAN_POINT('',(-0.25,-5.55,2.85));
#11271 = LINE('',#11272,#11273);
#11272 = CARTESIAN_POINT('',(-0.25,-5.55,2.85));
#11273 = VECTOR('',#11274,1.);
#11274 = DIRECTION('',(0.,0.,1.));
#11275 = ORIENTED_EDGE('',*,*,#11253,.T.);
#11276 = ORIENTED_EDGE('',*,*,#10394,.T.);
#11277 = ORIENTED_EDGE('',*,*,#11278,.T.);
#11278 = EDGE_CURVE('',#10387,#11269,#11279,.T.);
#11279 = LINE('',#11280,#11281);
#11280 = CARTESIAN_POINT('',(-0.25,-0.25,2.85));
#11281 = VECTOR('',#11282,1.);
#11282 = DIRECTION('',(-1.224646799147E-16,-1.,0.));
#11283 = PLANE('',#11284);
#11284 = AXIS2_PLACEMENT_3D('',#11285,#11286,#11287);
#11285 = CARTESIAN_POINT('',(-0.25,-1.421959173294,1.302213422577));
#11286 = DIRECTION('',(-1.,1.224646799147E-16,0.));
#11287 = DIRECTION('',(0.,0.,1.));
#11288 = ADVANCED_FACE('',(#11289),#11300,.F.);
#11289 = FACE_BOUND('',#11290,.F.);
#11290 = EDGE_LOOP('',(#11291,#11292,#11293,#11294));
#11291 = ORIENTED_EDGE('',*,*,#11230,.F.);
#11292 = ORIENTED_EDGE('',*,*,#10386,.T.);
#11293 = ORIENTED_EDGE('',*,*,#11278,.T.);
#11294 = ORIENTED_EDGE('',*,*,#11295,.F.);
#11295 = EDGE_CURVE('',#11214,#11269,#11296,.T.);
#11296 = LINE('',#11297,#11298);
#11297 = CARTESIAN_POINT('',(0.25,-5.55,2.85));
#11298 = VECTOR('',#11299,1.);
#11299 = DIRECTION('',(-1.,1.224646799147E-16,0.));
#11300 = PLANE('',#11301);
#11301 = AXIS2_PLACEMENT_3D('',#11302,#11303,#11304);
#11302 = CARTESIAN_POINT('',(0.25,-0.25,2.85));
#11303 = DIRECTION('',(0.,0.,1.));
#11304 = DIRECTION('',(-1.224646799147E-16,-1.,0.));
#11305 = ADVANCED_FACE('',(#11306),#11331,.F.);
#11306 = FACE_BOUND('',#11307,.F.);
#11307 = EDGE_LOOP('',(#11308,#11318,#11324,#11325));
#11308 = ORIENTED_EDGE('',*,*,#11309,.T.);
#11309 = EDGE_CURVE('',#11310,#11312,#11314,.T.);
#11310 = VERTEX_POINT('',#11311);
#11311 = CARTESIAN_POINT('',(2.25,-5.55,2.85));
#11312 = VERTEX_POINT('',#11313);
#11313 = CARTESIAN_POINT('',(2.25,-5.55,3.35));
#11314 = LINE('',#11315,#11316);
#11315 = CARTESIAN_POINT('',(2.25,-5.55,2.85));
#11316 = VECTOR('',#11317,1.);
#11317 = DIRECTION('',(0.,0.,1.));
#11318 = ORIENTED_EDGE('',*,*,#11319,.T.);
#11319 = EDGE_CURVE('',#11312,#10411,#11320,.T.);
#11320 = LINE('',#11321,#11322);
#11321 = CARTESIAN_POINT('',(2.25,-5.75,3.35));
#11322 = VECTOR('',#11323,1.);
#11323 = DIRECTION('',(1.224646799147E-16,1.,0.));
#11324 = ORIENTED_EDGE('',*,*,#10410,.T.);
#11325 = ORIENTED_EDGE('',*,*,#11326,.T.);
#11326 = EDGE_CURVE('',#10413,#11310,#11327,.T.);
#11327 = LINE('',#11328,#11329);
#11328 = CARTESIAN_POINT('',(2.25,-0.25,2.85));
#11329 = VECTOR('',#11330,1.);
#11330 = DIRECTION('',(-1.224646799147E-16,-1.,0.));
#11331 = PLANE('',#11332);
#11332 = AXIS2_PLACEMENT_3D('',#11333,#11334,#11335);
#11333 = CARTESIAN_POINT('',(2.25,-1.421959173294,1.302213422577));
#11334 = DIRECTION('',(-1.,1.224646799147E-16,0.));
#11335 = DIRECTION('',(0.,0.,1.));
#11336 = ADVANCED_FACE('',(#11337),#11355,.F.);
#11337 = FACE_BOUND('',#11338,.F.);
#11338 = EDGE_LOOP('',(#11339,#11340,#11348,#11354));
#11339 = ORIENTED_EDGE('',*,*,#11319,.F.);
#11340 = ORIENTED_EDGE('',*,*,#11341,.T.);
#11341 = EDGE_CURVE('',#11312,#11342,#11344,.T.);
#11342 = VERTEX_POINT('',#11343);
#11343 = CARTESIAN_POINT('',(1.75,-5.55,3.35));
#11344 = LINE('',#11345,#11346);
#11345 = CARTESIAN_POINT('',(2.25,-5.55,3.35));
#11346 = VECTOR('',#11347,1.);
#11347 = DIRECTION('',(-1.,1.224646799147E-16,0.));
#11348 = ORIENTED_EDGE('',*,*,#11349,.T.);
#11349 = EDGE_CURVE('',#11342,#10429,#11350,.T.);
#11350 = LINE('',#11351,#11352);
#11351 = CARTESIAN_POINT('',(1.75,-5.75,3.35));
#11352 = VECTOR('',#11353,1.);
#11353 = DIRECTION('',(1.224646799147E-16,1.,0.));
#11354 = ORIENTED_EDGE('',*,*,#10436,.T.);
#11355 = PLANE('',#11356);
#11356 = AXIS2_PLACEMENT_3D('',#11357,#11358,#11359);
#11357 = CARTESIAN_POINT('',(2.25,-5.75,3.35));
#11358 = DIRECTION('',(-0.,0.,-1.));
#11359 = DIRECTION('',(1.224646799147E-16,1.,0.));
#11360 = ADVANCED_FACE('',(#11361),#11379,.T.);
#11361 = FACE_BOUND('',#11362,.T.);
#11362 = EDGE_LOOP('',(#11363,#11371,#11372,#11373));
#11363 = ORIENTED_EDGE('',*,*,#11364,.T.);
#11364 = EDGE_CURVE('',#11365,#11342,#11367,.T.);
#11365 = VERTEX_POINT('',#11366);
#11366 = CARTESIAN_POINT('',(1.75,-5.55,2.85));
#11367 = LINE('',#11368,#11369);
#11368 = CARTESIAN_POINT('',(1.75,-5.55,2.85));
#11369 = VECTOR('',#11370,1.);
#11370 = DIRECTION('',(0.,0.,1.));
#11371 = ORIENTED_EDGE('',*,*,#11349,.T.);
#11372 = ORIENTED_EDGE('',*,*,#10428,.T.);
#11373 = ORIENTED_EDGE('',*,*,#11374,.T.);
#11374 = EDGE_CURVE('',#10421,#11365,#11375,.T.);
#11375 = LINE('',#11376,#11377);
#11376 = CARTESIAN_POINT('',(1.75,-0.25,2.85));
#11377 = VECTOR('',#11378,1.);
#11378 = DIRECTION('',(-1.224646799147E-16,-1.,0.));
#11379 = PLANE('',#11380);
#11380 = AXIS2_PLACEMENT_3D('',#11381,#11382,#11383);
#11381 = CARTESIAN_POINT('',(1.75,-1.421959173294,1.302213422577));
#11382 = DIRECTION('',(-1.,1.224646799147E-16,0.));
#11383 = DIRECTION('',(0.,0.,1.));
#11384 = ADVANCED_FACE('',(#11385),#11396,.F.);
#11385 = FACE_BOUND('',#11386,.F.);
#11386 = EDGE_LOOP('',(#11387,#11388,#11389,#11390));
#11387 = ORIENTED_EDGE('',*,*,#11326,.F.);
#11388 = ORIENTED_EDGE('',*,*,#10420,.T.);
#11389 = ORIENTED_EDGE('',*,*,#11374,.T.);
#11390 = ORIENTED_EDGE('',*,*,#11391,.F.);
#11391 = EDGE_CURVE('',#11310,#11365,#11392,.T.);
#11392 = LINE('',#11393,#11394);
#11393 = CARTESIAN_POINT('',(2.25,-5.55,2.85));
#11394 = VECTOR('',#11395,1.);
#11395 = DIRECTION('',(-1.,1.224646799147E-16,0.));
#11396 = PLANE('',#11397);
#11397 = AXIS2_PLACEMENT_3D('',#11398,#11399,#11400);
#11398 = CARTESIAN_POINT('',(2.25,-0.25,2.85));
#11399 = DIRECTION('',(0.,0.,1.));
#11400 = DIRECTION('',(-1.224646799147E-16,-1.,0.));
#11401 = ADVANCED_FACE('',(#11402,#11408),#11442,.F.);
#11402 = FACE_BOUND('',#11403,.F.);
#11403 = EDGE_LOOP('',(#11404,#11405,#11406,#11407));
#11404 = ORIENTED_EDGE('',*,*,#10584,.T.);
#11405 = ORIENTED_EDGE('',*,*,#10602,.T.);
#11406 = ORIENTED_EDGE('',*,*,#11005,.F.);
#11407 = ORIENTED_EDGE('',*,*,#10467,.F.);
#11408 = FACE_BOUND('',#11409,.F.);
#11409 = EDGE_LOOP('',(#11410,#11420,#11428,#11436));
#11410 = ORIENTED_EDGE('',*,*,#11411,.T.);
#11411 = EDGE_CURVE('',#11412,#11414,#11416,.T.);
#11412 = VERTEX_POINT('',#11413);
#11413 = CARTESIAN_POINT('',(2.25,-0.35,3.35));
#11414 = VERTEX_POINT('',#11415);
#11415 = CARTESIAN_POINT('',(2.25,-0.35,2.85));
#11416 = LINE('',#11417,#11418);
#11417 = CARTESIAN_POINT('',(2.25,-0.35,2.451106711288));
#11418 = VECTOR('',#11419,1.);
#11419 = DIRECTION('',(-1.359631073447E-32,-1.110223024625E-16,-1.));
#11420 = ORIENTED_EDGE('',*,*,#11421,.T.);
#11421 = EDGE_CURVE('',#11414,#11422,#11424,.T.);
#11422 = VERTEX_POINT('',#11423);
#11423 = CARTESIAN_POINT('',(1.75,-0.35,2.85));
#11424 = LINE('',#11425,#11426);
#11425 = CARTESIAN_POINT('',(2.5,-0.35,2.85));
#11426 = VECTOR('',#11427,1.);
#11427 = DIRECTION('',(-1.,1.224646799147E-16,0.));
#11428 = ORIENTED_EDGE('',*,*,#11429,.F.);
#11429 = EDGE_CURVE('',#11430,#11422,#11432,.T.);
#11430 = VERTEX_POINT('',#11431);
#11431 = CARTESIAN_POINT('',(1.75,-0.35,3.35));
#11432 = LINE('',#11433,#11434);
#11433 = CARTESIAN_POINT('',(1.75,-0.35,2.451106711288));
#11434 = VECTOR('',#11435,1.);
#11435 = DIRECTION('',(-1.359631073447E-32,-1.110223024625E-16,-1.));
#11436 = ORIENTED_EDGE('',*,*,#11437,.T.);
#11437 = EDGE_CURVE('',#11430,#11412,#11438,.T.);
#11438 = LINE('',#11439,#11440);
#11439 = CARTESIAN_POINT('',(2.5,-0.35,3.35));
#11440 = VECTOR('',#11441,1.);
#11441 = DIRECTION('',(1.,-1.224646799147E-16,0.));
#11442 = PLANE('',#11443);
#11443 = AXIS2_PLACEMENT_3D('',#11444,#11445,#11446);
#11444 = CARTESIAN_POINT('',(2.75,-0.35,3.6));
#11445 = DIRECTION('',(-1.224646799147E-16,-1.,1.110223024625E-16));
#11446 = DIRECTION('',(-1.359631073447E-32,-1.110223024625E-16,-1.));
#11447 = ADVANCED_FACE('',(#11448,#11454),#11488,.F.);
#11448 = FACE_BOUND('',#11449,.F.);
#11449 = EDGE_LOOP('',(#11450,#11451,#11452,#11453));
#11450 = ORIENTED_EDGE('',*,*,#10707,.T.);
#11451 = ORIENTED_EDGE('',*,*,#10965,.T.);
#11452 = ORIENTED_EDGE('',*,*,#10988,.F.);
#11453 = ORIENTED_EDGE('',*,*,#10657,.F.);
#11454 = FACE_BOUND('',#11455,.F.);
#11455 = EDGE_LOOP('',(#11456,#11466,#11474,#11482));
#11456 = ORIENTED_EDGE('',*,*,#11457,.T.);
#11457 = EDGE_CURVE('',#11458,#11460,#11462,.T.);
#11458 = VERTEX_POINT('',#11459);
#11459 = CARTESIAN_POINT('',(0.25,-0.35,3.35));
#11460 = VERTEX_POINT('',#11461);
#11461 = CARTESIAN_POINT('',(0.25,-0.35,2.85));
#11462 = LINE('',#11463,#11464);
#11463 = CARTESIAN_POINT('',(0.25,-0.35,2.451106711288));
#11464 = VECTOR('',#11465,1.);
#11465 = DIRECTION('',(-1.359631073447E-32,-1.110223024625E-16,-1.));
#11466 = ORIENTED_EDGE('',*,*,#11467,.T.);
#11467 = EDGE_CURVE('',#11460,#11468,#11470,.T.);
#11468 = VERTEX_POINT('',#11469);
#11469 = CARTESIAN_POINT('',(-0.25,-0.35,2.85));
#11470 = LINE('',#11471,#11472);
#11471 = CARTESIAN_POINT('',(0.5,-0.35,2.85));
#11472 = VECTOR('',#11473,1.);
#11473 = DIRECTION('',(-1.,1.224646799147E-16,0.));
#11474 = ORIENTED_EDGE('',*,*,#11475,.F.);
#11475 = EDGE_CURVE('',#11476,#11468,#11478,.T.);
#11476 = VERTEX_POINT('',#11477);
#11477 = CARTESIAN_POINT('',(-0.25,-0.35,3.35));
#11478 = LINE('',#11479,#11480);
#11479 = CARTESIAN_POINT('',(-0.25,-0.35,2.451106711288));
#11480 = VECTOR('',#11481,1.);
#11481 = DIRECTION('',(-1.359631073447E-32,-1.110223024625E-16,-1.));
#11482 = ORIENTED_EDGE('',*,*,#11483,.T.);
#11483 = EDGE_CURVE('',#11476,#11458,#11484,.T.);
#11484 = LINE('',#11485,#11486);
#11485 = CARTESIAN_POINT('',(0.5,-0.35,3.35));
#11486 = VECTOR('',#11487,1.);
#11487 = DIRECTION('',(1.,-1.224646799147E-16,0.));
#11488 = PLANE('',#11489);
#11489 = AXIS2_PLACEMENT_3D('',#11490,#11491,#11492);
#11490 = CARTESIAN_POINT('',(0.75,-0.35,3.6));
#11491 = DIRECTION('',(-1.224646799147E-16,-1.,1.110223024625E-16));
#11492 = DIRECTION('',(-1.359631073447E-32,-1.110223024625E-16,-1.));
#11493 = ADVANCED_FACE('',(#11494),#11505,.F.);
#11494 = FACE_BOUND('',#11495,.F.);
#11495 = EDGE_LOOP('',(#11496,#11502,#11503,#11504));
#11496 = ORIENTED_EDGE('',*,*,#11497,.T.);
#11497 = EDGE_CURVE('',#10764,#10826,#11498,.T.);
#11498 = LINE('',#11499,#11500);
#11499 = CARTESIAN_POINT('',(-0.95,-4.45,4.85));
#11500 = VECTOR('',#11501,1.);
#11501 = DIRECTION('',(-1.224646799147E-16,-1.,1.110223024625E-16));
#11502 = ORIENTED_EDGE('',*,*,#10833,.T.);
#11503 = ORIENTED_EDGE('',*,*,#11153,.F.);
#11504 = ORIENTED_EDGE('',*,*,#10763,.F.);
#11505 = PLANE('',#11506);
#11506 = AXIS2_PLACEMENT_3D('',#11507,#11508,#11509);
#11507 = CARTESIAN_POINT('',(-0.95,-4.45,4.85));
#11508 = DIRECTION('',(1.,-1.224646799147E-16,0.));
#11509 = DIRECTION('',(-1.359631073446E-32,-1.110223024625E-16,-1.));
#11510 = ADVANCED_FACE('',(#11511),#11517,.F.);
#11511 = FACE_BOUND('',#11512,.F.);
#11512 = EDGE_LOOP('',(#11513,#11514,#11515,#11516));
#11513 = ORIENTED_EDGE('',*,*,#10802,.T.);
#11514 = ORIENTED_EDGE('',*,*,#10825,.T.);
#11515 = ORIENTED_EDGE('',*,*,#11497,.F.);
#11516 = ORIENTED_EDGE('',*,*,#10771,.F.);
#11517 = PLANE('',#11518);
#11518 = AXIS2_PLACEMENT_3D('',#11519,#11520,#11521);
#11519 = CARTESIAN_POINT('',(-0.45,-4.45,4.85));
#11520 = DIRECTION('',(-1.359631073447E-32,-1.110223024625E-16,-1.));
#11521 = DIRECTION('',(-1.,1.224646799147E-16,6.927121900793E-45));
#11522 = ADVANCED_FACE('',(#11523),#11548,.T.);
#11523 = FACE_BOUND('',#11524,.T.);
#11524 = EDGE_LOOP('',(#11525,#11533,#11534,#11542));
#11525 = ORIENTED_EDGE('',*,*,#11526,.F.);
#11526 = EDGE_CURVE('',#11214,#11527,#11529,.T.);
#11527 = VERTEX_POINT('',#11528);
#11528 = CARTESIAN_POINT('',(5.E-02,-5.75,3.05));
#11529 = LINE('',#11530,#11531);
#11530 = CARTESIAN_POINT('',(0.183333333333,-5.616666666667,
    2.916666666667));
#11531 = VECTOR('',#11532,1.);
#11532 = DIRECTION('',(-0.57735026919,-0.57735026919,0.57735026919));
#11533 = ORIENTED_EDGE('',*,*,#11213,.T.);
#11534 = ORIENTED_EDGE('',*,*,#11535,.F.);
#11535 = EDGE_CURVE('',#11536,#11216,#11538,.T.);
#11536 = VERTEX_POINT('',#11537);
#11537 = CARTESIAN_POINT('',(5.E-02,-5.75,3.15));
#11538 = LINE('',#11539,#11540);
#11539 = CARTESIAN_POINT('',(0.1,-5.7,3.2));
#11540 = VECTOR('',#11541,1.);
#11541 = DIRECTION('',(0.57735026919,0.57735026919,0.57735026919));
#11542 = ORIENTED_EDGE('',*,*,#11543,.F.);
#11543 = EDGE_CURVE('',#11527,#11536,#11544,.T.);
#11544 = LINE('',#11545,#11546);
#11545 = CARTESIAN_POINT('',(5.E-02,-5.75,2.85));
#11546 = VECTOR('',#11547,1.);
#11547 = DIRECTION('',(0.,0.,1.));
#11548 = PLANE('',#11549);
#11549 = AXIS2_PLACEMENT_3D('',#11550,#11551,#11552);
#11550 = CARTESIAN_POINT('',(0.15,-5.65,2.85));
#11551 = DIRECTION('',(0.707106781187,-0.707106781187,
    -1.735417226644E-18));
#11552 = DIRECTION('',(1.227125289148E-18,-1.227125289148E-18,1.));
#11553 = ADVANCED_FACE('',(#11554),#11572,.T.);
#11554 = FACE_BOUND('',#11555,.F.);
#11555 = EDGE_LOOP('',(#11556,#11557,#11565,#11571));
#11556 = ORIENTED_EDGE('',*,*,#11535,.F.);
#11557 = ORIENTED_EDGE('',*,*,#11558,.T.);
#11558 = EDGE_CURVE('',#11536,#11559,#11561,.T.);
#11559 = VERTEX_POINT('',#11560);
#11560 = CARTESIAN_POINT('',(-5.E-02,-5.75,3.15));
#11561 = LINE('',#11562,#11563);
#11562 = CARTESIAN_POINT('',(0.25,-5.75,3.15));
#11563 = VECTOR('',#11564,1.);
#11564 = DIRECTION('',(-1.,1.224646799147E-16,0.));
#11565 = ORIENTED_EDGE('',*,*,#11566,.F.);
#11566 = EDGE_CURVE('',#11246,#11559,#11567,.T.);
#11567 = LINE('',#11568,#11569);
#11568 = CARTESIAN_POINT('',(-1.666666666667E-02,-5.783333333333,
    3.116666666667));
#11569 = VECTOR('',#11570,1.);
#11570 = DIRECTION('',(0.57735026919,-0.57735026919,-0.57735026919));
#11571 = ORIENTED_EDGE('',*,*,#11245,.F.);
#11572 = PLANE('',#11573);
#11573 = AXIS2_PLACEMENT_3D('',#11574,#11575,#11576);
#11574 = CARTESIAN_POINT('',(0.25,-5.65,3.25));
#11575 = DIRECTION('',(-8.659560562349E-17,-0.707106781187,
    0.707106781187));
#11576 = DIRECTION('',(1.,-1.224646799147E-16,-2.105272540809E-29));
#11577 = ADVANCED_FACE('',(#11578),#11596,.F.);
#11578 = FACE_BOUND('',#11579,.F.);
#11579 = EDGE_LOOP('',(#11580,#11588,#11589,#11590));
#11580 = ORIENTED_EDGE('',*,*,#11581,.F.);
#11581 = EDGE_CURVE('',#11269,#11582,#11584,.T.);
#11582 = VERTEX_POINT('',#11583);
#11583 = CARTESIAN_POINT('',(-5.E-02,-5.75,3.05));
#11584 = LINE('',#11585,#11586);
#11585 = CARTESIAN_POINT('',(-0.1,-5.7,3.));
#11586 = VECTOR('',#11587,1.);
#11587 = DIRECTION('',(0.57735026919,-0.57735026919,0.57735026919));
#11588 = ORIENTED_EDGE('',*,*,#11268,.T.);
#11589 = ORIENTED_EDGE('',*,*,#11566,.T.);
#11590 = ORIENTED_EDGE('',*,*,#11591,.F.);
#11591 = EDGE_CURVE('',#11582,#11559,#11592,.T.);
#11592 = LINE('',#11593,#11594);
#11593 = CARTESIAN_POINT('',(-5.E-02,-5.75,2.85));
#11594 = VECTOR('',#11595,1.);
#11595 = DIRECTION('',(0.,0.,1.));
#11596 = PLANE('',#11597);
#11597 = AXIS2_PLACEMENT_3D('',#11598,#11599,#11600);
#11598 = CARTESIAN_POINT('',(-0.15,-5.65,2.85));
#11599 = DIRECTION('',(0.707106781187,0.707106781187,1.735417226644E-18)
  );
#11600 = DIRECTION('',(-1.227125289148E-18,-1.227125289148E-18,1.));
#11601 = ADVANCED_FACE('',(#11602),#11613,.T.);
#11602 = FACE_BOUND('',#11603,.F.);
#11603 = EDGE_LOOP('',(#11604,#11605,#11606,#11607));
#11604 = ORIENTED_EDGE('',*,*,#11526,.F.);
#11605 = ORIENTED_EDGE('',*,*,#11295,.T.);
#11606 = ORIENTED_EDGE('',*,*,#11581,.T.);
#11607 = ORIENTED_EDGE('',*,*,#11608,.F.);
#11608 = EDGE_CURVE('',#11527,#11582,#11609,.T.);
#11609 = LINE('',#11610,#11611);
#11610 = CARTESIAN_POINT('',(0.25,-5.75,3.05));
#11611 = VECTOR('',#11612,1.);
#11612 = DIRECTION('',(-1.,1.224646799147E-16,0.));
#11613 = PLANE('',#11614);
#11614 = AXIS2_PLACEMENT_3D('',#11615,#11616,#11617);
#11615 = CARTESIAN_POINT('',(0.25,-5.65,2.95));
#11616 = DIRECTION('',(-8.659560562349E-17,-0.707106781187,
    -0.707106781187));
#11617 = DIRECTION('',(1.,-1.224646799147E-16,2.105272540809E-29));
#11618 = ADVANCED_FACE('',(#11619),#11644,.T.);
#11619 = FACE_BOUND('',#11620,.T.);
#11620 = EDGE_LOOP('',(#11621,#11629,#11630,#11638));
#11621 = ORIENTED_EDGE('',*,*,#11622,.F.);
#11622 = EDGE_CURVE('',#11310,#11623,#11625,.T.);
#11623 = VERTEX_POINT('',#11624);
#11624 = CARTESIAN_POINT('',(2.05,-5.75,3.05));
#11625 = LINE('',#11626,#11627);
#11626 = CARTESIAN_POINT('',(2.183333333333,-5.616666666667,
    2.916666666667));
#11627 = VECTOR('',#11628,1.);
#11628 = DIRECTION('',(-0.57735026919,-0.57735026919,0.57735026919));
#11629 = ORIENTED_EDGE('',*,*,#11309,.T.);
#11630 = ORIENTED_EDGE('',*,*,#11631,.F.);
#11631 = EDGE_CURVE('',#11632,#11312,#11634,.T.);
#11632 = VERTEX_POINT('',#11633);
#11633 = CARTESIAN_POINT('',(2.05,-5.75,3.15));
#11634 = LINE('',#11635,#11636);
#11635 = CARTESIAN_POINT('',(2.1,-5.7,3.2));
#11636 = VECTOR('',#11637,1.);
#11637 = DIRECTION('',(0.57735026919,0.57735026919,0.57735026919));
#11638 = ORIENTED_EDGE('',*,*,#11639,.F.);
#11639 = EDGE_CURVE('',#11623,#11632,#11640,.T.);
#11640 = LINE('',#11641,#11642);
#11641 = CARTESIAN_POINT('',(2.05,-5.75,2.85));
#11642 = VECTOR('',#11643,1.);
#11643 = DIRECTION('',(0.,0.,1.));
#11644 = PLANE('',#11645);
#11645 = AXIS2_PLACEMENT_3D('',#11646,#11647,#11648);
#11646 = CARTESIAN_POINT('',(2.15,-5.65,2.85));
#11647 = DIRECTION('',(0.707106781187,-0.707106781187,
    -1.735417226644E-18));
#11648 = DIRECTION('',(1.227125289148E-18,-1.227125289148E-18,1.));
#11649 = ADVANCED_FACE('',(#11650),#11668,.T.);
#11650 = FACE_BOUND('',#11651,.F.);
#11651 = EDGE_LOOP('',(#11652,#11653,#11661,#11667));
#11652 = ORIENTED_EDGE('',*,*,#11631,.F.);
#11653 = ORIENTED_EDGE('',*,*,#11654,.T.);
#11654 = EDGE_CURVE('',#11632,#11655,#11657,.T.);
#11655 = VERTEX_POINT('',#11656);
#11656 = CARTESIAN_POINT('',(1.95,-5.75,3.15));
#11657 = LINE('',#11658,#11659);
#11658 = CARTESIAN_POINT('',(2.25,-5.75,3.15));
#11659 = VECTOR('',#11660,1.);
#11660 = DIRECTION('',(-1.,1.224646799147E-16,0.));
#11661 = ORIENTED_EDGE('',*,*,#11662,.F.);
#11662 = EDGE_CURVE('',#11342,#11655,#11663,.T.);
#11663 = LINE('',#11664,#11665);
#11664 = CARTESIAN_POINT('',(1.983333333333,-5.783333333333,
    3.116666666667));
#11665 = VECTOR('',#11666,1.);
#11666 = DIRECTION('',(0.57735026919,-0.57735026919,-0.57735026919));
#11667 = ORIENTED_EDGE('',*,*,#11341,.F.);
#11668 = PLANE('',#11669);
#11669 = AXIS2_PLACEMENT_3D('',#11670,#11671,#11672);
#11670 = CARTESIAN_POINT('',(2.25,-5.65,3.25));
#11671 = DIRECTION('',(-8.659560562349E-17,-0.707106781187,
    0.707106781187));
#11672 = DIRECTION('',(1.,-1.224646799147E-16,-2.105272540809E-29));
#11673 = ADVANCED_FACE('',(#11674),#11692,.F.);
#11674 = FACE_BOUND('',#11675,.F.);
#11675 = EDGE_LOOP('',(#11676,#11684,#11685,#11686));
#11676 = ORIENTED_EDGE('',*,*,#11677,.F.);
#11677 = EDGE_CURVE('',#11365,#11678,#11680,.T.);
#11678 = VERTEX_POINT('',#11679);
#11679 = CARTESIAN_POINT('',(1.95,-5.75,3.05));
#11680 = LINE('',#11681,#11682);
#11681 = CARTESIAN_POINT('',(1.9,-5.7,3.));
#11682 = VECTOR('',#11683,1.);
#11683 = DIRECTION('',(0.57735026919,-0.57735026919,0.57735026919));
#11684 = ORIENTED_EDGE('',*,*,#11364,.T.);
#11685 = ORIENTED_EDGE('',*,*,#11662,.T.);
#11686 = ORIENTED_EDGE('',*,*,#11687,.F.);
#11687 = EDGE_CURVE('',#11678,#11655,#11688,.T.);
#11688 = LINE('',#11689,#11690);
#11689 = CARTESIAN_POINT('',(1.95,-5.75,2.85));
#11690 = VECTOR('',#11691,1.);
#11691 = DIRECTION('',(0.,0.,1.));
#11692 = PLANE('',#11693);
#11693 = AXIS2_PLACEMENT_3D('',#11694,#11695,#11696);
#11694 = CARTESIAN_POINT('',(1.85,-5.65,2.85));
#11695 = DIRECTION('',(0.707106781187,0.707106781187,1.735417226644E-18)
  );
#11696 = DIRECTION('',(-1.227125289148E-18,-1.227125289148E-18,1.));
#11697 = ADVANCED_FACE('',(#11698),#11709,.T.);
#11698 = FACE_BOUND('',#11699,.F.);
#11699 = EDGE_LOOP('',(#11700,#11701,#11702,#11703));
#11700 = ORIENTED_EDGE('',*,*,#11622,.F.);
#11701 = ORIENTED_EDGE('',*,*,#11391,.T.);
#11702 = ORIENTED_EDGE('',*,*,#11677,.T.);
#11703 = ORIENTED_EDGE('',*,*,#11704,.F.);
#11704 = EDGE_CURVE('',#11623,#11678,#11705,.T.);
#11705 = LINE('',#11706,#11707);
#11706 = CARTESIAN_POINT('',(2.25,-5.75,3.05));
#11707 = VECTOR('',#11708,1.);
#11708 = DIRECTION('',(-1.,1.224646799147E-16,0.));
#11709 = PLANE('',#11710);
#11710 = AXIS2_PLACEMENT_3D('',#11711,#11712,#11713);
#11711 = CARTESIAN_POINT('',(2.25,-5.65,2.95));
#11712 = DIRECTION('',(-8.659560562349E-17,-0.707106781187,
    -0.707106781187));
#11713 = DIRECTION('',(1.,-1.224646799147E-16,2.105272540809E-29));
#11714 = ADVANCED_FACE('',(#11715),#11806,.F.);
#11715 = FACE_BOUND('',#11716,.F.);
#11716 = EDGE_LOOP('',(#11717,#11718,#11726,#11735,#11743,#11751,#11759,
    #11767,#11775,#11783,#11791,#11800));
#11717 = ORIENTED_EDGE('',*,*,#11411,.F.);
#11718 = ORIENTED_EDGE('',*,*,#11719,.T.);
#11719 = EDGE_CURVE('',#11412,#11720,#11722,.T.);
#11720 = VERTEX_POINT('',#11721);
#11721 = CARTESIAN_POINT('',(2.25,-0.3,3.35));
#11722 = LINE('',#11723,#11724);
#11723 = CARTESIAN_POINT('',(2.25,-5.75,3.35));
#11724 = VECTOR('',#11725,1.);
#11725 = DIRECTION('',(1.224646799147E-16,1.,0.));
#11726 = ORIENTED_EDGE('',*,*,#11727,.T.);
#11727 = EDGE_CURVE('',#11720,#11728,#11730,.T.);
#11728 = VERTEX_POINT('',#11729);
#11729 = CARTESIAN_POINT('',(2.25,0.25,2.8));
#11730 = CIRCLE('',#11731,0.55);
#11731 = AXIS2_PLACEMENT_3D('',#11732,#11733,#11734);
#11732 = CARTESIAN_POINT('',(2.25,-0.3,2.8));
#11733 = DIRECTION('',(-1.,1.224646799147E-16,0.));
#11734 = DIRECTION('',(0.,0.,1.));
#11735 = ORIENTED_EDGE('',*,*,#11736,.T.);
#11736 = EDGE_CURVE('',#11728,#11737,#11739,.T.);
#11737 = VERTEX_POINT('',#11738);
#11738 = CARTESIAN_POINT('',(2.25,0.25,-0.9));
#11739 = LINE('',#11740,#11741);
#11740 = CARTESIAN_POINT('',(2.25,0.25,3.35));
#11741 = VECTOR('',#11742,1.);
#11742 = DIRECTION('',(-0.,0.,-1.));
#11743 = ORIENTED_EDGE('',*,*,#11744,.T.);
#11744 = EDGE_CURVE('',#11737,#11745,#11747,.T.);
#11745 = VERTEX_POINT('',#11746);
#11746 = CARTESIAN_POINT('',(2.25,-5.E-02,-1.5));
#11747 = LINE('',#11748,#11749);
#11748 = CARTESIAN_POINT('',(2.25,0.25,-0.9));
#11749 = VECTOR('',#11750,1.);
#11750 = DIRECTION('',(-5.476786982641E-17,-0.4472135955,-0.894427191));
#11751 = ORIENTED_EDGE('',*,*,#11752,.T.);
#11752 = EDGE_CURVE('',#11745,#11753,#11755,.T.);
#11753 = VERTEX_POINT('',#11754);
#11754 = CARTESIAN_POINT('',(2.25,0.218421052632,-3.2));
#11755 = LINE('',#11756,#11757);
#11756 = CARTESIAN_POINT('',(2.25,-5.E-02,-1.5));
#11757 = VECTOR('',#11758,1.);
#11758 = DIRECTION('',(1.909990663905E-17,0.155962573473,-0.987762965329
    ));
#11759 = ORIENTED_EDGE('',*,*,#11760,.T.);
#11760 = EDGE_CURVE('',#11753,#11761,#11763,.T.);
#11761 = VERTEX_POINT('',#11762);
#11762 = CARTESIAN_POINT('',(2.25,-0.281578947368,-3.2));
#11763 = LINE('',#11764,#11765);
#11764 = CARTESIAN_POINT('',(2.25,0.25,-3.2));
#11765 = VECTOR('',#11766,1.);
#11766 = DIRECTION('',(-1.224646799147E-16,-1.,0.));
#11767 = ORIENTED_EDGE('',*,*,#11768,.T.);
#11768 = EDGE_CURVE('',#11761,#11769,#11771,.T.);
#11769 = VERTEX_POINT('',#11770);
#11770 = CARTESIAN_POINT('',(2.25,-0.55,-1.5));
#11771 = LINE('',#11772,#11773);
#11772 = CARTESIAN_POINT('',(2.25,-0.25,-3.4));
#11773 = VECTOR('',#11774,1.);
#11774 = DIRECTION('',(-1.909990663905E-17,-0.155962573473,
    0.987762965329));
#11775 = ORIENTED_EDGE('',*,*,#11776,.T.);
#11776 = EDGE_CURVE('',#11769,#11777,#11779,.T.);
#11777 = VERTEX_POINT('',#11778);
#11778 = CARTESIAN_POINT('',(2.25,-0.25,-0.9));
#11779 = LINE('',#11780,#11781);
#11780 = CARTESIAN_POINT('',(2.25,-0.55,-1.5));
#11781 = VECTOR('',#11782,1.);
#11782 = DIRECTION('',(5.476786982641E-17,0.4472135955,0.894427191));
#11783 = ORIENTED_EDGE('',*,*,#11784,.T.);
#11784 = EDGE_CURVE('',#11777,#11785,#11787,.T.);
#11785 = VERTEX_POINT('',#11786);
#11786 = CARTESIAN_POINT('',(2.25,-0.25,2.8));
#11787 = LINE('',#11788,#11789);
#11788 = CARTESIAN_POINT('',(2.25,-0.25,-0.9));
#11789 = VECTOR('',#11790,1.);
#11790 = DIRECTION('',(0.,0.,1.));
#11791 = ORIENTED_EDGE('',*,*,#11792,.F.);
#11792 = EDGE_CURVE('',#11793,#11785,#11795,.T.);
#11793 = VERTEX_POINT('',#11794);
#11794 = CARTESIAN_POINT('',(2.25,-0.3,2.85));
#11795 = CIRCLE('',#11796,5.E-02);
#11796 = AXIS2_PLACEMENT_3D('',#11797,#11798,#11799);
#11797 = CARTESIAN_POINT('',(2.25,-0.3,2.8));
#11798 = DIRECTION('',(-1.,1.224646799147E-16,0.));
#11799 = DIRECTION('',(0.,0.,1.));
#11800 = ORIENTED_EDGE('',*,*,#11801,.T.);
#11801 = EDGE_CURVE('',#11793,#11414,#11802,.T.);
#11802 = LINE('',#11803,#11804);
#11803 = CARTESIAN_POINT('',(2.25,-0.25,2.85));
#11804 = VECTOR('',#11805,1.);
#11805 = DIRECTION('',(-1.224646799147E-16,-1.,0.));
#11806 = PLANE('',#11807);
#11807 = AXIS2_PLACEMENT_3D('',#11808,#11809,#11810);
#11808 = CARTESIAN_POINT('',(2.25,-1.421959173294,1.302213422577));
#11809 = DIRECTION('',(-1.,1.224646799147E-16,0.));
#11810 = DIRECTION('',(0.,0.,1.));
#11811 = ADVANCED_FACE('',(#11812),#11830,.F.);
#11812 = FACE_BOUND('',#11813,.F.);
#11813 = EDGE_LOOP('',(#11814,#11815,#11816,#11824));
#11814 = ORIENTED_EDGE('',*,*,#11719,.F.);
#11815 = ORIENTED_EDGE('',*,*,#11437,.F.);
#11816 = ORIENTED_EDGE('',*,*,#11817,.T.);
#11817 = EDGE_CURVE('',#11430,#11818,#11820,.T.);
#11818 = VERTEX_POINT('',#11819);
#11819 = CARTESIAN_POINT('',(1.75,-0.3,3.35));
#11820 = LINE('',#11821,#11822);
#11821 = CARTESIAN_POINT('',(1.75,-5.75,3.35));
#11822 = VECTOR('',#11823,1.);
#11823 = DIRECTION('',(1.224646799147E-16,1.,0.));
#11824 = ORIENTED_EDGE('',*,*,#11825,.F.);
#11825 = EDGE_CURVE('',#11720,#11818,#11826,.T.);
#11826 = LINE('',#11827,#11828);
#11827 = CARTESIAN_POINT('',(2.25,-0.3,3.35));
#11828 = VECTOR('',#11829,1.);
#11829 = DIRECTION('',(-1.,1.224646799147E-16,0.));
#11830 = PLANE('',#11831);
#11831 = AXIS2_PLACEMENT_3D('',#11832,#11833,#11834);
#11832 = CARTESIAN_POINT('',(2.25,-5.75,3.35));
#11833 = DIRECTION('',(-0.,0.,-1.));
#11834 = DIRECTION('',(1.224646799147E-16,1.,0.));
#11835 = ADVANCED_FACE('',(#11836),#11920,.T.);
#11836 = FACE_BOUND('',#11837,.T.);
#11837 = EDGE_LOOP('',(#11838,#11839,#11840,#11849,#11857,#11865,#11873,
    #11881,#11889,#11897,#11905,#11914));
#11838 = ORIENTED_EDGE('',*,*,#11429,.F.);
#11839 = ORIENTED_EDGE('',*,*,#11817,.T.);
#11840 = ORIENTED_EDGE('',*,*,#11841,.T.);
#11841 = EDGE_CURVE('',#11818,#11842,#11844,.T.);
#11842 = VERTEX_POINT('',#11843);
#11843 = CARTESIAN_POINT('',(1.75,0.25,2.8));
#11844 = CIRCLE('',#11845,0.55);
#11845 = AXIS2_PLACEMENT_3D('',#11846,#11847,#11848);
#11846 = CARTESIAN_POINT('',(1.75,-0.3,2.8));
#11847 = DIRECTION('',(-1.,1.224646799147E-16,0.));
#11848 = DIRECTION('',(0.,0.,1.));
#11849 = ORIENTED_EDGE('',*,*,#11850,.T.);
#11850 = EDGE_CURVE('',#11842,#11851,#11853,.T.);
#11851 = VERTEX_POINT('',#11852);
#11852 = CARTESIAN_POINT('',(1.75,0.25,-0.9));
#11853 = LINE('',#11854,#11855);
#11854 = CARTESIAN_POINT('',(1.75,0.25,3.35));
#11855 = VECTOR('',#11856,1.);
#11856 = DIRECTION('',(-0.,0.,-1.));
#11857 = ORIENTED_EDGE('',*,*,#11858,.T.);
#11858 = EDGE_CURVE('',#11851,#11859,#11861,.T.);
#11859 = VERTEX_POINT('',#11860);
#11860 = CARTESIAN_POINT('',(1.75,-5.E-02,-1.5));
#11861 = LINE('',#11862,#11863);
#11862 = CARTESIAN_POINT('',(1.75,0.25,-0.9));
#11863 = VECTOR('',#11864,1.);
#11864 = DIRECTION('',(-5.476786982641E-17,-0.4472135955,-0.894427191));
#11865 = ORIENTED_EDGE('',*,*,#11866,.T.);
#11866 = EDGE_CURVE('',#11859,#11867,#11869,.T.);
#11867 = VERTEX_POINT('',#11868);
#11868 = CARTESIAN_POINT('',(1.75,0.218421052632,-3.2));
#11869 = LINE('',#11870,#11871);
#11870 = CARTESIAN_POINT('',(1.75,-5.E-02,-1.5));
#11871 = VECTOR('',#11872,1.);
#11872 = DIRECTION('',(1.909990663905E-17,0.155962573473,-0.987762965329
    ));
#11873 = ORIENTED_EDGE('',*,*,#11874,.T.);
#11874 = EDGE_CURVE('',#11867,#11875,#11877,.T.);
#11875 = VERTEX_POINT('',#11876);
#11876 = CARTESIAN_POINT('',(1.75,-0.281578947368,-3.2));
#11877 = LINE('',#11878,#11879);
#11878 = CARTESIAN_POINT('',(1.75,0.25,-3.2));
#11879 = VECTOR('',#11880,1.);
#11880 = DIRECTION('',(-1.224646799147E-16,-1.,0.));
#11881 = ORIENTED_EDGE('',*,*,#11882,.T.);
#11882 = EDGE_CURVE('',#11875,#11883,#11885,.T.);
#11883 = VERTEX_POINT('',#11884);
#11884 = CARTESIAN_POINT('',(1.75,-0.55,-1.5));
#11885 = LINE('',#11886,#11887);
#11886 = CARTESIAN_POINT('',(1.75,-0.25,-3.4));
#11887 = VECTOR('',#11888,1.);
#11888 = DIRECTION('',(-1.909990663905E-17,-0.155962573473,
    0.987762965329));
#11889 = ORIENTED_EDGE('',*,*,#11890,.T.);
#11890 = EDGE_CURVE('',#11883,#11891,#11893,.T.);
#11891 = VERTEX_POINT('',#11892);
#11892 = CARTESIAN_POINT('',(1.75,-0.25,-0.9));
#11893 = LINE('',#11894,#11895);
#11894 = CARTESIAN_POINT('',(1.75,-0.55,-1.5));
#11895 = VECTOR('',#11896,1.);
#11896 = DIRECTION('',(5.476786982641E-17,0.4472135955,0.894427191));
#11897 = ORIENTED_EDGE('',*,*,#11898,.T.);
#11898 = EDGE_CURVE('',#11891,#11899,#11901,.T.);
#11899 = VERTEX_POINT('',#11900);
#11900 = CARTESIAN_POINT('',(1.75,-0.25,2.8));
#11901 = LINE('',#11902,#11903);
#11902 = CARTESIAN_POINT('',(1.75,-0.25,-0.9));
#11903 = VECTOR('',#11904,1.);
#11904 = DIRECTION('',(0.,0.,1.));
#11905 = ORIENTED_EDGE('',*,*,#11906,.F.);
#11906 = EDGE_CURVE('',#11907,#11899,#11909,.T.);
#11907 = VERTEX_POINT('',#11908);
#11908 = CARTESIAN_POINT('',(1.75,-0.3,2.85));
#11909 = CIRCLE('',#11910,5.E-02);
#11910 = AXIS2_PLACEMENT_3D('',#11911,#11912,#11913);
#11911 = CARTESIAN_POINT('',(1.75,-0.3,2.8));
#11912 = DIRECTION('',(-1.,1.224646799147E-16,0.));
#11913 = DIRECTION('',(0.,0.,1.));
#11914 = ORIENTED_EDGE('',*,*,#11915,.T.);
#11915 = EDGE_CURVE('',#11907,#11422,#11916,.T.);
#11916 = LINE('',#11917,#11918);
#11917 = CARTESIAN_POINT('',(1.75,-0.25,2.85));
#11918 = VECTOR('',#11919,1.);
#11919 = DIRECTION('',(-1.224646799147E-16,-1.,0.));
#11920 = PLANE('',#11921);
#11921 = AXIS2_PLACEMENT_3D('',#11922,#11923,#11924);
#11922 = CARTESIAN_POINT('',(1.75,-1.421959173294,1.302213422577));
#11923 = DIRECTION('',(-1.,1.224646799147E-16,0.));
#11924 = DIRECTION('',(0.,0.,1.));
#11925 = ADVANCED_FACE('',(#11926),#11937,.F.);
#11926 = FACE_BOUND('',#11927,.F.);
#11927 = EDGE_LOOP('',(#11928,#11929,#11935,#11936));
#11928 = ORIENTED_EDGE('',*,*,#11801,.F.);
#11929 = ORIENTED_EDGE('',*,*,#11930,.T.);
#11930 = EDGE_CURVE('',#11793,#11907,#11931,.T.);
#11931 = LINE('',#11932,#11933);
#11932 = CARTESIAN_POINT('',(2.25,-0.3,2.85));
#11933 = VECTOR('',#11934,1.);
#11934 = DIRECTION('',(-1.,1.224646799147E-16,0.));
#11935 = ORIENTED_EDGE('',*,*,#11915,.T.);
#11936 = ORIENTED_EDGE('',*,*,#11421,.F.);
#11937 = PLANE('',#11938);
#11938 = AXIS2_PLACEMENT_3D('',#11939,#11940,#11941);
#11939 = CARTESIAN_POINT('',(2.25,-0.25,2.85));
#11940 = DIRECTION('',(0.,0.,1.));
#11941 = DIRECTION('',(-1.224646799147E-16,-1.,0.));
#11942 = ADVANCED_FACE('',(#11943),#12034,.F.);
#11943 = FACE_BOUND('',#11944,.F.);
#11944 = EDGE_LOOP('',(#11945,#11946,#11954,#11963,#11971,#11979,#11987,
    #11995,#12003,#12011,#12019,#12028));
#11945 = ORIENTED_EDGE('',*,*,#11457,.F.);
#11946 = ORIENTED_EDGE('',*,*,#11947,.T.);
#11947 = EDGE_CURVE('',#11458,#11948,#11950,.T.);
#11948 = VERTEX_POINT('',#11949);
#11949 = CARTESIAN_POINT('',(0.25,-0.3,3.35));
#11950 = LINE('',#11951,#11952);
#11951 = CARTESIAN_POINT('',(0.25,-5.75,3.35));
#11952 = VECTOR('',#11953,1.);
#11953 = DIRECTION('',(1.224646799147E-16,1.,0.));
#11954 = ORIENTED_EDGE('',*,*,#11955,.T.);
#11955 = EDGE_CURVE('',#11948,#11956,#11958,.T.);
#11956 = VERTEX_POINT('',#11957);
#11957 = CARTESIAN_POINT('',(0.25,0.25,2.8));
#11958 = CIRCLE('',#11959,0.55);
#11959 = AXIS2_PLACEMENT_3D('',#11960,#11961,#11962);
#11960 = CARTESIAN_POINT('',(0.25,-0.3,2.8));
#11961 = DIRECTION('',(-1.,1.224646799147E-16,0.));
#11962 = DIRECTION('',(0.,0.,1.));
#11963 = ORIENTED_EDGE('',*,*,#11964,.T.);
#11964 = EDGE_CURVE('',#11956,#11965,#11967,.T.);
#11965 = VERTEX_POINT('',#11966);
#11966 = CARTESIAN_POINT('',(0.25,0.25,-0.9));
#11967 = LINE('',#11968,#11969);
#11968 = CARTESIAN_POINT('',(0.25,0.25,3.35));
#11969 = VECTOR('',#11970,1.);
#11970 = DIRECTION('',(-0.,0.,-1.));
#11971 = ORIENTED_EDGE('',*,*,#11972,.T.);
#11972 = EDGE_CURVE('',#11965,#11973,#11975,.T.);
#11973 = VERTEX_POINT('',#11974);
#11974 = CARTESIAN_POINT('',(0.25,-5.E-02,-1.5));
#11975 = LINE('',#11976,#11977);
#11976 = CARTESIAN_POINT('',(0.25,0.25,-0.9));
#11977 = VECTOR('',#11978,1.);
#11978 = DIRECTION('',(-5.476786982641E-17,-0.4472135955,-0.894427191));
#11979 = ORIENTED_EDGE('',*,*,#11980,.T.);
#11980 = EDGE_CURVE('',#11973,#11981,#11983,.T.);
#11981 = VERTEX_POINT('',#11982);
#11982 = CARTESIAN_POINT('',(0.25,0.218421052632,-3.2));
#11983 = LINE('',#11984,#11985);
#11984 = CARTESIAN_POINT('',(0.25,-5.E-02,-1.5));
#11985 = VECTOR('',#11986,1.);
#11986 = DIRECTION('',(1.909990663905E-17,0.155962573473,-0.987762965329
    ));
#11987 = ORIENTED_EDGE('',*,*,#11988,.T.);
#11988 = EDGE_CURVE('',#11981,#11989,#11991,.T.);
#11989 = VERTEX_POINT('',#11990);
#11990 = CARTESIAN_POINT('',(0.25,-0.281578947368,-3.2));
#11991 = LINE('',#11992,#11993);
#11992 = CARTESIAN_POINT('',(0.25,0.25,-3.2));
#11993 = VECTOR('',#11994,1.);
#11994 = DIRECTION('',(-1.224646799147E-16,-1.,0.));
#11995 = ORIENTED_EDGE('',*,*,#11996,.T.);
#11996 = EDGE_CURVE('',#11989,#11997,#11999,.T.);
#11997 = VERTEX_POINT('',#11998);
#11998 = CARTESIAN_POINT('',(0.25,-0.55,-1.5));
#11999 = LINE('',#12000,#12001);
#12000 = CARTESIAN_POINT('',(0.25,-0.25,-3.4));
#12001 = VECTOR('',#12002,1.);
#12002 = DIRECTION('',(-1.909990663905E-17,-0.155962573473,
    0.987762965329));
#12003 = ORIENTED_EDGE('',*,*,#12004,.T.);
#12004 = EDGE_CURVE('',#11997,#12005,#12007,.T.);
#12005 = VERTEX_POINT('',#12006);
#12006 = CARTESIAN_POINT('',(0.25,-0.25,-0.9));
#12007 = LINE('',#12008,#12009);
#12008 = CARTESIAN_POINT('',(0.25,-0.55,-1.5));
#12009 = VECTOR('',#12010,1.);
#12010 = DIRECTION('',(5.476786982641E-17,0.4472135955,0.894427191));
#12011 = ORIENTED_EDGE('',*,*,#12012,.T.);
#12012 = EDGE_CURVE('',#12005,#12013,#12015,.T.);
#12013 = VERTEX_POINT('',#12014);
#12014 = CARTESIAN_POINT('',(0.25,-0.25,2.8));
#12015 = LINE('',#12016,#12017);
#12016 = CARTESIAN_POINT('',(0.25,-0.25,-0.9));
#12017 = VECTOR('',#12018,1.);
#12018 = DIRECTION('',(0.,0.,1.));
#12019 = ORIENTED_EDGE('',*,*,#12020,.F.);
#12020 = EDGE_CURVE('',#12021,#12013,#12023,.T.);
#12021 = VERTEX_POINT('',#12022);
#12022 = CARTESIAN_POINT('',(0.25,-0.3,2.85));
#12023 = CIRCLE('',#12024,5.E-02);
#12024 = AXIS2_PLACEMENT_3D('',#12025,#12026,#12027);
#12025 = CARTESIAN_POINT('',(0.25,-0.3,2.8));
#12026 = DIRECTION('',(-1.,1.224646799147E-16,0.));
#12027 = DIRECTION('',(0.,0.,1.));
#12028 = ORIENTED_EDGE('',*,*,#12029,.T.);
#12029 = EDGE_CURVE('',#12021,#11460,#12030,.T.);
#12030 = LINE('',#12031,#12032);
#12031 = CARTESIAN_POINT('',(0.25,-0.25,2.85));
#12032 = VECTOR('',#12033,1.);
#12033 = DIRECTION('',(-1.224646799147E-16,-1.,0.));
#12034 = PLANE('',#12035);
#12035 = AXIS2_PLACEMENT_3D('',#12036,#12037,#12038);
#12036 = CARTESIAN_POINT('',(0.25,-1.421959173294,1.302213422577));
#12037 = DIRECTION('',(-1.,1.224646799147E-16,0.));
#12038 = DIRECTION('',(0.,0.,1.));
#12039 = ADVANCED_FACE('',(#12040),#12058,.F.);
#12040 = FACE_BOUND('',#12041,.F.);
#12041 = EDGE_LOOP('',(#12042,#12043,#12044,#12052));
#12042 = ORIENTED_EDGE('',*,*,#11947,.F.);
#12043 = ORIENTED_EDGE('',*,*,#11483,.F.);
#12044 = ORIENTED_EDGE('',*,*,#12045,.T.);
#12045 = EDGE_CURVE('',#11476,#12046,#12048,.T.);
#12046 = VERTEX_POINT('',#12047);
#12047 = CARTESIAN_POINT('',(-0.25,-0.3,3.35));
#12048 = LINE('',#12049,#12050);
#12049 = CARTESIAN_POINT('',(-0.25,-5.75,3.35));
#12050 = VECTOR('',#12051,1.);
#12051 = DIRECTION('',(1.224646799147E-16,1.,0.));
#12052 = ORIENTED_EDGE('',*,*,#12053,.F.);
#12053 = EDGE_CURVE('',#11948,#12046,#12054,.T.);
#12054 = LINE('',#12055,#12056);
#12055 = CARTESIAN_POINT('',(0.25,-0.3,3.35));
#12056 = VECTOR('',#12057,1.);
#12057 = DIRECTION('',(-1.,1.224646799147E-16,0.));
#12058 = PLANE('',#12059);
#12059 = AXIS2_PLACEMENT_3D('',#12060,#12061,#12062);
#12060 = CARTESIAN_POINT('',(0.25,-5.75,3.35));
#12061 = DIRECTION('',(-0.,0.,-1.));
#12062 = DIRECTION('',(1.224646799147E-16,1.,0.));
#12063 = ADVANCED_FACE('',(#12064),#12148,.T.);
#12064 = FACE_BOUND('',#12065,.T.);
#12065 = EDGE_LOOP('',(#12066,#12067,#12068,#12077,#12085,#12093,#12101,
    #12109,#12117,#12125,#12133,#12142));
#12066 = ORIENTED_EDGE('',*,*,#11475,.F.);
#12067 = ORIENTED_EDGE('',*,*,#12045,.T.);
#12068 = ORIENTED_EDGE('',*,*,#12069,.T.);
#12069 = EDGE_CURVE('',#12046,#12070,#12072,.T.);
#12070 = VERTEX_POINT('',#12071);
#12071 = CARTESIAN_POINT('',(-0.25,0.25,2.8));
#12072 = CIRCLE('',#12073,0.55);
#12073 = AXIS2_PLACEMENT_3D('',#12074,#12075,#12076);
#12074 = CARTESIAN_POINT('',(-0.25,-0.3,2.8));
#12075 = DIRECTION('',(-1.,1.224646799147E-16,0.));
#12076 = DIRECTION('',(0.,0.,1.));
#12077 = ORIENTED_EDGE('',*,*,#12078,.T.);
#12078 = EDGE_CURVE('',#12070,#12079,#12081,.T.);
#12079 = VERTEX_POINT('',#12080);
#12080 = CARTESIAN_POINT('',(-0.25,0.25,-0.9));
#12081 = LINE('',#12082,#12083);
#12082 = CARTESIAN_POINT('',(-0.25,0.25,3.35));
#12083 = VECTOR('',#12084,1.);
#12084 = DIRECTION('',(-0.,0.,-1.));
#12085 = ORIENTED_EDGE('',*,*,#12086,.T.);
#12086 = EDGE_CURVE('',#12079,#12087,#12089,.T.);
#12087 = VERTEX_POINT('',#12088);
#12088 = CARTESIAN_POINT('',(-0.25,-5.E-02,-1.5));
#12089 = LINE('',#12090,#12091);
#12090 = CARTESIAN_POINT('',(-0.25,0.25,-0.9));
#12091 = VECTOR('',#12092,1.);
#12092 = DIRECTION('',(-5.476786982641E-17,-0.4472135955,-0.894427191));
#12093 = ORIENTED_EDGE('',*,*,#12094,.T.);
#12094 = EDGE_CURVE('',#12087,#12095,#12097,.T.);
#12095 = VERTEX_POINT('',#12096);
#12096 = CARTESIAN_POINT('',(-0.25,0.218421052632,-3.2));
#12097 = LINE('',#12098,#12099);
#12098 = CARTESIAN_POINT('',(-0.25,-5.E-02,-1.5));
#12099 = VECTOR('',#12100,1.);
#12100 = DIRECTION('',(1.909990663905E-17,0.155962573473,-0.987762965329
    ));
#12101 = ORIENTED_EDGE('',*,*,#12102,.T.);
#12102 = EDGE_CURVE('',#12095,#12103,#12105,.T.);
#12103 = VERTEX_POINT('',#12104);
#12104 = CARTESIAN_POINT('',(-0.25,-0.281578947368,-3.2));
#12105 = LINE('',#12106,#12107);
#12106 = CARTESIAN_POINT('',(-0.25,0.25,-3.2));
#12107 = VECTOR('',#12108,1.);
#12108 = DIRECTION('',(-1.224646799147E-16,-1.,0.));
#12109 = ORIENTED_EDGE('',*,*,#12110,.T.);
#12110 = EDGE_CURVE('',#12103,#12111,#12113,.T.);
#12111 = VERTEX_POINT('',#12112);
#12112 = CARTESIAN_POINT('',(-0.25,-0.55,-1.5));
#12113 = LINE('',#12114,#12115);
#12114 = CARTESIAN_POINT('',(-0.25,-0.25,-3.4));
#12115 = VECTOR('',#12116,1.);
#12116 = DIRECTION('',(-1.909990663905E-17,-0.155962573473,
    0.987762965329));
#12117 = ORIENTED_EDGE('',*,*,#12118,.T.);
#12118 = EDGE_CURVE('',#12111,#12119,#12121,.T.);
#12119 = VERTEX_POINT('',#12120);
#12120 = CARTESIAN_POINT('',(-0.25,-0.25,-0.9));
#12121 = LINE('',#12122,#12123);
#12122 = CARTESIAN_POINT('',(-0.25,-0.55,-1.5));
#12123 = VECTOR('',#12124,1.);
#12124 = DIRECTION('',(5.476786982641E-17,0.4472135955,0.894427191));
#12125 = ORIENTED_EDGE('',*,*,#12126,.T.);
#12126 = EDGE_CURVE('',#12119,#12127,#12129,.T.);
#12127 = VERTEX_POINT('',#12128);
#12128 = CARTESIAN_POINT('',(-0.25,-0.25,2.8));
#12129 = LINE('',#12130,#12131);
#12130 = CARTESIAN_POINT('',(-0.25,-0.25,-0.9));
#12131 = VECTOR('',#12132,1.);
#12132 = DIRECTION('',(0.,0.,1.));
#12133 = ORIENTED_EDGE('',*,*,#12134,.F.);
#12134 = EDGE_CURVE('',#12135,#12127,#12137,.T.);
#12135 = VERTEX_POINT('',#12136);
#12136 = CARTESIAN_POINT('',(-0.25,-0.3,2.85));
#12137 = CIRCLE('',#12138,5.E-02);
#12138 = AXIS2_PLACEMENT_3D('',#12139,#12140,#12141);
#12139 = CARTESIAN_POINT('',(-0.25,-0.3,2.8));
#12140 = DIRECTION('',(-1.,1.224646799147E-16,0.));
#12141 = DIRECTION('',(0.,0.,1.));
#12142 = ORIENTED_EDGE('',*,*,#12143,.T.);
#12143 = EDGE_CURVE('',#12135,#11468,#12144,.T.);
#12144 = LINE('',#12145,#12146);
#12145 = CARTESIAN_POINT('',(-0.25,-0.25,2.85));
#12146 = VECTOR('',#12147,1.);
#12147 = DIRECTION('',(-1.224646799147E-16,-1.,0.));
#12148 = PLANE('',#12149);
#12149 = AXIS2_PLACEMENT_3D('',#12150,#12151,#12152);
#12150 = CARTESIAN_POINT('',(-0.25,-1.421959173294,1.302213422577));
#12151 = DIRECTION('',(-1.,1.224646799147E-16,0.));
#12152 = DIRECTION('',(0.,0.,1.));
#12153 = ADVANCED_FACE('',(#12154),#12165,.F.);
#12154 = FACE_BOUND('',#12155,.F.);
#12155 = EDGE_LOOP('',(#12156,#12157,#12163,#12164));
#12156 = ORIENTED_EDGE('',*,*,#12029,.F.);
#12157 = ORIENTED_EDGE('',*,*,#12158,.T.);
#12158 = EDGE_CURVE('',#12021,#12135,#12159,.T.);
#12159 = LINE('',#12160,#12161);
#12160 = CARTESIAN_POINT('',(0.25,-0.3,2.85));
#12161 = VECTOR('',#12162,1.);
#12162 = DIRECTION('',(-1.,1.224646799147E-16,0.));
#12163 = ORIENTED_EDGE('',*,*,#12143,.T.);
#12164 = ORIENTED_EDGE('',*,*,#11467,.F.);
#12165 = PLANE('',#12166);
#12166 = AXIS2_PLACEMENT_3D('',#12167,#12168,#12169);
#12167 = CARTESIAN_POINT('',(0.25,-0.25,2.85));
#12168 = DIRECTION('',(0.,0.,1.));
#12169 = DIRECTION('',(-1.224646799147E-16,-1.,0.));
#12170 = ADVANCED_FACE('',(#12171),#12177,.F.);
#12171 = FACE_BOUND('',#12172,.F.);
#12172 = EDGE_LOOP('',(#12173,#12174,#12175,#12176));
#12173 = ORIENTED_EDGE('',*,*,#11608,.T.);
#12174 = ORIENTED_EDGE('',*,*,#11591,.T.);
#12175 = ORIENTED_EDGE('',*,*,#11558,.F.);
#12176 = ORIENTED_EDGE('',*,*,#11543,.F.);
#12177 = PLANE('',#12178);
#12178 = AXIS2_PLACEMENT_3D('',#12179,#12180,#12181);
#12179 = CARTESIAN_POINT('',(0.25,-5.75,2.85));
#12180 = DIRECTION('',(1.224646799147E-16,1.,0.));
#12181 = DIRECTION('',(0.,-0.,1.));
#12182 = ADVANCED_FACE('',(#12183),#12189,.F.);
#12183 = FACE_BOUND('',#12184,.F.);
#12184 = EDGE_LOOP('',(#12185,#12186,#12187,#12188));
#12185 = ORIENTED_EDGE('',*,*,#11704,.T.);
#12186 = ORIENTED_EDGE('',*,*,#11687,.T.);
#12187 = ORIENTED_EDGE('',*,*,#11654,.F.);
#12188 = ORIENTED_EDGE('',*,*,#11639,.F.);
#12189 = PLANE('',#12190);
#12190 = AXIS2_PLACEMENT_3D('',#12191,#12192,#12193);
#12191 = CARTESIAN_POINT('',(2.25,-5.75,2.85));
#12192 = DIRECTION('',(1.224646799147E-16,1.,0.));
#12193 = DIRECTION('',(0.,-0.,1.));
#12194 = ADVANCED_FACE('',(#12195),#12206,.F.);
#12195 = FACE_BOUND('',#12196,.F.);
#12196 = EDGE_LOOP('',(#12197,#12198,#12204,#12205));
#12197 = ORIENTED_EDGE('',*,*,#11792,.T.);
#12198 = ORIENTED_EDGE('',*,*,#12199,.T.);
#12199 = EDGE_CURVE('',#11785,#11899,#12200,.T.);
#12200 = LINE('',#12201,#12202);
#12201 = CARTESIAN_POINT('',(2.25,-0.25,2.8));
#12202 = VECTOR('',#12203,1.);
#12203 = DIRECTION('',(-1.,1.224646799147E-16,0.));
#12204 = ORIENTED_EDGE('',*,*,#11906,.F.);
#12205 = ORIENTED_EDGE('',*,*,#11930,.F.);
#12206 = CYLINDRICAL_SURFACE('',#12207,5.E-02);
#12207 = AXIS2_PLACEMENT_3D('',#12208,#12209,#12210);
#12208 = CARTESIAN_POINT('',(2.25,-0.3,2.8));
#12209 = DIRECTION('',(-1.,1.224646799147E-16,0.));
#12210 = DIRECTION('',(0.,0.,1.));
#12211 = ADVANCED_FACE('',(#12212),#12223,.F.);
#12212 = FACE_BOUND('',#12213,.F.);
#12213 = EDGE_LOOP('',(#12214,#12215,#12221,#12222));
#12214 = ORIENTED_EDGE('',*,*,#11784,.F.);
#12215 = ORIENTED_EDGE('',*,*,#12216,.T.);
#12216 = EDGE_CURVE('',#11777,#11891,#12217,.T.);
#12217 = LINE('',#12218,#12219);
#12218 = CARTESIAN_POINT('',(2.25,-0.25,-0.9));
#12219 = VECTOR('',#12220,1.);
#12220 = DIRECTION('',(-1.,1.224646799147E-16,0.));
#12221 = ORIENTED_EDGE('',*,*,#11898,.T.);
#12222 = ORIENTED_EDGE('',*,*,#12199,.F.);
#12223 = PLANE('',#12224);
#12224 = AXIS2_PLACEMENT_3D('',#12225,#12226,#12227);
#12225 = CARTESIAN_POINT('',(2.25,-0.25,-0.9));
#12226 = DIRECTION('',(1.224646799147E-16,1.,0.));
#12227 = DIRECTION('',(0.,-0.,1.));
#12228 = ADVANCED_FACE('',(#12229),#12240,.F.);
#12229 = FACE_BOUND('',#12230,.F.);
#12230 = EDGE_LOOP('',(#12231,#12237,#12238,#12239));
#12231 = ORIENTED_EDGE('',*,*,#12232,.T.);
#12232 = EDGE_CURVE('',#11769,#11883,#12233,.T.);
#12233 = LINE('',#12234,#12235);
#12234 = CARTESIAN_POINT('',(2.25,-0.55,-1.5));
#12235 = VECTOR('',#12236,1.);
#12236 = DIRECTION('',(-1.,1.224646799147E-16,0.));
#12237 = ORIENTED_EDGE('',*,*,#11890,.T.);
#12238 = ORIENTED_EDGE('',*,*,#12216,.F.);
#12239 = ORIENTED_EDGE('',*,*,#11776,.F.);
#12240 = PLANE('',#12241);
#12241 = AXIS2_PLACEMENT_3D('',#12242,#12243,#12244);
#12242 = CARTESIAN_POINT('',(2.25,-0.55,-1.5));
#12243 = DIRECTION('',(1.095357396528E-16,0.894427191,-0.4472135955));
#12244 = DIRECTION('',(5.476786982641E-17,0.4472135955,0.894427191));
#12245 = ADVANCED_FACE('',(#12246),#12273,.F.);
#12246 = FACE_BOUND('',#12247,.F.);
#12247 = EDGE_LOOP('',(#12248,#12249,#12257,#12265,#12271,#12272));
#12248 = ORIENTED_EDGE('',*,*,#11768,.F.);
#12249 = ORIENTED_EDGE('',*,*,#12250,.F.);
#12250 = EDGE_CURVE('',#12251,#11761,#12253,.T.);
#12251 = VERTEX_POINT('',#12252);
#12252 = CARTESIAN_POINT('',(2.247552593066,-0.281192514695,
    -3.202447406934));
#12253 = LINE('',#12254,#12255);
#12254 = CARTESIAN_POINT('',(2.1292749658,-0.262517099863,-3.3207250342)
  );
#12255 = VECTOR('',#12256,1.);
#12256 = DIRECTION('',(0.702740385383,-0.110959008218,0.702740385383));
#12257 = ORIENTED_EDGE('',*,*,#12258,.T.);
#12258 = EDGE_CURVE('',#12251,#12259,#12261,.T.);
#12259 = VERTEX_POINT('',#12260);
#12260 = CARTESIAN_POINT('',(1.752447406934,-0.281192514695,
    -3.202447406934));
#12261 = LINE('',#12262,#12263);
#12262 = CARTESIAN_POINT('',(2.25,-0.281192514695,-3.202447406934));
#12263 = VECTOR('',#12264,1.);
#12264 = DIRECTION('',(-1.,1.224646799147E-16,0.));
#12265 = ORIENTED_EDGE('',*,*,#12266,.T.);
#12266 = EDGE_CURVE('',#12259,#11875,#12267,.T.);
#12267 = LINE('',#12268,#12269);
#12268 = CARTESIAN_POINT('',(1.994186046512,-0.243023255814,
    -3.444186046512));
#12269 = VECTOR('',#12270,1.);
#12270 = DIRECTION('',(-0.702740385383,-0.110959008218,0.702740385383));
#12271 = ORIENTED_EDGE('',*,*,#11882,.T.);
#12272 = ORIENTED_EDGE('',*,*,#12232,.F.);
#12273 = PLANE('',#12274);
#12274 = AXIS2_PLACEMENT_3D('',#12275,#12276,#12277);
#12275 = CARTESIAN_POINT('',(2.25,-0.25,-3.4));
#12276 = DIRECTION('',(1.209660753807E-16,0.987762965329,0.155962573473)
  );
#12277 = DIRECTION('',(-1.909990663905E-17,-0.155962573473,
    0.987762965329));
#12278 = ADVANCED_FACE('',(#12279),#12313,.T.);
#12279 = FACE_BOUND('',#12280,.F.);
#12280 = EDGE_LOOP('',(#12281,#12289,#12290,#12291,#12299,#12307));
#12281 = ORIENTED_EDGE('',*,*,#12282,.T.);
#12282 = EDGE_CURVE('',#12283,#12251,#12285,.T.);
#12283 = VERTEX_POINT('',#12284);
#12284 = CARTESIAN_POINT('',(2.05,-5.E-02,-3.4));
#12285 = LINE('',#12286,#12287);
#12286 = CARTESIAN_POINT('',(2.09198936903,-9.913946036316E-02,
    -3.35801063097));
#12287 = VECTOR('',#12288,1.);
#12288 = DIRECTION('',(0.544770019249,-0.63753529491,0.544770019249));
#12289 = ORIENTED_EDGE('',*,*,#12250,.T.);
#12290 = ORIENTED_EDGE('',*,*,#11760,.F.);
#12291 = ORIENTED_EDGE('',*,*,#12292,.F.);
#12292 = EDGE_CURVE('',#12293,#11753,#12295,.T.);
#12293 = VERTEX_POINT('',#12294);
#12294 = CARTESIAN_POINT('',(2.247552593066,0.218807485305,
    -3.202447406934));
#12295 = LINE('',#12296,#12297);
#12296 = CARTESIAN_POINT('',(2.629616963064,0.158481532148,
    -2.820383036936));
#12297 = VECTOR('',#12298,1.);
#12298 = DIRECTION('',(0.702740385383,-0.110959008218,0.702740385383));
#12299 = ORIENTED_EDGE('',*,*,#12300,.F.);
#12300 = EDGE_CURVE('',#12301,#12293,#12303,.T.);
#12301 = VERTEX_POINT('',#12302);
#12302 = CARTESIAN_POINT('',(2.05,5.E-02,-3.4));
#12303 = LINE('',#12304,#12305);
#12304 = CARTESIAN_POINT('',(2.185852405654,0.166085051658,
    -3.264147594346));
#12305 = VECTOR('',#12306,1.);
#12306 = DIRECTION('',(0.605209817607,0.517148096144,0.605209817607));
#12307 = ORIENTED_EDGE('',*,*,#12308,.T.);
#12308 = EDGE_CURVE('',#12301,#12283,#12309,.T.);
#12309 = LINE('',#12310,#12311);
#12310 = CARTESIAN_POINT('',(2.05,0.25,-3.4));
#12311 = VECTOR('',#12312,1.);
#12312 = DIRECTION('',(-1.224646799147E-16,-1.,0.));
#12313 = PLANE('',#12314);
#12314 = AXIS2_PLACEMENT_3D('',#12315,#12316,#12317);
#12315 = CARTESIAN_POINT('',(2.15,0.25,-3.3));
#12316 = DIRECTION('',(0.707106781187,-8.486018839685E-17,
    -0.707106781187));
#12317 = DIRECTION('',(1.212375546256E-16,1.,1.227125289196E-18));
#12318 = ADVANCED_FACE('',(#12319),#12344,.F.);
#12319 = FACE_BOUND('',#12320,.F.);
#12320 = EDGE_LOOP('',(#12321,#12322,#12328,#12329,#12337,#12343));
#12321 = ORIENTED_EDGE('',*,*,#11752,.F.);
#12322 = ORIENTED_EDGE('',*,*,#12323,.T.);
#12323 = EDGE_CURVE('',#11745,#11859,#12324,.T.);
#12324 = LINE('',#12325,#12326);
#12325 = CARTESIAN_POINT('',(2.25,-5.E-02,-1.5));
#12326 = VECTOR('',#12327,1.);
#12327 = DIRECTION('',(-1.,1.224646799147E-16,0.));
#12328 = ORIENTED_EDGE('',*,*,#11866,.T.);
#12329 = ORIENTED_EDGE('',*,*,#12330,.F.);
#12330 = EDGE_CURVE('',#12331,#11867,#12333,.T.);
#12331 = VERTEX_POINT('',#12332);
#12332 = CARTESIAN_POINT('',(1.752447406934,0.218807485305,
    -3.202447406934));
#12333 = LINE('',#12334,#12335);
#12334 = CARTESIAN_POINT('',(1.493844049248,0.177975376197,
    -2.943844049248));
#12335 = VECTOR('',#12336,1.);
#12336 = DIRECTION('',(-0.702740385383,-0.110959008218,0.702740385383));
#12337 = ORIENTED_EDGE('',*,*,#12338,.F.);
#12338 = EDGE_CURVE('',#12293,#12331,#12339,.T.);
#12339 = LINE('',#12340,#12341);
#12340 = CARTESIAN_POINT('',(2.25,0.218807485305,-3.202447406934));
#12341 = VECTOR('',#12342,1.);
#12342 = DIRECTION('',(-1.,1.224646799147E-16,0.));
#12343 = ORIENTED_EDGE('',*,*,#12292,.T.);
#12344 = PLANE('',#12345);
#12345 = AXIS2_PLACEMENT_3D('',#12346,#12347,#12348);
#12346 = CARTESIAN_POINT('',(2.25,-5.E-02,-1.5));
#12347 = DIRECTION('',(-1.209660753807E-16,-0.987762965329,
    -0.155962573473));
#12348 = DIRECTION('',(1.909990663905E-17,0.155962573473,-0.987762965329
    ));
#12349 = ADVANCED_FACE('',(#12350),#12361,.F.);
#12350 = FACE_BOUND('',#12351,.F.);
#12351 = EDGE_LOOP('',(#12352,#12358,#12359,#12360));
#12352 = ORIENTED_EDGE('',*,*,#12353,.T.);
#12353 = EDGE_CURVE('',#11737,#11851,#12354,.T.);
#12354 = LINE('',#12355,#12356);
#12355 = CARTESIAN_POINT('',(2.25,0.25,-0.9));
#12356 = VECTOR('',#12357,1.);
#12357 = DIRECTION('',(-1.,1.224646799147E-16,0.));
#12358 = ORIENTED_EDGE('',*,*,#11858,.T.);
#12359 = ORIENTED_EDGE('',*,*,#12323,.F.);
#12360 = ORIENTED_EDGE('',*,*,#11744,.F.);
#12361 = PLANE('',#12362);
#12362 = AXIS2_PLACEMENT_3D('',#12363,#12364,#12365);
#12363 = CARTESIAN_POINT('',(2.25,0.25,-0.9));
#12364 = DIRECTION('',(-1.095357396528E-16,-0.894427191,0.4472135955));
#12365 = DIRECTION('',(-5.476786982641E-17,-0.4472135955,-0.894427191));
#12366 = ADVANCED_FACE('',(#12367),#12378,.F.);
#12367 = FACE_BOUND('',#12368,.F.);
#12368 = EDGE_LOOP('',(#12369,#12370,#12376,#12377));
#12369 = ORIENTED_EDGE('',*,*,#11736,.F.);
#12370 = ORIENTED_EDGE('',*,*,#12371,.T.);
#12371 = EDGE_CURVE('',#11728,#11842,#12372,.T.);
#12372 = LINE('',#12373,#12374);
#12373 = CARTESIAN_POINT('',(2.25,0.25,2.8));
#12374 = VECTOR('',#12375,1.);
#12375 = DIRECTION('',(-1.,1.224646799147E-16,0.));
#12376 = ORIENTED_EDGE('',*,*,#11850,.T.);
#12377 = ORIENTED_EDGE('',*,*,#12353,.F.);
#12378 = PLANE('',#12379);
#12379 = AXIS2_PLACEMENT_3D('',#12380,#12381,#12382);
#12380 = CARTESIAN_POINT('',(2.25,0.25,3.35));
#12381 = DIRECTION('',(-1.224646799147E-16,-1.,0.));
#12382 = DIRECTION('',(-0.,0.,-1.));
#12383 = ADVANCED_FACE('',(#12384),#12390,.T.);
#12384 = FACE_BOUND('',#12385,.T.);
#12385 = EDGE_LOOP('',(#12386,#12387,#12388,#12389));
#12386 = ORIENTED_EDGE('',*,*,#11727,.T.);
#12387 = ORIENTED_EDGE('',*,*,#12371,.T.);
#12388 = ORIENTED_EDGE('',*,*,#11841,.F.);
#12389 = ORIENTED_EDGE('',*,*,#11825,.F.);
#12390 = CYLINDRICAL_SURFACE('',#12391,0.55);
#12391 = AXIS2_PLACEMENT_3D('',#12392,#12393,#12394);
#12392 = CARTESIAN_POINT('',(2.25,-0.3,2.8));
#12393 = DIRECTION('',(-1.,1.224646799147E-16,0.));
#12394 = DIRECTION('',(0.,0.,1.));
#12395 = ADVANCED_FACE('',(#12396),#12423,.F.);
#12396 = FACE_BOUND('',#12397,.T.);
#12397 = EDGE_LOOP('',(#12398,#12406,#12407,#12408,#12409,#12417));
#12398 = ORIENTED_EDGE('',*,*,#12399,.T.);
#12399 = EDGE_CURVE('',#12400,#12259,#12402,.T.);
#12400 = VERTEX_POINT('',#12401);
#12401 = CARTESIAN_POINT('',(1.95,-5.E-02,-3.4));
#12402 = LINE('',#12403,#12404);
#12403 = CARTESIAN_POINT('',(1.982204224438,-1.231193164325E-02,
    -3.432204224438));
#12404 = VECTOR('',#12405,1.);
#12405 = DIRECTION('',(-0.544770019249,-0.63753529491,0.544770019249));
#12406 = ORIENTED_EDGE('',*,*,#12266,.T.);
#12407 = ORIENTED_EDGE('',*,*,#11874,.F.);
#12408 = ORIENTED_EDGE('',*,*,#12330,.F.);
#12409 = ORIENTED_EDGE('',*,*,#12410,.F.);
#12410 = EDGE_CURVE('',#12411,#12331,#12413,.T.);
#12411 = VERTEX_POINT('',#12412);
#12412 = CARTESIAN_POINT('',(1.95,5.E-02,-3.4));
#12413 = LINE('',#12414,#12415);
#12414 = CARTESIAN_POINT('',(1.905717325178,8.783927542193E-02,
    -3.355717325178));
#12415 = VECTOR('',#12416,1.);
#12416 = DIRECTION('',(-0.605209817607,0.517148096144,0.605209817607));
#12417 = ORIENTED_EDGE('',*,*,#12418,.T.);
#12418 = EDGE_CURVE('',#12411,#12400,#12419,.T.);
#12419 = LINE('',#12420,#12421);
#12420 = CARTESIAN_POINT('',(1.95,0.25,-3.4));
#12421 = VECTOR('',#12422,1.);
#12422 = DIRECTION('',(-1.224646799147E-16,-1.,0.));
#12423 = PLANE('',#12424);
#12424 = AXIS2_PLACEMENT_3D('',#12425,#12426,#12427);
#12425 = CARTESIAN_POINT('',(1.85,0.25,-3.3));
#12426 = DIRECTION('',(0.707106781187,-8.833102285013E-17,0.707106781187
    ));
#12427 = DIRECTION('',(1.236918052038E-16,1.,1.227125289097E-18));
#12428 = ADVANCED_FACE('',(#12429),#12440,.F.);
#12429 = FACE_BOUND('',#12430,.F.);
#12430 = EDGE_LOOP('',(#12431,#12432,#12438,#12439));
#12431 = ORIENTED_EDGE('',*,*,#12020,.T.);
#12432 = ORIENTED_EDGE('',*,*,#12433,.T.);
#12433 = EDGE_CURVE('',#12013,#12127,#12434,.T.);
#12434 = LINE('',#12435,#12436);
#12435 = CARTESIAN_POINT('',(0.25,-0.25,2.8));
#12436 = VECTOR('',#12437,1.);
#12437 = DIRECTION('',(-1.,1.224646799147E-16,0.));
#12438 = ORIENTED_EDGE('',*,*,#12134,.F.);
#12439 = ORIENTED_EDGE('',*,*,#12158,.F.);
#12440 = CYLINDRICAL_SURFACE('',#12441,5.E-02);
#12441 = AXIS2_PLACEMENT_3D('',#12442,#12443,#12444);
#12442 = CARTESIAN_POINT('',(0.25,-0.3,2.8));
#12443 = DIRECTION('',(-1.,1.224646799147E-16,0.));
#12444 = DIRECTION('',(0.,0.,1.));
#12445 = ADVANCED_FACE('',(#12446),#12457,.F.);
#12446 = FACE_BOUND('',#12447,.F.);
#12447 = EDGE_LOOP('',(#12448,#12449,#12455,#12456));
#12448 = ORIENTED_EDGE('',*,*,#12012,.F.);
#12449 = ORIENTED_EDGE('',*,*,#12450,.T.);
#12450 = EDGE_CURVE('',#12005,#12119,#12451,.T.);
#12451 = LINE('',#12452,#12453);
#12452 = CARTESIAN_POINT('',(0.25,-0.25,-0.9));
#12453 = VECTOR('',#12454,1.);
#12454 = DIRECTION('',(-1.,1.224646799147E-16,0.));
#12455 = ORIENTED_EDGE('',*,*,#12126,.T.);
#12456 = ORIENTED_EDGE('',*,*,#12433,.F.);
#12457 = PLANE('',#12458);
#12458 = AXIS2_PLACEMENT_3D('',#12459,#12460,#12461);
#12459 = CARTESIAN_POINT('',(0.25,-0.25,-0.9));
#12460 = DIRECTION('',(1.224646799147E-16,1.,0.));
#12461 = DIRECTION('',(0.,-0.,1.));
#12462 = ADVANCED_FACE('',(#12463),#12474,.F.);
#12463 = FACE_BOUND('',#12464,.F.);
#12464 = EDGE_LOOP('',(#12465,#12471,#12472,#12473));
#12465 = ORIENTED_EDGE('',*,*,#12466,.T.);
#12466 = EDGE_CURVE('',#11997,#12111,#12467,.T.);
#12467 = LINE('',#12468,#12469);
#12468 = CARTESIAN_POINT('',(0.25,-0.55,-1.5));
#12469 = VECTOR('',#12470,1.);
#12470 = DIRECTION('',(-1.,1.224646799147E-16,0.));
#12471 = ORIENTED_EDGE('',*,*,#12118,.T.);
#12472 = ORIENTED_EDGE('',*,*,#12450,.F.);
#12473 = ORIENTED_EDGE('',*,*,#12004,.F.);
#12474 = PLANE('',#12475);
#12475 = AXIS2_PLACEMENT_3D('',#12476,#12477,#12478);
#12476 = CARTESIAN_POINT('',(0.25,-0.55,-1.5));
#12477 = DIRECTION('',(1.095357396528E-16,0.894427191,-0.4472135955));
#12478 = DIRECTION('',(5.476786982641E-17,0.4472135955,0.894427191));
#12479 = ADVANCED_FACE('',(#12480),#12507,.F.);
#12480 = FACE_BOUND('',#12481,.F.);
#12481 = EDGE_LOOP('',(#12482,#12483,#12491,#12499,#12505,#12506));
#12482 = ORIENTED_EDGE('',*,*,#11996,.F.);
#12483 = ORIENTED_EDGE('',*,*,#12484,.F.);
#12484 = EDGE_CURVE('',#12485,#11989,#12487,.T.);
#12485 = VERTEX_POINT('',#12486);
#12486 = CARTESIAN_POINT('',(0.247552593066,-0.281192514695,
    -3.202447406934));
#12487 = LINE('',#12488,#12489);
#12488 = CARTESIAN_POINT('',(0.1292749658,-0.262517099863,-3.3207250342)
  );
#12489 = VECTOR('',#12490,1.);
#12490 = DIRECTION('',(0.702740385383,-0.110959008218,0.702740385383));
#12491 = ORIENTED_EDGE('',*,*,#12492,.T.);
#12492 = EDGE_CURVE('',#12485,#12493,#12495,.T.);
#12493 = VERTEX_POINT('',#12494);
#12494 = CARTESIAN_POINT('',(-0.247552593066,-0.281192514695,
    -3.202447406934));
#12495 = LINE('',#12496,#12497);
#12496 = CARTESIAN_POINT('',(0.25,-0.281192514695,-3.202447406934));
#12497 = VECTOR('',#12498,1.);
#12498 = DIRECTION('',(-1.,1.224646799147E-16,0.));
#12499 = ORIENTED_EDGE('',*,*,#12500,.T.);
#12500 = EDGE_CURVE('',#12493,#12103,#12501,.T.);
#12501 = LINE('',#12502,#12503);
#12502 = CARTESIAN_POINT('',(-5.813953488372E-03,-0.243023255814,
    -3.444186046512));
#12503 = VECTOR('',#12504,1.);
#12504 = DIRECTION('',(-0.702740385383,-0.110959008218,0.702740385383));
#12505 = ORIENTED_EDGE('',*,*,#12110,.T.);
#12506 = ORIENTED_EDGE('',*,*,#12466,.F.);
#12507 = PLANE('',#12508);
#12508 = AXIS2_PLACEMENT_3D('',#12509,#12510,#12511);
#12509 = CARTESIAN_POINT('',(0.25,-0.25,-3.4));
#12510 = DIRECTION('',(1.209660753807E-16,0.987762965329,0.155962573473)
  );
#12511 = DIRECTION('',(-1.909990663905E-17,-0.155962573473,
    0.987762965329));
#12512 = ADVANCED_FACE('',(#12513),#12547,.T.);
#12513 = FACE_BOUND('',#12514,.F.);
#12514 = EDGE_LOOP('',(#12515,#12523,#12524,#12525,#12533,#12541));
#12515 = ORIENTED_EDGE('',*,*,#12516,.T.);
#12516 = EDGE_CURVE('',#12517,#12485,#12519,.T.);
#12517 = VERTEX_POINT('',#12518);
#12518 = CARTESIAN_POINT('',(5.E-02,-5.E-02,-3.4));
#12519 = LINE('',#12520,#12521);
#12520 = CARTESIAN_POINT('',(9.198936903048E-02,-9.913946036316E-02,
    -3.35801063097));
#12521 = VECTOR('',#12522,1.);
#12522 = DIRECTION('',(0.544770019249,-0.63753529491,0.544770019249));
#12523 = ORIENTED_EDGE('',*,*,#12484,.T.);
#12524 = ORIENTED_EDGE('',*,*,#11988,.F.);
#12525 = ORIENTED_EDGE('',*,*,#12526,.F.);
#12526 = EDGE_CURVE('',#12527,#11981,#12529,.T.);
#12527 = VERTEX_POINT('',#12528);
#12528 = CARTESIAN_POINT('',(0.247552593066,0.218807485305,
    -3.202447406934));
#12529 = LINE('',#12530,#12531);
#12530 = CARTESIAN_POINT('',(0.629616963064,0.158481532148,
    -2.820383036936));
#12531 = VECTOR('',#12532,1.);
#12532 = DIRECTION('',(0.702740385383,-0.110959008218,0.702740385383));
#12533 = ORIENTED_EDGE('',*,*,#12534,.F.);
#12534 = EDGE_CURVE('',#12535,#12527,#12537,.T.);
#12535 = VERTEX_POINT('',#12536);
#12536 = CARTESIAN_POINT('',(5.E-02,5.E-02,-3.4));
#12537 = LINE('',#12538,#12539);
#12538 = CARTESIAN_POINT('',(0.185852405654,0.166085051658,
    -3.264147594346));
#12539 = VECTOR('',#12540,1.);
#12540 = DIRECTION('',(0.605209817607,0.517148096144,0.605209817607));
#12541 = ORIENTED_EDGE('',*,*,#12542,.T.);
#12542 = EDGE_CURVE('',#12535,#12517,#12543,.T.);
#12543 = LINE('',#12544,#12545);
#12544 = CARTESIAN_POINT('',(5.E-02,0.25,-3.4));
#12545 = VECTOR('',#12546,1.);
#12546 = DIRECTION('',(-1.224646799147E-16,-1.,0.));
#12547 = PLANE('',#12548);
#12548 = AXIS2_PLACEMENT_3D('',#12549,#12550,#12551);
#12549 = CARTESIAN_POINT('',(0.15,0.25,-3.3));
#12550 = DIRECTION('',(0.707106781187,-8.486018839685E-17,
    -0.707106781187));
#12551 = DIRECTION('',(1.212375546256E-16,1.,1.227125289196E-18));
#12552 = ADVANCED_FACE('',(#12553),#12578,.F.);
#12553 = FACE_BOUND('',#12554,.F.);
#12554 = EDGE_LOOP('',(#12555,#12556,#12562,#12563,#12571,#12577));
#12555 = ORIENTED_EDGE('',*,*,#11980,.F.);
#12556 = ORIENTED_EDGE('',*,*,#12557,.T.);
#12557 = EDGE_CURVE('',#11973,#12087,#12558,.T.);
#12558 = LINE('',#12559,#12560);
#12559 = CARTESIAN_POINT('',(0.25,-5.E-02,-1.5));
#12560 = VECTOR('',#12561,1.);
#12561 = DIRECTION('',(-1.,1.224646799147E-16,0.));
#12562 = ORIENTED_EDGE('',*,*,#12094,.T.);
#12563 = ORIENTED_EDGE('',*,*,#12564,.F.);
#12564 = EDGE_CURVE('',#12565,#12095,#12567,.T.);
#12565 = VERTEX_POINT('',#12566);
#12566 = CARTESIAN_POINT('',(-0.247552593066,0.218807485305,
    -3.202447406934));
#12567 = LINE('',#12568,#12569);
#12568 = CARTESIAN_POINT('',(-0.506155950752,0.177975376197,
    -2.943844049248));
#12569 = VECTOR('',#12570,1.);
#12570 = DIRECTION('',(-0.702740385383,-0.110959008218,0.702740385383));
#12571 = ORIENTED_EDGE('',*,*,#12572,.F.);
#12572 = EDGE_CURVE('',#12527,#12565,#12573,.T.);
#12573 = LINE('',#12574,#12575);
#12574 = CARTESIAN_POINT('',(0.25,0.218807485305,-3.202447406934));
#12575 = VECTOR('',#12576,1.);
#12576 = DIRECTION('',(-1.,1.224646799147E-16,0.));
#12577 = ORIENTED_EDGE('',*,*,#12526,.T.);
#12578 = PLANE('',#12579);
#12579 = AXIS2_PLACEMENT_3D('',#12580,#12581,#12582);
#12580 = CARTESIAN_POINT('',(0.25,-5.E-02,-1.5));
#12581 = DIRECTION('',(-1.209660753807E-16,-0.987762965329,
    -0.155962573473));
#12582 = DIRECTION('',(1.909990663905E-17,0.155962573473,-0.987762965329
    ));
#12583 = ADVANCED_FACE('',(#12584),#12595,.F.);
#12584 = FACE_BOUND('',#12585,.F.);
#12585 = EDGE_LOOP('',(#12586,#12592,#12593,#12594));
#12586 = ORIENTED_EDGE('',*,*,#12587,.T.);
#12587 = EDGE_CURVE('',#11965,#12079,#12588,.T.);
#12588 = LINE('',#12589,#12590);
#12589 = CARTESIAN_POINT('',(0.25,0.25,-0.9));
#12590 = VECTOR('',#12591,1.);
#12591 = DIRECTION('',(-1.,1.224646799147E-16,0.));
#12592 = ORIENTED_EDGE('',*,*,#12086,.T.);
#12593 = ORIENTED_EDGE('',*,*,#12557,.F.);
#12594 = ORIENTED_EDGE('',*,*,#11972,.F.);
#12595 = PLANE('',#12596);
#12596 = AXIS2_PLACEMENT_3D('',#12597,#12598,#12599);
#12597 = CARTESIAN_POINT('',(0.25,0.25,-0.9));
#12598 = DIRECTION('',(-1.095357396528E-16,-0.894427191,0.4472135955));
#12599 = DIRECTION('',(-5.476786982641E-17,-0.4472135955,-0.894427191));
#12600 = ADVANCED_FACE('',(#12601),#12612,.F.);
#12601 = FACE_BOUND('',#12602,.F.);
#12602 = EDGE_LOOP('',(#12603,#12604,#12610,#12611));
#12603 = ORIENTED_EDGE('',*,*,#11964,.F.);
#12604 = ORIENTED_EDGE('',*,*,#12605,.T.);
#12605 = EDGE_CURVE('',#11956,#12070,#12606,.T.);
#12606 = LINE('',#12607,#12608);
#12607 = CARTESIAN_POINT('',(0.25,0.25,2.8));
#12608 = VECTOR('',#12609,1.);
#12609 = DIRECTION('',(-1.,1.224646799147E-16,0.));
#12610 = ORIENTED_EDGE('',*,*,#12078,.T.);
#12611 = ORIENTED_EDGE('',*,*,#12587,.F.);
#12612 = PLANE('',#12613);
#12613 = AXIS2_PLACEMENT_3D('',#12614,#12615,#12616);
#12614 = CARTESIAN_POINT('',(0.25,0.25,3.35));
#12615 = DIRECTION('',(-1.224646799147E-16,-1.,0.));
#12616 = DIRECTION('',(-0.,0.,-1.));
#12617 = ADVANCED_FACE('',(#12618),#12624,.T.);
#12618 = FACE_BOUND('',#12619,.T.);
#12619 = EDGE_LOOP('',(#12620,#12621,#12622,#12623));
#12620 = ORIENTED_EDGE('',*,*,#11955,.T.);
#12621 = ORIENTED_EDGE('',*,*,#12605,.T.);
#12622 = ORIENTED_EDGE('',*,*,#12069,.F.);
#12623 = ORIENTED_EDGE('',*,*,#12053,.F.);
#12624 = CYLINDRICAL_SURFACE('',#12625,0.55);
#12625 = AXIS2_PLACEMENT_3D('',#12626,#12627,#12628);
#12626 = CARTESIAN_POINT('',(0.25,-0.3,2.8));
#12627 = DIRECTION('',(-1.,1.224646799147E-16,0.));
#12628 = DIRECTION('',(0.,0.,1.));
#12629 = ADVANCED_FACE('',(#12630),#12657,.F.);
#12630 = FACE_BOUND('',#12631,.T.);
#12631 = EDGE_LOOP('',(#12632,#12640,#12641,#12642,#12643,#12651));
#12632 = ORIENTED_EDGE('',*,*,#12633,.T.);
#12633 = EDGE_CURVE('',#12634,#12493,#12636,.T.);
#12634 = VERTEX_POINT('',#12635);
#12635 = CARTESIAN_POINT('',(-5.E-02,-5.E-02,-3.4));
#12636 = LINE('',#12637,#12638);
#12637 = CARTESIAN_POINT('',(-1.77957755624E-02,-1.231193164325E-02,
    -3.432204224438));
#12638 = VECTOR('',#12639,1.);
#12639 = DIRECTION('',(-0.544770019249,-0.63753529491,0.544770019249));
#12640 = ORIENTED_EDGE('',*,*,#12500,.T.);
#12641 = ORIENTED_EDGE('',*,*,#12102,.F.);
#12642 = ORIENTED_EDGE('',*,*,#12564,.F.);
#12643 = ORIENTED_EDGE('',*,*,#12644,.F.);
#12644 = EDGE_CURVE('',#12645,#12565,#12647,.T.);
#12645 = VERTEX_POINT('',#12646);
#12646 = CARTESIAN_POINT('',(-5.E-02,5.E-02,-3.4));
#12647 = LINE('',#12648,#12649);
#12648 = CARTESIAN_POINT('',(-9.428267482221E-02,8.783927542193E-02,
    -3.355717325178));
#12649 = VECTOR('',#12650,1.);
#12650 = DIRECTION('',(-0.605209817607,0.517148096144,0.605209817607));
#12651 = ORIENTED_EDGE('',*,*,#12652,.T.);
#12652 = EDGE_CURVE('',#12645,#12634,#12653,.T.);
#12653 = LINE('',#12654,#12655);
#12654 = CARTESIAN_POINT('',(-5.E-02,0.25,-3.4));
#12655 = VECTOR('',#12656,1.);
#12656 = DIRECTION('',(-1.224646799147E-16,-1.,0.));
#12657 = PLANE('',#12658);
#12658 = AXIS2_PLACEMENT_3D('',#12659,#12660,#12661);
#12659 = CARTESIAN_POINT('',(-0.15,0.25,-3.3));
#12660 = DIRECTION('',(0.707106781187,-8.833102285013E-17,0.707106781187
    ));
#12661 = DIRECTION('',(1.236918052038E-16,1.,1.227125289097E-18));
#12662 = ADVANCED_FACE('',(#12663),#12674,.T.);
#12663 = FACE_BOUND('',#12664,.F.);
#12664 = EDGE_LOOP('',(#12665,#12666,#12672,#12673));
#12665 = ORIENTED_EDGE('',*,*,#12282,.F.);
#12666 = ORIENTED_EDGE('',*,*,#12667,.T.);
#12667 = EDGE_CURVE('',#12283,#12400,#12668,.T.);
#12668 = LINE('',#12669,#12670);
#12669 = CARTESIAN_POINT('',(2.25,-5.E-02,-3.4));
#12670 = VECTOR('',#12671,1.);
#12671 = DIRECTION('',(-1.,1.224646799147E-16,0.));
#12672 = ORIENTED_EDGE('',*,*,#12399,.T.);
#12673 = ORIENTED_EDGE('',*,*,#12258,.F.);
#12674 = PLANE('',#12675);
#12675 = AXIS2_PLACEMENT_3D('',#12676,#12677,#12678);
#12676 = CARTESIAN_POINT('',(2.25,-0.165596257347,-3.301223703467));
#12677 = DIRECTION('',(-8.302774088379E-17,-0.64962967394,
    -0.760250805153));
#12678 = DIRECTION('',(1.,-1.247195775152E-16,-2.638869166629E-18));
#12679 = ADVANCED_FACE('',(#12680),#12691,.F.);
#12680 = FACE_BOUND('',#12681,.F.);
#12681 = EDGE_LOOP('',(#12682,#12683,#12684,#12690));
#12682 = ORIENTED_EDGE('',*,*,#12667,.F.);
#12683 = ORIENTED_EDGE('',*,*,#12308,.F.);
#12684 = ORIENTED_EDGE('',*,*,#12685,.T.);
#12685 = EDGE_CURVE('',#12301,#12411,#12686,.T.);
#12686 = LINE('',#12687,#12688);
#12687 = CARTESIAN_POINT('',(2.25,5.E-02,-3.4));
#12688 = VECTOR('',#12689,1.);
#12689 = DIRECTION('',(-1.,1.224646799147E-16,0.));
#12690 = ORIENTED_EDGE('',*,*,#12418,.T.);
#12691 = PLANE('',#12692);
#12692 = AXIS2_PLACEMENT_3D('',#12693,#12694,#12695);
#12693 = CARTESIAN_POINT('',(2.25,0.25,-3.4));
#12694 = DIRECTION('',(0.,0.,1.));
#12695 = DIRECTION('',(-1.224646799147E-16,-1.,0.));
#12696 = ADVANCED_FACE('',(#12697),#12703,.T.);
#12697 = FACE_BOUND('',#12698,.T.);
#12698 = EDGE_LOOP('',(#12699,#12700,#12701,#12702));
#12699 = ORIENTED_EDGE('',*,*,#12300,.F.);
#12700 = ORIENTED_EDGE('',*,*,#12685,.T.);
#12701 = ORIENTED_EDGE('',*,*,#12410,.T.);
#12702 = ORIENTED_EDGE('',*,*,#12338,.F.);
#12703 = PLANE('',#12704);
#12704 = AXIS2_PLACEMENT_3D('',#12705,#12706,#12707);
#12705 = CARTESIAN_POINT('',(2.25,0.134403742653,-3.301223703467));
#12706 = DIRECTION('',(9.136856246232E-17,0.760250805153,-0.64962967394)
  );
#12707 = DIRECTION('',(-1.,1.211454098155E-16,1.127308249542E-18));
#12708 = ADVANCED_FACE('',(#12709),#12720,.T.);
#12709 = FACE_BOUND('',#12710,.F.);
#12710 = EDGE_LOOP('',(#12711,#12712,#12718,#12719));
#12711 = ORIENTED_EDGE('',*,*,#12516,.F.);
#12712 = ORIENTED_EDGE('',*,*,#12713,.T.);
#12713 = EDGE_CURVE('',#12517,#12634,#12714,.T.);
#12714 = LINE('',#12715,#12716);
#12715 = CARTESIAN_POINT('',(0.25,-5.E-02,-3.4));
#12716 = VECTOR('',#12717,1.);
#12717 = DIRECTION('',(-1.,1.224646799147E-16,0.));
#12718 = ORIENTED_EDGE('',*,*,#12633,.T.);
#12719 = ORIENTED_EDGE('',*,*,#12492,.F.);
#12720 = PLANE('',#12721);
#12721 = AXIS2_PLACEMENT_3D('',#12722,#12723,#12724);
#12722 = CARTESIAN_POINT('',(0.25,-0.165596257347,-3.301223703467));
#12723 = DIRECTION('',(-8.302774088379E-17,-0.64962967394,
    -0.760250805153));
#12724 = DIRECTION('',(1.,-1.247195775152E-16,-2.638869166629E-18));
#12725 = ADVANCED_FACE('',(#12726),#12737,.F.);
#12726 = FACE_BOUND('',#12727,.F.);
#12727 = EDGE_LOOP('',(#12728,#12729,#12730,#12736));
#12728 = ORIENTED_EDGE('',*,*,#12713,.F.);
#12729 = ORIENTED_EDGE('',*,*,#12542,.F.);
#12730 = ORIENTED_EDGE('',*,*,#12731,.T.);
#12731 = EDGE_CURVE('',#12535,#12645,#12732,.T.);
#12732 = LINE('',#12733,#12734);
#12733 = CARTESIAN_POINT('',(0.25,5.E-02,-3.4));
#12734 = VECTOR('',#12735,1.);
#12735 = DIRECTION('',(-1.,1.224646799147E-16,0.));
#12736 = ORIENTED_EDGE('',*,*,#12652,.T.);
#12737 = PLANE('',#12738);
#12738 = AXIS2_PLACEMENT_3D('',#12739,#12740,#12741);
#12739 = CARTESIAN_POINT('',(0.25,0.25,-3.4));
#12740 = DIRECTION('',(0.,0.,1.));
#12741 = DIRECTION('',(-1.224646799147E-16,-1.,0.));
#12742 = ADVANCED_FACE('',(#12743),#12749,.T.);
#12743 = FACE_BOUND('',#12744,.T.);
#12744 = EDGE_LOOP('',(#12745,#12746,#12747,#12748));
#12745 = ORIENTED_EDGE('',*,*,#12534,.F.);
#12746 = ORIENTED_EDGE('',*,*,#12731,.T.);
#12747 = ORIENTED_EDGE('',*,*,#12644,.T.);
#12748 = ORIENTED_EDGE('',*,*,#12572,.F.);
#12749 = PLANE('',#12750);
#12750 = AXIS2_PLACEMENT_3D('',#12751,#12752,#12753);
#12751 = CARTESIAN_POINT('',(0.25,0.134403742653,-3.301223703467));
#12752 = DIRECTION('',(9.136856246232E-17,0.760250805153,-0.64962967394)
  );
#12753 = DIRECTION('',(-1.,1.211454098155E-16,1.127308249542E-18));
#12754 = ( GEOMETRIC_REPRESENTATION_CONTEXT(3) 
GLOBAL_UNCERTAINTY_ASSIGNED_CONTEXT((#12758)) 
GLOBAL_UNIT_ASSIGNED_CONTEXT((#12755,#12756,#12757)) 
REPRESENTATION_CONTEXT('Context #1',
  '3D Context with UNIT and UNCERTAINTY') );
#12755 = ( LENGTH_UNIT() NAMED_UNIT(*) SI_UNIT(.MILLI.,.METRE.) );
#12756 = ( NAMED_UNIT(*) PLANE_ANGLE_UNIT() SI_UNIT($,.RADIAN.) );
#12757 = ( NAMED_UNIT(*) SI_UNIT($,.STERADIAN.) SOLID_ANGLE_UNIT() );
#12758 = UNCERTAINTY_MEASURE_WITH_UNIT(LENGTH_MEASURE(1.E-07),#12755,
  'distance_accuracy_value','confusion accuracy');
#12759 = CONTEXT_DEPENDENT_SHAPE_REPRESENTATION(#12760,#12762);
#12760 = ( REPRESENTATION_RELATIONSHIP('','',#9259,#9236) 
REPRESENTATION_RELATIONSHIP_WITH_TRANSFORMATION(#12761) 
SHAPE_REPRESENTATION_RELATIONSHIP() );
#12761 = ITEM_DEFINED_TRANSFORMATION('','',#11,#9237);
#12762 = PRODUCT_DEFINITION_SHAPE('Placement','Placement of an item',
  #12763);
#12763 = NEXT_ASSEMBLY_USAGE_OCCURRENCE('3','=>[0:1:1:5]','',#9231,#9254
  ,$);
#12764 = PRODUCT_RELATED_PRODUCT_CATEGORY('part',$,(#9256));
#12765 = SHAPE_DEFINITION_REPRESENTATION(#12766,#12772);
#12766 = PRODUCT_DEFINITION_SHAPE('','',#12767);
#12767 = PRODUCT_DEFINITION('design','',#12768,#12771);
#12768 = PRODUCT_DEFINITION_FORMATION('','',#12769);
#12769 = PRODUCT('PonBE4F_soldermask','PonBE4F_soldermask','',(#12770));
#12770 = PRODUCT_CONTEXT('',#2,'mechanical');
#12771 = PRODUCT_DEFINITION_CONTEXT('part definition',#2,'design');
#12772 = MANIFOLD_SURFACE_SHAPE_REPRESENTATION('',(#11,#12773),#13344);
#12773 = SHELL_BASED_SURFACE_MODEL('',(#12774));
#12774 = OPEN_SHELL('',(#12775));
#12775 = ADVANCED_FACE('',(#12776,#12910,#12921,#12932,#12943,#12954,
    #12965,#12976,#12987,#12998,#13009,#13020,#13031,#13042,#13053,
    #13064,#13075,#13086,#13097,#13108,#13119,#13130,#13141,#13152,
    #13163,#13174,#13185,#13196,#13207,#13218,#13229,#13240,#13251,
    #13262,#13273,#13284,#13295,#13306,#13317,#13328),#13339,.T.);
#12776 = FACE_BOUND('',#12777,.F.);
#12777 = EDGE_LOOP('',(#12778,#12789,#12797,#12805,#12813,#12822,#12830,
    #12838,#12846,#12855,#12863,#12871,#12879,#12888,#12896,#12904));
#12778 = ORIENTED_EDGE('',*,*,#12779,.T.);
#12779 = EDGE_CURVE('',#12780,#12782,#12784,.T.);
#12780 = VERTEX_POINT('',#12781);
#12781 = CARTESIAN_POINT('',(16.002398,-140.816698,1.56));
#12782 = VERTEX_POINT('',#12783);
#12783 = CARTESIAN_POINT('',(19.316698,-137.502398,1.56));
#12784 = CIRCLE('',#12785,3.502402617231);
#12785 = AXIS2_PLACEMENT_3D('',#12786,#12787,#12788);
#12786 = CARTESIAN_POINT('',(19.50000064109,-141.000000641,1.56));
#12787 = DIRECTION('',(0.,0.,-1.));
#12788 = DIRECTION('',(-0.998629519028,5.233625631385E-02,0.));
#12789 = ORIENTED_EDGE('',*,*,#12790,.T.);
#12790 = EDGE_CURVE('',#12782,#12791,#12793,.T.);
#12791 = VERTEX_POINT('',#12792);
#12792 = CARTESIAN_POINT('',(19.5,-137.5,1.56));
#12793 = LINE('',#12794,#12795);
#12794 = CARTESIAN_POINT('',(19.316698,-137.502398,1.56));
#12795 = VECTOR('',#12796,1.);
#12796 = DIRECTION('',(0.999914438535,1.308111653777E-02,0.));
#12797 = ORIENTED_EDGE('',*,*,#12798,.T.);
#12798 = EDGE_CURVE('',#12791,#12799,#12801,.T.);
#12799 = VERTEX_POINT('',#12800);
#12800 = CARTESIAN_POINT('',(120.,-137.5,1.56));
#12801 = LINE('',#12802,#12803);
#12802 = CARTESIAN_POINT('',(19.5,-137.5,1.56));
#12803 = VECTOR('',#12804,1.);
#12804 = DIRECTION('',(1.,0.,0.));
#12805 = ORIENTED_EDGE('',*,*,#12806,.T.);
#12806 = EDGE_CURVE('',#12799,#12807,#12809,.T.);
#12807 = VERTEX_POINT('',#12808);
#12808 = CARTESIAN_POINT('',(120.183302,-137.502398,1.56));
#12809 = LINE('',#12810,#12811);
#12810 = CARTESIAN_POINT('',(120.,-137.5,1.56));
#12811 = VECTOR('',#12812,1.);
#12812 = DIRECTION('',(0.999914438535,-1.308111653777E-02,0.));
#12813 = ORIENTED_EDGE('',*,*,#12814,.T.);
#12814 = EDGE_CURVE('',#12807,#12815,#12817,.T.);
#12815 = VERTEX_POINT('',#12816);
#12816 = CARTESIAN_POINT('',(123.497602,-140.816698,1.56));
#12817 = CIRCLE('',#12818,3.502402617231);
#12818 = AXIS2_PLACEMENT_3D('',#12819,#12820,#12821);
#12819 = CARTESIAN_POINT('',(119.99999935891,-141.000000641,1.56));
#12820 = DIRECTION('',(0.,0.,-1.));
#12821 = DIRECTION('',(5.233625631385E-02,0.998629519028,0.));
#12822 = ORIENTED_EDGE('',*,*,#12823,.T.);
#12823 = EDGE_CURVE('',#12815,#12824,#12826,.T.);
#12824 = VERTEX_POINT('',#12825);
#12825 = CARTESIAN_POINT('',(123.5,-141.,1.56));
#12826 = LINE('',#12827,#12828);
#12827 = CARTESIAN_POINT('',(123.497602,-140.816698,1.56));
#12828 = VECTOR('',#12829,1.);
#12829 = DIRECTION('',(1.308111653777E-02,-0.999914438535,0.));
#12830 = ORIENTED_EDGE('',*,*,#12831,.T.);
#12831 = EDGE_CURVE('',#12824,#12832,#12834,.T.);
#12832 = VERTEX_POINT('',#12833);
#12833 = CARTESIAN_POINT('',(123.5,-190.,1.56));
#12834 = LINE('',#12835,#12836);
#12835 = CARTESIAN_POINT('',(123.5,-141.,1.56));
#12836 = VECTOR('',#12837,1.);
#12837 = DIRECTION('',(0.,-1.,0.));
#12838 = ORIENTED_EDGE('',*,*,#12839,.T.);
#12839 = EDGE_CURVE('',#12832,#12840,#12842,.T.);
#12840 = VERTEX_POINT('',#12841);
#12841 = CARTESIAN_POINT('',(123.497602,-190.183302,1.56));
#12842 = LINE('',#12843,#12844);
#12843 = CARTESIAN_POINT('',(123.5,-190.,1.56));
#12844 = VECTOR('',#12845,1.);
#12845 = DIRECTION('',(-1.308111653777E-02,-0.999914438535,0.));
#12846 = ORIENTED_EDGE('',*,*,#12847,.T.);
#12847 = EDGE_CURVE('',#12840,#12848,#12850,.T.);
#12848 = VERTEX_POINT('',#12849);
#12849 = CARTESIAN_POINT('',(120.183302,-193.497602,1.56));
#12850 = CIRCLE('',#12851,3.502402617231);
#12851 = AXIS2_PLACEMENT_3D('',#12852,#12853,#12854);
#12852 = CARTESIAN_POINT('',(119.99999935891,-189.9999993589,1.56));
#12853 = DIRECTION('',(0.,0.,-1.));
#12854 = DIRECTION('',(0.998629519028,-5.233625631385E-02,0.));
#12855 = ORIENTED_EDGE('',*,*,#12856,.T.);
#12856 = EDGE_CURVE('',#12848,#12857,#12859,.T.);
#12857 = VERTEX_POINT('',#12858);
#12858 = CARTESIAN_POINT('',(120.,-193.5,1.56));
#12859 = LINE('',#12860,#12861);
#12860 = CARTESIAN_POINT('',(120.183302,-193.497602,1.56));
#12861 = VECTOR('',#12862,1.);
#12862 = DIRECTION('',(-0.999914438535,-1.308111653777E-02,0.));
#12863 = ORIENTED_EDGE('',*,*,#12864,.T.);
#12864 = EDGE_CURVE('',#12857,#12865,#12867,.T.);
#12865 = VERTEX_POINT('',#12866);
#12866 = CARTESIAN_POINT('',(19.5,-193.5,1.56));
#12867 = LINE('',#12868,#12869);
#12868 = CARTESIAN_POINT('',(120.,-193.5,1.56));
#12869 = VECTOR('',#12870,1.);
#12870 = DIRECTION('',(-1.,0.,0.));
#12871 = ORIENTED_EDGE('',*,*,#12872,.T.);
#12872 = EDGE_CURVE('',#12865,#12873,#12875,.T.);
#12873 = VERTEX_POINT('',#12874);
#12874 = CARTESIAN_POINT('',(19.316698,-193.497602,1.56));
#12875 = LINE('',#12876,#12877);
#12876 = CARTESIAN_POINT('',(19.5,-193.5,1.56));
#12877 = VECTOR('',#12878,1.);
#12878 = DIRECTION('',(-0.999914438535,1.308111653777E-02,0.));
#12879 = ORIENTED_EDGE('',*,*,#12880,.T.);
#12880 = EDGE_CURVE('',#12873,#12881,#12883,.T.);
#12881 = VERTEX_POINT('',#12882);
#12882 = CARTESIAN_POINT('',(16.002398,-190.183302,1.56));
#12883 = CIRCLE('',#12884,3.502402617231);
#12884 = AXIS2_PLACEMENT_3D('',#12885,#12886,#12887);
#12885 = CARTESIAN_POINT('',(19.50000064109,-189.9999993589,1.56));
#12886 = DIRECTION('',(0.,0.,-1.));
#12887 = DIRECTION('',(-5.233625631385E-02,-0.998629519028,-0.));
#12888 = ORIENTED_EDGE('',*,*,#12889,.T.);
#12889 = EDGE_CURVE('',#12881,#12890,#12892,.T.);
#12890 = VERTEX_POINT('',#12891);
#12891 = CARTESIAN_POINT('',(16.,-190.,1.56));
#12892 = LINE('',#12893,#12894);
#12893 = CARTESIAN_POINT('',(16.002398,-190.183302,1.56));
#12894 = VECTOR('',#12895,1.);
#12895 = DIRECTION('',(-1.308111653777E-02,0.999914438535,0.));
#12896 = ORIENTED_EDGE('',*,*,#12897,.T.);
#12897 = EDGE_CURVE('',#12890,#12898,#12900,.T.);
#12898 = VERTEX_POINT('',#12899);
#12899 = CARTESIAN_POINT('',(16.,-141.,1.56));
#12900 = LINE('',#12901,#12902);
#12901 = CARTESIAN_POINT('',(16.,-190.,1.56));
#12902 = VECTOR('',#12903,1.);
#12903 = DIRECTION('',(0.,1.,0.));
#12904 = ORIENTED_EDGE('',*,*,#12905,.T.);
#12905 = EDGE_CURVE('',#12898,#12780,#12906,.T.);
#12906 = LINE('',#12907,#12908);
#12907 = CARTESIAN_POINT('',(16.,-141.,1.56));
#12908 = VECTOR('',#12909,1.);
#12909 = DIRECTION('',(1.308111653777E-02,0.999914438535,0.));
#12910 = FACE_BOUND('',#12911,.F.);
#12911 = EDGE_LOOP('',(#12912));
#12912 = ORIENTED_EDGE('',*,*,#12913,.T.);
#12913 = EDGE_CURVE('',#12914,#12914,#12916,.T.);
#12914 = VERTEX_POINT('',#12915);
#12915 = CARTESIAN_POINT('',(20.587462,-190.,1.56));
#12916 = CIRCLE('',#12917,1.087462);
#12917 = AXIS2_PLACEMENT_3D('',#12918,#12919,#12920);
#12918 = CARTESIAN_POINT('',(19.5,-190.,1.56));
#12919 = DIRECTION('',(0.,0.,1.));
#12920 = DIRECTION('',(1.,0.,-0.));
#12921 = FACE_BOUND('',#12922,.F.);
#12922 = EDGE_LOOP('',(#12923));
#12923 = ORIENTED_EDGE('',*,*,#12924,.T.);
#12924 = EDGE_CURVE('',#12925,#12925,#12927,.T.);
#12925 = VERTEX_POINT('',#12926);
#12926 = CARTESIAN_POINT('',(121.087462,-190.,1.56));
#12927 = CIRCLE('',#12928,1.087462);
#12928 = AXIS2_PLACEMENT_3D('',#12929,#12930,#12931);
#12929 = CARTESIAN_POINT('',(120.,-190.,1.56));
#12930 = DIRECTION('',(0.,0.,1.));
#12931 = DIRECTION('',(1.,0.,-0.));
#12932 = FACE_BOUND('',#12933,.F.);
#12933 = EDGE_LOOP('',(#12934));
#12934 = ORIENTED_EDGE('',*,*,#12935,.T.);
#12935 = EDGE_CURVE('',#12936,#12936,#12938,.T.);
#12936 = VERTEX_POINT('',#12937);
#12937 = CARTESIAN_POINT('',(31.067473,-180.5,1.56));
#12938 = CIRCLE('',#12939,1.987473);
#12939 = AXIS2_PLACEMENT_3D('',#12940,#12941,#12942);
#12940 = CARTESIAN_POINT('',(29.08,-180.5,1.56));
#12941 = DIRECTION('',(0.,0.,1.));
#12942 = DIRECTION('',(1.,0.,-0.));
#12943 = FACE_BOUND('',#12944,.F.);
#12944 = EDGE_LOOP('',(#12945));
#12945 = ORIENTED_EDGE('',*,*,#12946,.T.);
#12946 = EDGE_CURVE('',#12947,#12947,#12949,.T.);
#12947 = VERTEX_POINT('',#12948);
#12948 = CARTESIAN_POINT('',(51.067473,-180.5,1.56));
#12949 = CIRCLE('',#12950,1.987473);
#12950 = AXIS2_PLACEMENT_3D('',#12951,#12952,#12953);
#12951 = CARTESIAN_POINT('',(49.08,-180.5,1.56));
#12952 = DIRECTION('',(0.,0.,1.));
#12953 = DIRECTION('',(1.,0.,-0.));
#12954 = FACE_BOUND('',#12955,.F.);
#12955 = EDGE_LOOP('',(#12956));
#12956 = ORIENTED_EDGE('',*,*,#12957,.T.);
#12957 = EDGE_CURVE('',#12958,#12958,#12960,.T.);
#12958 = VERTEX_POINT('',#12959);
#12959 = CARTESIAN_POINT('',(71.567473,-180.5,1.56));
#12960 = CIRCLE('',#12961,1.987473);
#12961 = AXIS2_PLACEMENT_3D('',#12962,#12963,#12964);
#12962 = CARTESIAN_POINT('',(69.58,-180.5,1.56));
#12963 = DIRECTION('',(0.,0.,1.));
#12964 = DIRECTION('',(1.,0.,-0.));
#12965 = FACE_BOUND('',#12966,.F.);
#12966 = EDGE_LOOP('',(#12967));
#12967 = ORIENTED_EDGE('',*,*,#12968,.T.);
#12968 = EDGE_CURVE('',#12969,#12969,#12971,.T.);
#12969 = VERTEX_POINT('',#12970);
#12970 = CARTESIAN_POINT('',(91.907473,-180.5,1.56));
#12971 = CIRCLE('',#12972,1.987473);
#12972 = AXIS2_PLACEMENT_3D('',#12973,#12974,#12975);
#12973 = CARTESIAN_POINT('',(89.92,-180.5,1.56));
#12974 = DIRECTION('',(0.,0.,1.));
#12975 = DIRECTION('',(1.,0.,-0.));
#12976 = FACE_BOUND('',#12977,.F.);
#12977 = EDGE_LOOP('',(#12978));
#12978 = ORIENTED_EDGE('',*,*,#12979,.T.);
#12979 = EDGE_CURVE('',#12980,#12980,#12982,.T.);
#12980 = VERTEX_POINT('',#12981);
#12981 = CARTESIAN_POINT('',(112.407473,-180.5,1.56));
#12982 = CIRCLE('',#12983,1.987473);
#12983 = AXIS2_PLACEMENT_3D('',#12984,#12985,#12986);
#12984 = CARTESIAN_POINT('',(110.42,-180.5,1.56));
#12985 = DIRECTION('',(0.,0.,1.));
#12986 = DIRECTION('',(1.,0.,-0.));
#12987 = FACE_BOUND('',#12988,.F.);
#12988 = EDGE_LOOP('',(#12989));
#12989 = ORIENTED_EDGE('',*,*,#12990,.T.);
#12990 = EDGE_CURVE('',#12991,#12991,#12993,.T.);
#12991 = VERTEX_POINT('',#12992);
#12992 = CARTESIAN_POINT('',(24.837439,-180.5,1.56));
#12993 = CIRCLE('',#12994,0.837439);
#12994 = AXIS2_PLACEMENT_3D('',#12995,#12996,#12997);
#12995 = CARTESIAN_POINT('',(24.,-180.5,1.56));
#12996 = DIRECTION('',(0.,0.,1.));
#12997 = DIRECTION('',(1.,0.,-0.));
#12998 = FACE_BOUND('',#12999,.F.);
#12999 = EDGE_LOOP('',(#13000));
#13000 = ORIENTED_EDGE('',*,*,#13001,.T.);
#13001 = EDGE_CURVE('',#13002,#13002,#13004,.T.);
#13002 = VERTEX_POINT('',#13003);
#13003 = CARTESIAN_POINT('',(34.997439,-180.5,1.56));
#13004 = CIRCLE('',#13005,0.837439);
#13005 = AXIS2_PLACEMENT_3D('',#13006,#13007,#13008);
#13006 = CARTESIAN_POINT('',(34.16,-180.5,1.56));
#13007 = DIRECTION('',(0.,0.,1.));
#13008 = DIRECTION('',(1.,0.,-0.));
#13009 = FACE_BOUND('',#13010,.F.);
#13010 = EDGE_LOOP('',(#13011));
#13011 = ORIENTED_EDGE('',*,*,#13012,.T.);
#13012 = EDGE_CURVE('',#13013,#13013,#13015,.T.);
#13013 = VERTEX_POINT('',#13014);
#13014 = CARTESIAN_POINT('',(44.837439,-180.5,1.56));
#13015 = CIRCLE('',#13016,0.837439);
#13016 = AXIS2_PLACEMENT_3D('',#13017,#13018,#13019);
#13017 = CARTESIAN_POINT('',(44.,-180.5,1.56));
#13018 = DIRECTION('',(0.,0.,1.));
#13019 = DIRECTION('',(1.,0.,-0.));
#13020 = FACE_BOUND('',#13021,.F.);
#13021 = EDGE_LOOP('',(#13022));
#13022 = ORIENTED_EDGE('',*,*,#13023,.T.);
#13023 = EDGE_CURVE('',#13024,#13024,#13026,.T.);
#13024 = VERTEX_POINT('',#13025);
#13025 = CARTESIAN_POINT('',(54.997439,-180.5,1.56));
#13026 = CIRCLE('',#13027,0.837439);
#13027 = AXIS2_PLACEMENT_3D('',#13028,#13029,#13030);
#13028 = CARTESIAN_POINT('',(54.16,-180.5,1.56));
#13029 = DIRECTION('',(0.,0.,1.));
#13030 = DIRECTION('',(1.,0.,-0.));
#13031 = FACE_BOUND('',#13032,.F.);
#13032 = EDGE_LOOP('',(#13033));
#13033 = ORIENTED_EDGE('',*,*,#13034,.T.);
#13034 = EDGE_CURVE('',#13035,#13035,#13037,.T.);
#13035 = VERTEX_POINT('',#13036);
#13036 = CARTESIAN_POINT('',(65.337439,-180.5,1.56));
#13037 = CIRCLE('',#13038,0.837439);
#13038 = AXIS2_PLACEMENT_3D('',#13039,#13040,#13041);
#13039 = CARTESIAN_POINT('',(64.5,-180.5,1.56));
#13040 = DIRECTION('',(0.,0.,1.));
#13041 = DIRECTION('',(1.,0.,-0.));
#13042 = FACE_BOUND('',#13043,.F.);
#13043 = EDGE_LOOP('',(#13044));
#13044 = ORIENTED_EDGE('',*,*,#13045,.T.);
#13045 = EDGE_CURVE('',#13046,#13046,#13048,.T.);
#13046 = VERTEX_POINT('',#13047);
#13047 = CARTESIAN_POINT('',(75.497439,-180.5,1.56));
#13048 = CIRCLE('',#13049,0.837439);
#13049 = AXIS2_PLACEMENT_3D('',#13050,#13051,#13052);
#13050 = CARTESIAN_POINT('',(74.66,-180.5,1.56));
#13051 = DIRECTION('',(0.,0.,1.));
#13052 = DIRECTION('',(1.,0.,-0.));
#13053 = FACE_BOUND('',#13054,.F.);
#13054 = EDGE_LOOP('',(#13055));
#13055 = ORIENTED_EDGE('',*,*,#13056,.T.);
#13056 = EDGE_CURVE('',#13057,#13057,#13059,.T.);
#13057 = VERTEX_POINT('',#13058);
#13058 = CARTESIAN_POINT('',(85.677439,-180.5,1.56));
#13059 = CIRCLE('',#13060,0.837439);
#13060 = AXIS2_PLACEMENT_3D('',#13061,#13062,#13063);
#13061 = CARTESIAN_POINT('',(84.84,-180.5,1.56));
#13062 = DIRECTION('',(0.,0.,1.));
#13063 = DIRECTION('',(1.,0.,-0.));
#13064 = FACE_BOUND('',#13065,.F.);
#13065 = EDGE_LOOP('',(#13066));
#13066 = ORIENTED_EDGE('',*,*,#13067,.T.);
#13067 = EDGE_CURVE('',#13068,#13068,#13070,.T.);
#13068 = VERTEX_POINT('',#13069);
#13069 = CARTESIAN_POINT('',(95.837439,-180.5,1.56));
#13070 = CIRCLE('',#13071,0.837439);
#13071 = AXIS2_PLACEMENT_3D('',#13072,#13073,#13074);
#13072 = CARTESIAN_POINT('',(95.,-180.5,1.56));
#13073 = DIRECTION('',(0.,0.,1.));
#13074 = DIRECTION('',(1.,0.,-0.));
#13075 = FACE_BOUND('',#13076,.F.);
#13076 = EDGE_LOOP('',(#13077));
#13077 = ORIENTED_EDGE('',*,*,#13078,.T.);
#13078 = EDGE_CURVE('',#13079,#13079,#13081,.T.);
#13079 = VERTEX_POINT('',#13080);
#13080 = CARTESIAN_POINT('',(106.177439,-180.5,1.56));
#13081 = CIRCLE('',#13082,0.837439);
#13082 = AXIS2_PLACEMENT_3D('',#13083,#13084,#13085);
#13083 = CARTESIAN_POINT('',(105.34,-180.5,1.56));
#13084 = DIRECTION('',(0.,0.,1.));
#13085 = DIRECTION('',(1.,0.,-0.));
#13086 = FACE_BOUND('',#13087,.F.);
#13087 = EDGE_LOOP('',(#13088));
#13088 = ORIENTED_EDGE('',*,*,#13089,.T.);
#13089 = EDGE_CURVE('',#13090,#13090,#13092,.T.);
#13090 = VERTEX_POINT('',#13091);
#13091 = CARTESIAN_POINT('',(116.337439,-180.5,1.56));
#13092 = CIRCLE('',#13093,0.837439);
#13093 = AXIS2_PLACEMENT_3D('',#13094,#13095,#13096);
#13094 = CARTESIAN_POINT('',(115.5,-180.5,1.56));
#13095 = DIRECTION('',(0.,0.,1.));
#13096 = DIRECTION('',(1.,0.,-0.));
#13097 = FACE_BOUND('',#13098,.F.);
#13098 = EDGE_LOOP('',(#13099));
#13099 = ORIENTED_EDGE('',*,*,#13100,.T.);
#13100 = EDGE_CURVE('',#13101,#13101,#13103,.T.);
#13101 = VERTEX_POINT('',#13102);
#13102 = CARTESIAN_POINT('',(26.007439,-177.96,1.56));
#13103 = CIRCLE('',#13104,0.737439);
#13104 = AXIS2_PLACEMENT_3D('',#13105,#13106,#13107);
#13105 = CARTESIAN_POINT('',(25.27,-177.96,1.56));
#13106 = DIRECTION('',(0.,0.,1.));
#13107 = DIRECTION('',(1.,0.,-0.));
#13108 = FACE_BOUND('',#13109,.F.);
#13109 = EDGE_LOOP('',(#13110));
#13110 = ORIENTED_EDGE('',*,*,#13111,.T.);
#13111 = EDGE_CURVE('',#13112,#13112,#13114,.T.);
#13112 = VERTEX_POINT('',#13113);
#13113 = CARTESIAN_POINT('',(46.007439,-177.96,1.56));
#13114 = CIRCLE('',#13115,0.737439);
#13115 = AXIS2_PLACEMENT_3D('',#13116,#13117,#13118);
#13116 = CARTESIAN_POINT('',(45.27,-177.96,1.56));
#13117 = DIRECTION('',(0.,0.,1.));
#13118 = DIRECTION('',(1.,0.,-0.));
#13119 = FACE_BOUND('',#13120,.F.);
#13120 = EDGE_LOOP('',(#13121));
#13121 = ORIENTED_EDGE('',*,*,#13122,.T.);
#13122 = EDGE_CURVE('',#13123,#13123,#13125,.T.);
#13123 = VERTEX_POINT('',#13124);
#13124 = CARTESIAN_POINT('',(66.507439,-177.96,1.56));
#13125 = CIRCLE('',#13126,0.737439);
#13126 = AXIS2_PLACEMENT_3D('',#13127,#13128,#13129);
#13127 = CARTESIAN_POINT('',(65.77,-177.96,1.56));
#13128 = DIRECTION('',(0.,0.,1.));
#13129 = DIRECTION('',(1.,0.,-0.));
#13130 = FACE_BOUND('',#13131,.F.);
#13131 = EDGE_LOOP('',(#13132));
#13132 = ORIENTED_EDGE('',*,*,#13133,.T.);
#13133 = EDGE_CURVE('',#13134,#13134,#13136,.T.);
#13134 = VERTEX_POINT('',#13135);
#13135 = CARTESIAN_POINT('',(86.847439,-177.96,1.56));
#13136 = CIRCLE('',#13137,0.737439);
#13137 = AXIS2_PLACEMENT_3D('',#13138,#13139,#13140);
#13138 = CARTESIAN_POINT('',(86.11,-177.96,1.56));
#13139 = DIRECTION('',(0.,0.,1.));
#13140 = DIRECTION('',(1.,0.,-0.));
#13141 = FACE_BOUND('',#13142,.F.);
#13142 = EDGE_LOOP('',(#13143));
#13143 = ORIENTED_EDGE('',*,*,#13144,.T.);
#13144 = EDGE_CURVE('',#13145,#13145,#13147,.T.);
#13145 = VERTEX_POINT('',#13146);
#13146 = CARTESIAN_POINT('',(107.347439,-177.96,1.56));
#13147 = CIRCLE('',#13148,0.737439);
#13148 = AXIS2_PLACEMENT_3D('',#13149,#13150,#13151);
#13149 = CARTESIAN_POINT('',(106.61,-177.96,1.56));
#13150 = DIRECTION('',(0.,0.,1.));
#13151 = DIRECTION('',(1.,0.,-0.));
#13152 = FACE_BOUND('',#13153,.F.);
#13153 = EDGE_LOOP('',(#13154));
#13154 = ORIENTED_EDGE('',*,*,#13155,.T.);
#13155 = EDGE_CURVE('',#13156,#13156,#13158,.T.);
#13156 = VERTEX_POINT('',#13157);
#13157 = CARTESIAN_POINT('',(32.357439,-175.42,1.56));
#13158 = CIRCLE('',#13159,0.737439);
#13159 = AXIS2_PLACEMENT_3D('',#13160,#13161,#13162);
#13160 = CARTESIAN_POINT('',(31.62,-175.42,1.56));
#13161 = DIRECTION('',(0.,0.,1.));
#13162 = DIRECTION('',(1.,0.,-0.));
#13163 = FACE_BOUND('',#13164,.F.);
#13164 = EDGE_LOOP('',(#13165));
#13165 = ORIENTED_EDGE('',*,*,#13166,.T.);
#13166 = EDGE_CURVE('',#13167,#13167,#13169,.T.);
#13167 = VERTEX_POINT('',#13168);
#13168 = CARTESIAN_POINT('',(52.357439,-175.42,1.56));
#13169 = CIRCLE('',#13170,0.737439);
#13170 = AXIS2_PLACEMENT_3D('',#13171,#13172,#13173);
#13171 = CARTESIAN_POINT('',(51.62,-175.42,1.56));
#13172 = DIRECTION('',(0.,0.,1.));
#13173 = DIRECTION('',(1.,0.,-0.));
#13174 = FACE_BOUND('',#13175,.F.);
#13175 = EDGE_LOOP('',(#13176));
#13176 = ORIENTED_EDGE('',*,*,#13177,.T.);
#13177 = EDGE_CURVE('',#13178,#13178,#13180,.T.);
#13178 = VERTEX_POINT('',#13179);
#13179 = CARTESIAN_POINT('',(72.857439,-175.42,1.56));
#13180 = CIRCLE('',#13181,0.737439);
#13181 = AXIS2_PLACEMENT_3D('',#13182,#13183,#13184);
#13182 = CARTESIAN_POINT('',(72.12,-175.42,1.56));
#13183 = DIRECTION('',(0.,0.,1.));
#13184 = DIRECTION('',(1.,0.,-0.));
#13185 = FACE_BOUND('',#13186,.F.);
#13186 = EDGE_LOOP('',(#13187));
#13187 = ORIENTED_EDGE('',*,*,#13188,.T.);
#13188 = EDGE_CURVE('',#13189,#13189,#13191,.T.);
#13189 = VERTEX_POINT('',#13190);
#13190 = CARTESIAN_POINT('',(93.197439,-175.42,1.56));
#13191 = CIRCLE('',#13192,0.737439);
#13192 = AXIS2_PLACEMENT_3D('',#13193,#13194,#13195);
#13193 = CARTESIAN_POINT('',(92.46,-175.42,1.56));
#13194 = DIRECTION('',(0.,0.,1.));
#13195 = DIRECTION('',(1.,0.,-0.));
#13196 = FACE_BOUND('',#13197,.F.);
#13197 = EDGE_LOOP('',(#13198));
#13198 = ORIENTED_EDGE('',*,*,#13199,.T.);
#13199 = EDGE_CURVE('',#13200,#13200,#13202,.T.);
#13200 = VERTEX_POINT('',#13201);
#13201 = CARTESIAN_POINT('',(113.697439,-175.42,1.56));
#13202 = CIRCLE('',#13203,0.737439);
#13203 = AXIS2_PLACEMENT_3D('',#13204,#13205,#13206);
#13204 = CARTESIAN_POINT('',(112.96,-175.42,1.56));
#13205 = DIRECTION('',(0.,0.,1.));
#13206 = DIRECTION('',(1.,0.,-0.));
#13207 = FACE_BOUND('',#13208,.F.);
#13208 = EDGE_LOOP('',(#13209));
#13209 = ORIENTED_EDGE('',*,*,#13210,.T.);
#13210 = EDGE_CURVE('',#13211,#13211,#13213,.T.);
#13211 = VERTEX_POINT('',#13212);
#13212 = CARTESIAN_POINT('',(49.362392,-159.5,1.56));
#13213 = CIRCLE('',#13214,0.362392);
#13214 = AXIS2_PLACEMENT_3D('',#13215,#13216,#13217);
#13215 = CARTESIAN_POINT('',(49.,-159.5,1.56));
#13216 = DIRECTION('',(0.,0.,1.));
#13217 = DIRECTION('',(1.,0.,-0.));
#13218 = FACE_BOUND('',#13219,.F.);
#13219 = EDGE_LOOP('',(#13220));
#13220 = ORIENTED_EDGE('',*,*,#13221,.T.);
#13221 = EDGE_CURVE('',#13222,#13222,#13224,.T.);
#13222 = VERTEX_POINT('',#13223);
#13223 = CARTESIAN_POINT('',(49.362392,-157.5,1.56));
#13224 = CIRCLE('',#13225,0.362392);
#13225 = AXIS2_PLACEMENT_3D('',#13226,#13227,#13228);
#13226 = CARTESIAN_POINT('',(49.,-157.5,1.56));
#13227 = DIRECTION('',(0.,0.,1.));
#13228 = DIRECTION('',(1.,0.,-0.));
#13229 = FACE_BOUND('',#13230,.F.);
#13230 = EDGE_LOOP('',(#13231));
#13231 = ORIENTED_EDGE('',*,*,#13232,.T.);
#13232 = EDGE_CURVE('',#13233,#13233,#13235,.T.);
#13233 = VERTEX_POINT('',#13234);
#13234 = CARTESIAN_POINT('',(49.362392,-155.5,1.56));
#13235 = CIRCLE('',#13236,0.362392);
#13236 = AXIS2_PLACEMENT_3D('',#13237,#13238,#13239);
#13237 = CARTESIAN_POINT('',(49.,-155.5,1.56));
#13238 = DIRECTION('',(0.,0.,1.));
#13239 = DIRECTION('',(1.,0.,-0.));
#13240 = FACE_BOUND('',#13241,.F.);
#13241 = EDGE_LOOP('',(#13242));
#13242 = ORIENTED_EDGE('',*,*,#13243,.T.);
#13243 = EDGE_CURVE('',#13244,#13244,#13246,.T.);
#13244 = VERTEX_POINT('',#13245);
#13245 = CARTESIAN_POINT('',(49.362392,-153.5,1.56));
#13246 = CIRCLE('',#13247,0.362392);
#13247 = AXIS2_PLACEMENT_3D('',#13248,#13249,#13250);
#13248 = CARTESIAN_POINT('',(49.,-153.5,1.56));
#13249 = DIRECTION('',(0.,0.,1.));
#13250 = DIRECTION('',(1.,0.,-0.));
#13251 = FACE_BOUND('',#13252,.F.);
#13252 = EDGE_LOOP('',(#13253));
#13253 = ORIENTED_EDGE('',*,*,#13254,.T.);
#13254 = EDGE_CURVE('',#13255,#13255,#13257,.T.);
#13255 = VERTEX_POINT('',#13256);
#13256 = CARTESIAN_POINT('',(49.362392,-151.5,1.56));
#13257 = CIRCLE('',#13258,0.362392);
#13258 = AXIS2_PLACEMENT_3D('',#13259,#13260,#13261);
#13259 = CARTESIAN_POINT('',(49.,-151.5,1.56));
#13260 = DIRECTION('',(0.,0.,1.));
#13261 = DIRECTION('',(1.,0.,-0.));
#13262 = FACE_BOUND('',#13263,.F.);
#13263 = EDGE_LOOP('',(#13264));
#13264 = ORIENTED_EDGE('',*,*,#13265,.T.);
#13265 = EDGE_CURVE('',#13266,#13266,#13268,.T.);
#13266 = VERTEX_POINT('',#13267);
#13267 = CARTESIAN_POINT('',(49.362392,-149.5,1.56));
#13268 = CIRCLE('',#13269,0.362392);
#13269 = AXIS2_PLACEMENT_3D('',#13270,#13271,#13272);
#13270 = CARTESIAN_POINT('',(49.,-149.5,1.56));
#13271 = DIRECTION('',(0.,0.,1.));
#13272 = DIRECTION('',(1.,0.,-0.));
#13273 = FACE_BOUND('',#13274,.F.);
#13274 = EDGE_LOOP('',(#13275));
#13275 = ORIENTED_EDGE('',*,*,#13276,.T.);
#13276 = EDGE_CURVE('',#13277,#13277,#13279,.T.);
#13277 = VERTEX_POINT('',#13278);
#13278 = CARTESIAN_POINT('',(49.362392,-147.5,1.56));
#13279 = CIRCLE('',#13280,0.362392);
#13280 = AXIS2_PLACEMENT_3D('',#13281,#13282,#13283);
#13281 = CARTESIAN_POINT('',(49.,-147.5,1.56));
#13282 = DIRECTION('',(0.,0.,1.));
#13283 = DIRECTION('',(1.,0.,-0.));
#13284 = FACE_BOUND('',#13285,.F.);
#13285 = EDGE_LOOP('',(#13286));
#13286 = ORIENTED_EDGE('',*,*,#13287,.T.);
#13287 = EDGE_CURVE('',#13288,#13288,#13290,.T.);
#13288 = VERTEX_POINT('',#13289);
#13289 = CARTESIAN_POINT('',(60.362392,-146.05,1.56));
#13290 = CIRCLE('',#13291,0.362392);
#13291 = AXIS2_PLACEMENT_3D('',#13292,#13293,#13294);
#13292 = CARTESIAN_POINT('',(60.,-146.05,1.56));
#13293 = DIRECTION('',(0.,0.,1.));
#13294 = DIRECTION('',(1.,0.,-0.));
#13295 = FACE_BOUND('',#13296,.F.);
#13296 = EDGE_LOOP('',(#13297));
#13297 = ORIENTED_EDGE('',*,*,#13298,.T.);
#13298 = EDGE_CURVE('',#13299,#13299,#13301,.T.);
#13299 = VERTEX_POINT('',#13300);
#13300 = CARTESIAN_POINT('',(62.362392,-146.05,1.56));
#13301 = CIRCLE('',#13302,0.362392);
#13302 = AXIS2_PLACEMENT_3D('',#13303,#13304,#13305);
#13303 = CARTESIAN_POINT('',(62.,-146.05,1.56));
#13304 = DIRECTION('',(0.,0.,1.));
#13305 = DIRECTION('',(1.,0.,-0.));
#13306 = FACE_BOUND('',#13307,.F.);
#13307 = EDGE_LOOP('',(#13308));
#13308 = ORIENTED_EDGE('',*,*,#13309,.T.);
#13309 = EDGE_CURVE('',#13310,#13310,#13312,.T.);
#13310 = VERTEX_POINT('',#13311);
#13311 = CARTESIAN_POINT('',(49.362392,-145.5,1.56));
#13312 = CIRCLE('',#13313,0.362392);
#13313 = AXIS2_PLACEMENT_3D('',#13314,#13315,#13316);
#13314 = CARTESIAN_POINT('',(49.,-145.5,1.56));
#13315 = DIRECTION('',(0.,0.,1.));
#13316 = DIRECTION('',(1.,0.,-0.));
#13317 = FACE_BOUND('',#13318,.F.);
#13318 = EDGE_LOOP('',(#13319));
#13319 = ORIENTED_EDGE('',*,*,#13320,.T.);
#13320 = EDGE_CURVE('',#13321,#13321,#13323,.T.);
#13321 = VERTEX_POINT('',#13322);
#13322 = CARTESIAN_POINT('',(20.587462,-141.,1.56));
#13323 = CIRCLE('',#13324,1.087462);
#13324 = AXIS2_PLACEMENT_3D('',#13325,#13326,#13327);
#13325 = CARTESIAN_POINT('',(19.5,-141.,1.56));
#13326 = DIRECTION('',(0.,0.,1.));
#13327 = DIRECTION('',(1.,0.,-0.));
#13328 = FACE_BOUND('',#13329,.F.);
#13329 = EDGE_LOOP('',(#13330));
#13330 = ORIENTED_EDGE('',*,*,#13331,.T.);
#13331 = EDGE_CURVE('',#13332,#13332,#13334,.T.);
#13332 = VERTEX_POINT('',#13333);
#13333 = CARTESIAN_POINT('',(121.087462,-141.,1.56));
#13334 = CIRCLE('',#13335,1.087462);
#13335 = AXIS2_PLACEMENT_3D('',#13336,#13337,#13338);
#13336 = CARTESIAN_POINT('',(120.,-141.,1.56));
#13337 = DIRECTION('',(0.,0.,1.));
#13338 = DIRECTION('',(1.,0.,-0.));
#13339 = PLANE('',#13340);
#13340 = AXIS2_PLACEMENT_3D('',#13341,#13342,#13343);
#13341 = CARTESIAN_POINT('',(0.,0.,1.56));
#13342 = DIRECTION('',(0.,0.,1.));
#13343 = DIRECTION('',(1.,0.,-0.));
#13344 = ( GEOMETRIC_REPRESENTATION_CONTEXT(3) 
GLOBAL_UNCERTAINTY_ASSIGNED_CONTEXT((#13348)) 
GLOBAL_UNIT_ASSIGNED_CONTEXT((#13345,#13346,#13347)) 
REPRESENTATION_CONTEXT('Context #1',
  '3D Context with UNIT and UNCERTAINTY') );
#13345 = ( LENGTH_UNIT() NAMED_UNIT(*) SI_UNIT(.MILLI.,.METRE.) );
#13346 = ( NAMED_UNIT(*) PLANE_ANGLE_UNIT() SI_UNIT($,.RADIAN.) );
#13347 = ( NAMED_UNIT(*) SI_UNIT($,.STERADIAN.) SOLID_ANGLE_UNIT() );
#13348 = UNCERTAINTY_MEASURE_WITH_UNIT(LENGTH_MEASURE(1.E-07),#13345,
  'distance_accuracy_value','confusion accuracy');
#13349 = CONTEXT_DEPENDENT_SHAPE_REPRESENTATION(#13350,#13352);
#13350 = ( REPRESENTATION_RELATIONSHIP('','',#12772,#10) 
REPRESENTATION_RELATIONSHIP_WITH_TRANSFORMATION(#13351) 
SHAPE_REPRESENTATION_RELATIONSHIP() );
#13351 = ITEM_DEFINED_TRANSFORMATION('','',#11,#23);
#13352 = PRODUCT_DEFINITION_SHAPE('Placement','Placement of an item',
  #13353);
#13353 = NEXT_ASSEMBLY_USAGE_OCCURRENCE('5','=>[0:1:1:6]','',#5,#12767,$
  );
#13354 = PRODUCT_RELATED_PRODUCT_CATEGORY('part',$,(#12769));
#13355 = SHAPE_DEFINITION_REPRESENTATION(#13356,#13362);
#13356 = PRODUCT_DEFINITION_SHAPE('','',#13357);
#13357 = PRODUCT_DEFINITION('design','',#13358,#13361);
#13358 = PRODUCT_DEFINITION_FORMATION('','',#13359);
#13359 = PRODUCT('PonBE4F_soldermask','PonBE4F_soldermask','',(#13360));
#13360 = PRODUCT_CONTEXT('',#2,'mechanical');
#13361 = PRODUCT_DEFINITION_CONTEXT('part definition',#2,'design');
#13362 = MANIFOLD_SURFACE_SHAPE_REPRESENTATION('',(#11,#13363),#13934);
#13363 = SHELL_BASED_SURFACE_MODEL('',(#13364));
#13364 = OPEN_SHELL('',(#13365));
#13365 = ADVANCED_FACE('',(#13366,#13500,#13511,#13522,#13533,#13544,
    #13555,#13566,#13577,#13588,#13599,#13610,#13621,#13632,#13643,
    #13654,#13665,#13676,#13687,#13698,#13709,#13720,#13731,#13742,
    #13753,#13764,#13775,#13786,#13797,#13808,#13819,#13830,#13841,
    #13852,#13863,#13874,#13885,#13896,#13907,#13918),#13929,.T.);
#13366 = FACE_BOUND('',#13367,.T.);
#13367 = EDGE_LOOP('',(#13368,#13379,#13387,#13395,#13403,#13412,#13420,
    #13428,#13436,#13445,#13453,#13461,#13469,#13478,#13486,#13494));
#13368 = ORIENTED_EDGE('',*,*,#13369,.T.);
#13369 = EDGE_CURVE('',#13370,#13372,#13374,.T.);
#13370 = VERTEX_POINT('',#13371);
#13371 = CARTESIAN_POINT('',(16.002398,-140.816698,-5.E-02));
#13372 = VERTEX_POINT('',#13373);
#13373 = CARTESIAN_POINT('',(19.316698,-137.502398,-5.E-02));
#13374 = CIRCLE('',#13375,3.502402617231);
#13375 = AXIS2_PLACEMENT_3D('',#13376,#13377,#13378);
#13376 = CARTESIAN_POINT('',(19.50000064109,-141.000000641,-5.E-02));
#13377 = DIRECTION('',(0.,0.,-1.));
#13378 = DIRECTION('',(-0.998629519028,5.233625631385E-02,0.));
#13379 = ORIENTED_EDGE('',*,*,#13380,.T.);
#13380 = EDGE_CURVE('',#13372,#13381,#13383,.T.);
#13381 = VERTEX_POINT('',#13382);
#13382 = CARTESIAN_POINT('',(19.5,-137.5,-5.E-02));
#13383 = LINE('',#13384,#13385);
#13384 = CARTESIAN_POINT('',(19.316698,-137.502398,-5.E-02));
#13385 = VECTOR('',#13386,1.);
#13386 = DIRECTION('',(0.999914438535,1.308111653777E-02,0.));
#13387 = ORIENTED_EDGE('',*,*,#13388,.T.);
#13388 = EDGE_CURVE('',#13381,#13389,#13391,.T.);
#13389 = VERTEX_POINT('',#13390);
#13390 = CARTESIAN_POINT('',(120.,-137.5,-5.E-02));
#13391 = LINE('',#13392,#13393);
#13392 = CARTESIAN_POINT('',(19.5,-137.5,-5.E-02));
#13393 = VECTOR('',#13394,1.);
#13394 = DIRECTION('',(1.,0.,0.));
#13395 = ORIENTED_EDGE('',*,*,#13396,.T.);
#13396 = EDGE_CURVE('',#13389,#13397,#13399,.T.);
#13397 = VERTEX_POINT('',#13398);
#13398 = CARTESIAN_POINT('',(120.183302,-137.502398,-5.E-02));
#13399 = LINE('',#13400,#13401);
#13400 = CARTESIAN_POINT('',(120.,-137.5,-5.E-02));
#13401 = VECTOR('',#13402,1.);
#13402 = DIRECTION('',(0.999914438535,-1.308111653777E-02,0.));
#13403 = ORIENTED_EDGE('',*,*,#13404,.T.);
#13404 = EDGE_CURVE('',#13397,#13405,#13407,.T.);
#13405 = VERTEX_POINT('',#13406);
#13406 = CARTESIAN_POINT('',(123.497602,-140.816698,-5.E-02));
#13407 = CIRCLE('',#13408,3.502402617231);
#13408 = AXIS2_PLACEMENT_3D('',#13409,#13410,#13411);
#13409 = CARTESIAN_POINT('',(119.99999935891,-141.000000641,-5.E-02));
#13410 = DIRECTION('',(0.,0.,-1.));
#13411 = DIRECTION('',(5.233625631385E-02,0.998629519028,0.));
#13412 = ORIENTED_EDGE('',*,*,#13413,.T.);
#13413 = EDGE_CURVE('',#13405,#13414,#13416,.T.);
#13414 = VERTEX_POINT('',#13415);
#13415 = CARTESIAN_POINT('',(123.5,-141.,-5.E-02));
#13416 = LINE('',#13417,#13418);
#13417 = CARTESIAN_POINT('',(123.497602,-140.816698,-5.E-02));
#13418 = VECTOR('',#13419,1.);
#13419 = DIRECTION('',(1.308111653777E-02,-0.999914438535,0.));
#13420 = ORIENTED_EDGE('',*,*,#13421,.T.);
#13421 = EDGE_CURVE('',#13414,#13422,#13424,.T.);
#13422 = VERTEX_POINT('',#13423);
#13423 = CARTESIAN_POINT('',(123.5,-190.,-5.E-02));
#13424 = LINE('',#13425,#13426);
#13425 = CARTESIAN_POINT('',(123.5,-141.,-5.E-02));
#13426 = VECTOR('',#13427,1.);
#13427 = DIRECTION('',(0.,-1.,0.));
#13428 = ORIENTED_EDGE('',*,*,#13429,.T.);
#13429 = EDGE_CURVE('',#13422,#13430,#13432,.T.);
#13430 = VERTEX_POINT('',#13431);
#13431 = CARTESIAN_POINT('',(123.497602,-190.183302,-5.E-02));
#13432 = LINE('',#13433,#13434);
#13433 = CARTESIAN_POINT('',(123.5,-190.,-5.E-02));
#13434 = VECTOR('',#13435,1.);
#13435 = DIRECTION('',(-1.308111653777E-02,-0.999914438535,0.));
#13436 = ORIENTED_EDGE('',*,*,#13437,.T.);
#13437 = EDGE_CURVE('',#13430,#13438,#13440,.T.);
#13438 = VERTEX_POINT('',#13439);
#13439 = CARTESIAN_POINT('',(120.183302,-193.497602,-5.E-02));
#13440 = CIRCLE('',#13441,3.502402617231);
#13441 = AXIS2_PLACEMENT_3D('',#13442,#13443,#13444);
#13442 = CARTESIAN_POINT('',(119.99999935891,-189.9999993589,-5.E-02));
#13443 = DIRECTION('',(0.,0.,-1.));
#13444 = DIRECTION('',(0.998629519028,-5.233625631385E-02,0.));
#13445 = ORIENTED_EDGE('',*,*,#13446,.T.);
#13446 = EDGE_CURVE('',#13438,#13447,#13449,.T.);
#13447 = VERTEX_POINT('',#13448);
#13448 = CARTESIAN_POINT('',(120.,-193.5,-5.E-02));
#13449 = LINE('',#13450,#13451);
#13450 = CARTESIAN_POINT('',(120.183302,-193.497602,-5.E-02));
#13451 = VECTOR('',#13452,1.);
#13452 = DIRECTION('',(-0.999914438535,-1.308111653777E-02,0.));
#13453 = ORIENTED_EDGE('',*,*,#13454,.T.);
#13454 = EDGE_CURVE('',#13447,#13455,#13457,.T.);
#13455 = VERTEX_POINT('',#13456);
#13456 = CARTESIAN_POINT('',(19.5,-193.5,-5.E-02));
#13457 = LINE('',#13458,#13459);
#13458 = CARTESIAN_POINT('',(120.,-193.5,-5.E-02));
#13459 = VECTOR('',#13460,1.);
#13460 = DIRECTION('',(-1.,0.,0.));
#13461 = ORIENTED_EDGE('',*,*,#13462,.T.);
#13462 = EDGE_CURVE('',#13455,#13463,#13465,.T.);
#13463 = VERTEX_POINT('',#13464);
#13464 = CARTESIAN_POINT('',(19.316698,-193.497602,-5.E-02));
#13465 = LINE('',#13466,#13467);
#13466 = CARTESIAN_POINT('',(19.5,-193.5,-5.E-02));
#13467 = VECTOR('',#13468,1.);
#13468 = DIRECTION('',(-0.999914438535,1.308111653777E-02,0.));
#13469 = ORIENTED_EDGE('',*,*,#13470,.T.);
#13470 = EDGE_CURVE('',#13463,#13471,#13473,.T.);
#13471 = VERTEX_POINT('',#13472);
#13472 = CARTESIAN_POINT('',(16.002398,-190.183302,-5.E-02));
#13473 = CIRCLE('',#13474,3.502402617231);
#13474 = AXIS2_PLACEMENT_3D('',#13475,#13476,#13477);
#13475 = CARTESIAN_POINT('',(19.50000064109,-189.9999993589,-5.E-02));
#13476 = DIRECTION('',(0.,0.,-1.));
#13477 = DIRECTION('',(-5.233625631385E-02,-0.998629519028,-0.));
#13478 = ORIENTED_EDGE('',*,*,#13479,.T.);
#13479 = EDGE_CURVE('',#13471,#13480,#13482,.T.);
#13480 = VERTEX_POINT('',#13481);
#13481 = CARTESIAN_POINT('',(16.,-190.,-5.E-02));
#13482 = LINE('',#13483,#13484);
#13483 = CARTESIAN_POINT('',(16.002398,-190.183302,-5.E-02));
#13484 = VECTOR('',#13485,1.);
#13485 = DIRECTION('',(-1.308111653777E-02,0.999914438535,0.));
#13486 = ORIENTED_EDGE('',*,*,#13487,.T.);
#13487 = EDGE_CURVE('',#13480,#13488,#13490,.T.);
#13488 = VERTEX_POINT('',#13489);
#13489 = CARTESIAN_POINT('',(16.,-141.,-5.E-02));
#13490 = LINE('',#13491,#13492);
#13491 = CARTESIAN_POINT('',(16.,-190.,-5.E-02));
#13492 = VECTOR('',#13493,1.);
#13493 = DIRECTION('',(0.,1.,0.));
#13494 = ORIENTED_EDGE('',*,*,#13495,.T.);
#13495 = EDGE_CURVE('',#13488,#13370,#13496,.T.);
#13496 = LINE('',#13497,#13498);
#13497 = CARTESIAN_POINT('',(16.,-141.,-5.E-02));
#13498 = VECTOR('',#13499,1.);
#13499 = DIRECTION('',(1.308111653777E-02,0.999914438535,0.));
#13500 = FACE_BOUND('',#13501,.T.);
#13501 = EDGE_LOOP('',(#13502));
#13502 = ORIENTED_EDGE('',*,*,#13503,.T.);
#13503 = EDGE_CURVE('',#13504,#13504,#13506,.T.);
#13504 = VERTEX_POINT('',#13505);
#13505 = CARTESIAN_POINT('',(20.587462,-190.,-5.E-02));
#13506 = CIRCLE('',#13507,1.087462);
#13507 = AXIS2_PLACEMENT_3D('',#13508,#13509,#13510);
#13508 = CARTESIAN_POINT('',(19.5,-190.,-5.E-02));
#13509 = DIRECTION('',(0.,0.,1.));
#13510 = DIRECTION('',(1.,0.,-0.));
#13511 = FACE_BOUND('',#13512,.T.);
#13512 = EDGE_LOOP('',(#13513));
#13513 = ORIENTED_EDGE('',*,*,#13514,.T.);
#13514 = EDGE_CURVE('',#13515,#13515,#13517,.T.);
#13515 = VERTEX_POINT('',#13516);
#13516 = CARTESIAN_POINT('',(121.087462,-190.,-5.E-02));
#13517 = CIRCLE('',#13518,1.087462);
#13518 = AXIS2_PLACEMENT_3D('',#13519,#13520,#13521);
#13519 = CARTESIAN_POINT('',(120.,-190.,-5.E-02));
#13520 = DIRECTION('',(0.,0.,1.));
#13521 = DIRECTION('',(1.,0.,-0.));
#13522 = FACE_BOUND('',#13523,.T.);
#13523 = EDGE_LOOP('',(#13524));
#13524 = ORIENTED_EDGE('',*,*,#13525,.T.);
#13525 = EDGE_CURVE('',#13526,#13526,#13528,.T.);
#13526 = VERTEX_POINT('',#13527);
#13527 = CARTESIAN_POINT('',(31.067473,-180.5,-5.E-02));
#13528 = CIRCLE('',#13529,1.987473);
#13529 = AXIS2_PLACEMENT_3D('',#13530,#13531,#13532);
#13530 = CARTESIAN_POINT('',(29.08,-180.5,-5.E-02));
#13531 = DIRECTION('',(0.,0.,1.));
#13532 = DIRECTION('',(1.,0.,-0.));
#13533 = FACE_BOUND('',#13534,.T.);
#13534 = EDGE_LOOP('',(#13535));
#13535 = ORIENTED_EDGE('',*,*,#13536,.T.);
#13536 = EDGE_CURVE('',#13537,#13537,#13539,.T.);
#13537 = VERTEX_POINT('',#13538);
#13538 = CARTESIAN_POINT('',(51.067473,-180.5,-5.E-02));
#13539 = CIRCLE('',#13540,1.987473);
#13540 = AXIS2_PLACEMENT_3D('',#13541,#13542,#13543);
#13541 = CARTESIAN_POINT('',(49.08,-180.5,-5.E-02));
#13542 = DIRECTION('',(0.,0.,1.));
#13543 = DIRECTION('',(1.,0.,-0.));
#13544 = FACE_BOUND('',#13545,.T.);
#13545 = EDGE_LOOP('',(#13546));
#13546 = ORIENTED_EDGE('',*,*,#13547,.T.);
#13547 = EDGE_CURVE('',#13548,#13548,#13550,.T.);
#13548 = VERTEX_POINT('',#13549);
#13549 = CARTESIAN_POINT('',(71.567473,-180.5,-5.E-02));
#13550 = CIRCLE('',#13551,1.987473);
#13551 = AXIS2_PLACEMENT_3D('',#13552,#13553,#13554);
#13552 = CARTESIAN_POINT('',(69.58,-180.5,-5.E-02));
#13553 = DIRECTION('',(0.,0.,1.));
#13554 = DIRECTION('',(1.,0.,-0.));
#13555 = FACE_BOUND('',#13556,.T.);
#13556 = EDGE_LOOP('',(#13557));
#13557 = ORIENTED_EDGE('',*,*,#13558,.T.);
#13558 = EDGE_CURVE('',#13559,#13559,#13561,.T.);
#13559 = VERTEX_POINT('',#13560);
#13560 = CARTESIAN_POINT('',(91.907473,-180.5,-5.E-02));
#13561 = CIRCLE('',#13562,1.987473);
#13562 = AXIS2_PLACEMENT_3D('',#13563,#13564,#13565);
#13563 = CARTESIAN_POINT('',(89.92,-180.5,-5.E-02));
#13564 = DIRECTION('',(0.,0.,1.));
#13565 = DIRECTION('',(1.,0.,-0.));
#13566 = FACE_BOUND('',#13567,.T.);
#13567 = EDGE_LOOP('',(#13568));
#13568 = ORIENTED_EDGE('',*,*,#13569,.T.);
#13569 = EDGE_CURVE('',#13570,#13570,#13572,.T.);
#13570 = VERTEX_POINT('',#13571);
#13571 = CARTESIAN_POINT('',(112.407473,-180.5,-5.E-02));
#13572 = CIRCLE('',#13573,1.987473);
#13573 = AXIS2_PLACEMENT_3D('',#13574,#13575,#13576);
#13574 = CARTESIAN_POINT('',(110.42,-180.5,-5.E-02));
#13575 = DIRECTION('',(0.,0.,1.));
#13576 = DIRECTION('',(1.,0.,-0.));
#13577 = FACE_BOUND('',#13578,.T.);
#13578 = EDGE_LOOP('',(#13579));
#13579 = ORIENTED_EDGE('',*,*,#13580,.T.);
#13580 = EDGE_CURVE('',#13581,#13581,#13583,.T.);
#13581 = VERTEX_POINT('',#13582);
#13582 = CARTESIAN_POINT('',(24.837439,-180.5,-5.E-02));
#13583 = CIRCLE('',#13584,0.837439);
#13584 = AXIS2_PLACEMENT_3D('',#13585,#13586,#13587);
#13585 = CARTESIAN_POINT('',(24.,-180.5,-5.E-02));
#13586 = DIRECTION('',(0.,0.,1.));
#13587 = DIRECTION('',(1.,0.,-0.));
#13588 = FACE_BOUND('',#13589,.T.);
#13589 = EDGE_LOOP('',(#13590));
#13590 = ORIENTED_EDGE('',*,*,#13591,.T.);
#13591 = EDGE_CURVE('',#13592,#13592,#13594,.T.);
#13592 = VERTEX_POINT('',#13593);
#13593 = CARTESIAN_POINT('',(34.997439,-180.5,-5.E-02));
#13594 = CIRCLE('',#13595,0.837439);
#13595 = AXIS2_PLACEMENT_3D('',#13596,#13597,#13598);
#13596 = CARTESIAN_POINT('',(34.16,-180.5,-5.E-02));
#13597 = DIRECTION('',(0.,0.,1.));
#13598 = DIRECTION('',(1.,0.,-0.));
#13599 = FACE_BOUND('',#13600,.T.);
#13600 = EDGE_LOOP('',(#13601));
#13601 = ORIENTED_EDGE('',*,*,#13602,.T.);
#13602 = EDGE_CURVE('',#13603,#13603,#13605,.T.);
#13603 = VERTEX_POINT('',#13604);
#13604 = CARTESIAN_POINT('',(44.837439,-180.5,-5.E-02));
#13605 = CIRCLE('',#13606,0.837439);
#13606 = AXIS2_PLACEMENT_3D('',#13607,#13608,#13609);
#13607 = CARTESIAN_POINT('',(44.,-180.5,-5.E-02));
#13608 = DIRECTION('',(0.,0.,1.));
#13609 = DIRECTION('',(1.,0.,-0.));
#13610 = FACE_BOUND('',#13611,.T.);
#13611 = EDGE_LOOP('',(#13612));
#13612 = ORIENTED_EDGE('',*,*,#13613,.T.);
#13613 = EDGE_CURVE('',#13614,#13614,#13616,.T.);
#13614 = VERTEX_POINT('',#13615);
#13615 = CARTESIAN_POINT('',(54.997439,-180.5,-5.E-02));
#13616 = CIRCLE('',#13617,0.837439);
#13617 = AXIS2_PLACEMENT_3D('',#13618,#13619,#13620);
#13618 = CARTESIAN_POINT('',(54.16,-180.5,-5.E-02));
#13619 = DIRECTION('',(0.,0.,1.));
#13620 = DIRECTION('',(1.,0.,-0.));
#13621 = FACE_BOUND('',#13622,.T.);
#13622 = EDGE_LOOP('',(#13623));
#13623 = ORIENTED_EDGE('',*,*,#13624,.T.);
#13624 = EDGE_CURVE('',#13625,#13625,#13627,.T.);
#13625 = VERTEX_POINT('',#13626);
#13626 = CARTESIAN_POINT('',(65.337439,-180.5,-5.E-02));
#13627 = CIRCLE('',#13628,0.837439);
#13628 = AXIS2_PLACEMENT_3D('',#13629,#13630,#13631);
#13629 = CARTESIAN_POINT('',(64.5,-180.5,-5.E-02));
#13630 = DIRECTION('',(0.,0.,1.));
#13631 = DIRECTION('',(1.,0.,-0.));
#13632 = FACE_BOUND('',#13633,.T.);
#13633 = EDGE_LOOP('',(#13634));
#13634 = ORIENTED_EDGE('',*,*,#13635,.T.);
#13635 = EDGE_CURVE('',#13636,#13636,#13638,.T.);
#13636 = VERTEX_POINT('',#13637);
#13637 = CARTESIAN_POINT('',(75.497439,-180.5,-5.E-02));
#13638 = CIRCLE('',#13639,0.837439);
#13639 = AXIS2_PLACEMENT_3D('',#13640,#13641,#13642);
#13640 = CARTESIAN_POINT('',(74.66,-180.5,-5.E-02));
#13641 = DIRECTION('',(0.,0.,1.));
#13642 = DIRECTION('',(1.,0.,-0.));
#13643 = FACE_BOUND('',#13644,.T.);
#13644 = EDGE_LOOP('',(#13645));
#13645 = ORIENTED_EDGE('',*,*,#13646,.T.);
#13646 = EDGE_CURVE('',#13647,#13647,#13649,.T.);
#13647 = VERTEX_POINT('',#13648);
#13648 = CARTESIAN_POINT('',(85.677439,-180.5,-5.E-02));
#13649 = CIRCLE('',#13650,0.837439);
#13650 = AXIS2_PLACEMENT_3D('',#13651,#13652,#13653);
#13651 = CARTESIAN_POINT('',(84.84,-180.5,-5.E-02));
#13652 = DIRECTION('',(0.,0.,1.));
#13653 = DIRECTION('',(1.,0.,-0.));
#13654 = FACE_BOUND('',#13655,.T.);
#13655 = EDGE_LOOP('',(#13656));
#13656 = ORIENTED_EDGE('',*,*,#13657,.T.);
#13657 = EDGE_CURVE('',#13658,#13658,#13660,.T.);
#13658 = VERTEX_POINT('',#13659);
#13659 = CARTESIAN_POINT('',(95.837439,-180.5,-5.E-02));
#13660 = CIRCLE('',#13661,0.837439);
#13661 = AXIS2_PLACEMENT_3D('',#13662,#13663,#13664);
#13662 = CARTESIAN_POINT('',(95.,-180.5,-5.E-02));
#13663 = DIRECTION('',(0.,0.,1.));
#13664 = DIRECTION('',(1.,0.,-0.));
#13665 = FACE_BOUND('',#13666,.T.);
#13666 = EDGE_LOOP('',(#13667));
#13667 = ORIENTED_EDGE('',*,*,#13668,.T.);
#13668 = EDGE_CURVE('',#13669,#13669,#13671,.T.);
#13669 = VERTEX_POINT('',#13670);
#13670 = CARTESIAN_POINT('',(106.177439,-180.5,-5.E-02));
#13671 = CIRCLE('',#13672,0.837439);
#13672 = AXIS2_PLACEMENT_3D('',#13673,#13674,#13675);
#13673 = CARTESIAN_POINT('',(105.34,-180.5,-5.E-02));
#13674 = DIRECTION('',(0.,0.,1.));
#13675 = DIRECTION('',(1.,0.,-0.));
#13676 = FACE_BOUND('',#13677,.T.);
#13677 = EDGE_LOOP('',(#13678));
#13678 = ORIENTED_EDGE('',*,*,#13679,.T.);
#13679 = EDGE_CURVE('',#13680,#13680,#13682,.T.);
#13680 = VERTEX_POINT('',#13681);
#13681 = CARTESIAN_POINT('',(116.337439,-180.5,-5.E-02));
#13682 = CIRCLE('',#13683,0.837439);
#13683 = AXIS2_PLACEMENT_3D('',#13684,#13685,#13686);
#13684 = CARTESIAN_POINT('',(115.5,-180.5,-5.E-02));
#13685 = DIRECTION('',(0.,0.,1.));
#13686 = DIRECTION('',(1.,0.,-0.));
#13687 = FACE_BOUND('',#13688,.T.);
#13688 = EDGE_LOOP('',(#13689));
#13689 = ORIENTED_EDGE('',*,*,#13690,.T.);
#13690 = EDGE_CURVE('',#13691,#13691,#13693,.T.);
#13691 = VERTEX_POINT('',#13692);
#13692 = CARTESIAN_POINT('',(26.007439,-177.96,-5.E-02));
#13693 = CIRCLE('',#13694,0.737439);
#13694 = AXIS2_PLACEMENT_3D('',#13695,#13696,#13697);
#13695 = CARTESIAN_POINT('',(25.27,-177.96,-5.E-02));
#13696 = DIRECTION('',(0.,0.,1.));
#13697 = DIRECTION('',(1.,0.,-0.));
#13698 = FACE_BOUND('',#13699,.T.);
#13699 = EDGE_LOOP('',(#13700));
#13700 = ORIENTED_EDGE('',*,*,#13701,.T.);
#13701 = EDGE_CURVE('',#13702,#13702,#13704,.T.);
#13702 = VERTEX_POINT('',#13703);
#13703 = CARTESIAN_POINT('',(46.007439,-177.96,-5.E-02));
#13704 = CIRCLE('',#13705,0.737439);
#13705 = AXIS2_PLACEMENT_3D('',#13706,#13707,#13708);
#13706 = CARTESIAN_POINT('',(45.27,-177.96,-5.E-02));
#13707 = DIRECTION('',(0.,0.,1.));
#13708 = DIRECTION('',(1.,0.,-0.));
#13709 = FACE_BOUND('',#13710,.T.);
#13710 = EDGE_LOOP('',(#13711));
#13711 = ORIENTED_EDGE('',*,*,#13712,.T.);
#13712 = EDGE_CURVE('',#13713,#13713,#13715,.T.);
#13713 = VERTEX_POINT('',#13714);
#13714 = CARTESIAN_POINT('',(66.507439,-177.96,-5.E-02));
#13715 = CIRCLE('',#13716,0.737439);
#13716 = AXIS2_PLACEMENT_3D('',#13717,#13718,#13719);
#13717 = CARTESIAN_POINT('',(65.77,-177.96,-5.E-02));
#13718 = DIRECTION('',(0.,0.,1.));
#13719 = DIRECTION('',(1.,0.,-0.));
#13720 = FACE_BOUND('',#13721,.T.);
#13721 = EDGE_LOOP('',(#13722));
#13722 = ORIENTED_EDGE('',*,*,#13723,.T.);
#13723 = EDGE_CURVE('',#13724,#13724,#13726,.T.);
#13724 = VERTEX_POINT('',#13725);
#13725 = CARTESIAN_POINT('',(86.847439,-177.96,-5.E-02));
#13726 = CIRCLE('',#13727,0.737439);
#13727 = AXIS2_PLACEMENT_3D('',#13728,#13729,#13730);
#13728 = CARTESIAN_POINT('',(86.11,-177.96,-5.E-02));
#13729 = DIRECTION('',(0.,0.,1.));
#13730 = DIRECTION('',(1.,0.,-0.));
#13731 = FACE_BOUND('',#13732,.T.);
#13732 = EDGE_LOOP('',(#13733));
#13733 = ORIENTED_EDGE('',*,*,#13734,.T.);
#13734 = EDGE_CURVE('',#13735,#13735,#13737,.T.);
#13735 = VERTEX_POINT('',#13736);
#13736 = CARTESIAN_POINT('',(107.347439,-177.96,-5.E-02));
#13737 = CIRCLE('',#13738,0.737439);
#13738 = AXIS2_PLACEMENT_3D('',#13739,#13740,#13741);
#13739 = CARTESIAN_POINT('',(106.61,-177.96,-5.E-02));
#13740 = DIRECTION('',(0.,0.,1.));
#13741 = DIRECTION('',(1.,0.,-0.));
#13742 = FACE_BOUND('',#13743,.T.);
#13743 = EDGE_LOOP('',(#13744));
#13744 = ORIENTED_EDGE('',*,*,#13745,.T.);
#13745 = EDGE_CURVE('',#13746,#13746,#13748,.T.);
#13746 = VERTEX_POINT('',#13747);
#13747 = CARTESIAN_POINT('',(32.357439,-175.42,-5.E-02));
#13748 = CIRCLE('',#13749,0.737439);
#13749 = AXIS2_PLACEMENT_3D('',#13750,#13751,#13752);
#13750 = CARTESIAN_POINT('',(31.62,-175.42,-5.E-02));
#13751 = DIRECTION('',(0.,0.,1.));
#13752 = DIRECTION('',(1.,0.,-0.));
#13753 = FACE_BOUND('',#13754,.T.);
#13754 = EDGE_LOOP('',(#13755));
#13755 = ORIENTED_EDGE('',*,*,#13756,.T.);
#13756 = EDGE_CURVE('',#13757,#13757,#13759,.T.);
#13757 = VERTEX_POINT('',#13758);
#13758 = CARTESIAN_POINT('',(52.357439,-175.42,-5.E-02));
#13759 = CIRCLE('',#13760,0.737439);
#13760 = AXIS2_PLACEMENT_3D('',#13761,#13762,#13763);
#13761 = CARTESIAN_POINT('',(51.62,-175.42,-5.E-02));
#13762 = DIRECTION('',(0.,0.,1.));
#13763 = DIRECTION('',(1.,0.,-0.));
#13764 = FACE_BOUND('',#13765,.T.);
#13765 = EDGE_LOOP('',(#13766));
#13766 = ORIENTED_EDGE('',*,*,#13767,.T.);
#13767 = EDGE_CURVE('',#13768,#13768,#13770,.T.);
#13768 = VERTEX_POINT('',#13769);
#13769 = CARTESIAN_POINT('',(72.857439,-175.42,-5.E-02));
#13770 = CIRCLE('',#13771,0.737439);
#13771 = AXIS2_PLACEMENT_3D('',#13772,#13773,#13774);
#13772 = CARTESIAN_POINT('',(72.12,-175.42,-5.E-02));
#13773 = DIRECTION('',(0.,0.,1.));
#13774 = DIRECTION('',(1.,0.,-0.));
#13775 = FACE_BOUND('',#13776,.T.);
#13776 = EDGE_LOOP('',(#13777));
#13777 = ORIENTED_EDGE('',*,*,#13778,.T.);
#13778 = EDGE_CURVE('',#13779,#13779,#13781,.T.);
#13779 = VERTEX_POINT('',#13780);
#13780 = CARTESIAN_POINT('',(93.197439,-175.42,-5.E-02));
#13781 = CIRCLE('',#13782,0.737439);
#13782 = AXIS2_PLACEMENT_3D('',#13783,#13784,#13785);
#13783 = CARTESIAN_POINT('',(92.46,-175.42,-5.E-02));
#13784 = DIRECTION('',(0.,0.,1.));
#13785 = DIRECTION('',(1.,0.,-0.));
#13786 = FACE_BOUND('',#13787,.T.);
#13787 = EDGE_LOOP('',(#13788));
#13788 = ORIENTED_EDGE('',*,*,#13789,.T.);
#13789 = EDGE_CURVE('',#13790,#13790,#13792,.T.);
#13790 = VERTEX_POINT('',#13791);
#13791 = CARTESIAN_POINT('',(113.697439,-175.42,-5.E-02));
#13792 = CIRCLE('',#13793,0.737439);
#13793 = AXIS2_PLACEMENT_3D('',#13794,#13795,#13796);
#13794 = CARTESIAN_POINT('',(112.96,-175.42,-5.E-02));
#13795 = DIRECTION('',(0.,0.,1.));
#13796 = DIRECTION('',(1.,0.,-0.));
#13797 = FACE_BOUND('',#13798,.T.);
#13798 = EDGE_LOOP('',(#13799));
#13799 = ORIENTED_EDGE('',*,*,#13800,.T.);
#13800 = EDGE_CURVE('',#13801,#13801,#13803,.T.);
#13801 = VERTEX_POINT('',#13802);
#13802 = CARTESIAN_POINT('',(49.362392,-159.5,-5.E-02));
#13803 = CIRCLE('',#13804,0.362392);
#13804 = AXIS2_PLACEMENT_3D('',#13805,#13806,#13807);
#13805 = CARTESIAN_POINT('',(49.,-159.5,-5.E-02));
#13806 = DIRECTION('',(0.,0.,1.));
#13807 = DIRECTION('',(1.,0.,-0.));
#13808 = FACE_BOUND('',#13809,.T.);
#13809 = EDGE_LOOP('',(#13810));
#13810 = ORIENTED_EDGE('',*,*,#13811,.T.);
#13811 = EDGE_CURVE('',#13812,#13812,#13814,.T.);
#13812 = VERTEX_POINT('',#13813);
#13813 = CARTESIAN_POINT('',(49.362392,-157.5,-5.E-02));
#13814 = CIRCLE('',#13815,0.362392);
#13815 = AXIS2_PLACEMENT_3D('',#13816,#13817,#13818);
#13816 = CARTESIAN_POINT('',(49.,-157.5,-5.E-02));
#13817 = DIRECTION('',(0.,0.,1.));
#13818 = DIRECTION('',(1.,0.,-0.));
#13819 = FACE_BOUND('',#13820,.T.);
#13820 = EDGE_LOOP('',(#13821));
#13821 = ORIENTED_EDGE('',*,*,#13822,.T.);
#13822 = EDGE_CURVE('',#13823,#13823,#13825,.T.);
#13823 = VERTEX_POINT('',#13824);
#13824 = CARTESIAN_POINT('',(49.362392,-155.5,-5.E-02));
#13825 = CIRCLE('',#13826,0.362392);
#13826 = AXIS2_PLACEMENT_3D('',#13827,#13828,#13829);
#13827 = CARTESIAN_POINT('',(49.,-155.5,-5.E-02));
#13828 = DIRECTION('',(0.,0.,1.));
#13829 = DIRECTION('',(1.,0.,-0.));
#13830 = FACE_BOUND('',#13831,.T.);
#13831 = EDGE_LOOP('',(#13832));
#13832 = ORIENTED_EDGE('',*,*,#13833,.T.);
#13833 = EDGE_CURVE('',#13834,#13834,#13836,.T.);
#13834 = VERTEX_POINT('',#13835);
#13835 = CARTESIAN_POINT('',(49.362392,-153.5,-5.E-02));
#13836 = CIRCLE('',#13837,0.362392);
#13837 = AXIS2_PLACEMENT_3D('',#13838,#13839,#13840);
#13838 = CARTESIAN_POINT('',(49.,-153.5,-5.E-02));
#13839 = DIRECTION('',(0.,0.,1.));
#13840 = DIRECTION('',(1.,0.,-0.));
#13841 = FACE_BOUND('',#13842,.T.);
#13842 = EDGE_LOOP('',(#13843));
#13843 = ORIENTED_EDGE('',*,*,#13844,.T.);
#13844 = EDGE_CURVE('',#13845,#13845,#13847,.T.);
#13845 = VERTEX_POINT('',#13846);
#13846 = CARTESIAN_POINT('',(49.362392,-151.5,-5.E-02));
#13847 = CIRCLE('',#13848,0.362392);
#13848 = AXIS2_PLACEMENT_3D('',#13849,#13850,#13851);
#13849 = CARTESIAN_POINT('',(49.,-151.5,-5.E-02));
#13850 = DIRECTION('',(0.,0.,1.));
#13851 = DIRECTION('',(1.,0.,-0.));
#13852 = FACE_BOUND('',#13853,.T.);
#13853 = EDGE_LOOP('',(#13854));
#13854 = ORIENTED_EDGE('',*,*,#13855,.T.);
#13855 = EDGE_CURVE('',#13856,#13856,#13858,.T.);
#13856 = VERTEX_POINT('',#13857);
#13857 = CARTESIAN_POINT('',(49.362392,-149.5,-5.E-02));
#13858 = CIRCLE('',#13859,0.362392);
#13859 = AXIS2_PLACEMENT_3D('',#13860,#13861,#13862);
#13860 = CARTESIAN_POINT('',(49.,-149.5,-5.E-02));
#13861 = DIRECTION('',(0.,0.,1.));
#13862 = DIRECTION('',(1.,0.,-0.));
#13863 = FACE_BOUND('',#13864,.T.);
#13864 = EDGE_LOOP('',(#13865));
#13865 = ORIENTED_EDGE('',*,*,#13866,.T.);
#13866 = EDGE_CURVE('',#13867,#13867,#13869,.T.);
#13867 = VERTEX_POINT('',#13868);
#13868 = CARTESIAN_POINT('',(49.362392,-147.5,-5.E-02));
#13869 = CIRCLE('',#13870,0.362392);
#13870 = AXIS2_PLACEMENT_3D('',#13871,#13872,#13873);
#13871 = CARTESIAN_POINT('',(49.,-147.5,-5.E-02));
#13872 = DIRECTION('',(0.,0.,1.));
#13873 = DIRECTION('',(1.,0.,-0.));
#13874 = FACE_BOUND('',#13875,.T.);
#13875 = EDGE_LOOP('',(#13876));
#13876 = ORIENTED_EDGE('',*,*,#13877,.T.);
#13877 = EDGE_CURVE('',#13878,#13878,#13880,.T.);
#13878 = VERTEX_POINT('',#13879);
#13879 = CARTESIAN_POINT('',(60.362392,-146.05,-5.E-02));
#13880 = CIRCLE('',#13881,0.362392);
#13881 = AXIS2_PLACEMENT_3D('',#13882,#13883,#13884);
#13882 = CARTESIAN_POINT('',(60.,-146.05,-5.E-02));
#13883 = DIRECTION('',(0.,0.,1.));
#13884 = DIRECTION('',(1.,0.,-0.));
#13885 = FACE_BOUND('',#13886,.T.);
#13886 = EDGE_LOOP('',(#13887));
#13887 = ORIENTED_EDGE('',*,*,#13888,.T.);
#13888 = EDGE_CURVE('',#13889,#13889,#13891,.T.);
#13889 = VERTEX_POINT('',#13890);
#13890 = CARTESIAN_POINT('',(62.362392,-146.05,-5.E-02));
#13891 = CIRCLE('',#13892,0.362392);
#13892 = AXIS2_PLACEMENT_3D('',#13893,#13894,#13895);
#13893 = CARTESIAN_POINT('',(62.,-146.05,-5.E-02));
#13894 = DIRECTION('',(0.,0.,1.));
#13895 = DIRECTION('',(1.,0.,-0.));
#13896 = FACE_BOUND('',#13897,.T.);
#13897 = EDGE_LOOP('',(#13898));
#13898 = ORIENTED_EDGE('',*,*,#13899,.T.);
#13899 = EDGE_CURVE('',#13900,#13900,#13902,.T.);
#13900 = VERTEX_POINT('',#13901);
#13901 = CARTESIAN_POINT('',(49.362392,-145.5,-5.E-02));
#13902 = CIRCLE('',#13903,0.362392);
#13903 = AXIS2_PLACEMENT_3D('',#13904,#13905,#13906);
#13904 = CARTESIAN_POINT('',(49.,-145.5,-5.E-02));
#13905 = DIRECTION('',(0.,0.,1.));
#13906 = DIRECTION('',(1.,0.,-0.));
#13907 = FACE_BOUND('',#13908,.T.);
#13908 = EDGE_LOOP('',(#13909));
#13909 = ORIENTED_EDGE('',*,*,#13910,.T.);
#13910 = EDGE_CURVE('',#13911,#13911,#13913,.T.);
#13911 = VERTEX_POINT('',#13912);
#13912 = CARTESIAN_POINT('',(20.587462,-141.,-5.E-02));
#13913 = CIRCLE('',#13914,1.087462);
#13914 = AXIS2_PLACEMENT_3D('',#13915,#13916,#13917);
#13915 = CARTESIAN_POINT('',(19.5,-141.,-5.E-02));
#13916 = DIRECTION('',(0.,0.,1.));
#13917 = DIRECTION('',(1.,0.,-0.));
#13918 = FACE_BOUND('',#13919,.T.);
#13919 = EDGE_LOOP('',(#13920));
#13920 = ORIENTED_EDGE('',*,*,#13921,.T.);
#13921 = EDGE_CURVE('',#13922,#13922,#13924,.T.);
#13922 = VERTEX_POINT('',#13923);
#13923 = CARTESIAN_POINT('',(121.087462,-141.,-5.E-02));
#13924 = CIRCLE('',#13925,1.087462);
#13925 = AXIS2_PLACEMENT_3D('',#13926,#13927,#13928);
#13926 = CARTESIAN_POINT('',(120.,-141.,-5.E-02));
#13927 = DIRECTION('',(0.,0.,1.));
#13928 = DIRECTION('',(1.,0.,-0.));
#13929 = PLANE('',#13930);
#13930 = AXIS2_PLACEMENT_3D('',#13931,#13932,#13933);
#13931 = CARTESIAN_POINT('',(0.,0.,-5.E-02));
#13932 = DIRECTION('',(-0.,-0.,-1.));
#13933 = DIRECTION('',(-1.,0.,0.));
#13934 = ( GEOMETRIC_REPRESENTATION_CONTEXT(3) 
GLOBAL_UNCERTAINTY_ASSIGNED_CONTEXT((#13938)) 
GLOBAL_UNIT_ASSIGNED_CONTEXT((#13935,#13936,#13937)) 
REPRESENTATION_CONTEXT('Context #1',
  '3D Context with UNIT and UNCERTAINTY') );
#13935 = ( LENGTH_UNIT() NAMED_UNIT(*) SI_UNIT(.MILLI.,.METRE.) );
#13936 = ( NAMED_UNIT(*) PLANE_ANGLE_UNIT() SI_UNIT($,.RADIAN.) );
#13937 = ( NAMED_UNIT(*) SI_UNIT($,.STERADIAN.) SOLID_ANGLE_UNIT() );
#13938 = UNCERTAINTY_MEASURE_WITH_UNIT(LENGTH_MEASURE(1.E-07),#13935,
  'distance_accuracy_value','confusion accuracy');
#13939 = CONTEXT_DEPENDENT_SHAPE_REPRESENTATION(#13940,#13942);
#13940 = ( REPRESENTATION_RELATIONSHIP('','',#13362,#10) 
REPRESENTATION_RELATIONSHIP_WITH_TRANSFORMATION(#13941) 
SHAPE_REPRESENTATION_RELATIONSHIP() );
#13941 = ITEM_DEFINED_TRANSFORMATION('','',#11,#27);
#13942 = PRODUCT_DEFINITION_SHAPE('Placement','Placement of an item',
  #13943);
#13943 = NEXT_ASSEMBLY_USAGE_OCCURRENCE('6','=>[0:1:1:7]','',#5,#13357,$
  );
#13944 = PRODUCT_RELATED_PRODUCT_CATEGORY('part',$,(#13359));
#13945 = SHAPE_DEFINITION_REPRESENTATION(#13946,#13952);
#13946 = PRODUCT_DEFINITION_SHAPE('','',#13947);
#13947 = PRODUCT_DEFINITION('design','',#13948,#13951);
#13948 = PRODUCT_DEFINITION_FORMATION('','',#13949);
#13949 = PRODUCT('PonBE4F_PCB','PonBE4F_PCB','',(#13950));
#13950 = PRODUCT_CONTEXT('',#2,'mechanical');
#13951 = PRODUCT_DEFINITION_CONTEXT('part definition',#2,'design');
#13952 = ADVANCED_BREP_SHAPE_REPRESENTATION('',(#11,#13953),#15764);
#13953 = MANIFOLD_SOLID_BREP('',#13954);
#13954 = CLOSED_SHELL('',(#13955,#13997,#14028,#14059,#14540,#15021,
    #15038,#15055,#15072,#15089,#15101,#15118,#15135,#15152,#15169,
    #15186,#15203,#15220,#15237,#15254,#15271,#15288,#15305,#15322,
    #15339,#15356,#15373,#15390,#15407,#15424,#15441,#15458,#15475,
    #15492,#15509,#15526,#15543,#15560,#15577,#15594,#15611,#15628,
    #15645,#15662,#15679,#15696,#15713,#15730,#15747));
#13955 = ADVANCED_FACE('',(#13956),#13992,.T.);
#13956 = FACE_BOUND('',#13957,.T.);
#13957 = EDGE_LOOP('',(#13958,#13968,#13977,#13985));
#13958 = ORIENTED_EDGE('',*,*,#13959,.T.);
#13959 = EDGE_CURVE('',#13960,#13962,#13964,.T.);
#13960 = VERTEX_POINT('',#13961);
#13961 = CARTESIAN_POINT('',(120.,-137.5,0.));
#13962 = VERTEX_POINT('',#13963);
#13963 = CARTESIAN_POINT('',(120.,-137.5,1.51));
#13964 = LINE('',#13965,#13966);
#13965 = CARTESIAN_POINT('',(120.,-137.5,0.));
#13966 = VECTOR('',#13967,1.);
#13967 = DIRECTION('',(0.,0.,1.));
#13968 = ORIENTED_EDGE('',*,*,#13969,.T.);
#13969 = EDGE_CURVE('',#13962,#13970,#13972,.T.);
#13970 = VERTEX_POINT('',#13971);
#13971 = CARTESIAN_POINT('',(123.5,-141.,1.51));
#13972 = CIRCLE('',#13973,3.499999092342);
#13973 = AXIS2_PLACEMENT_3D('',#13974,#13975,#13976);
#13974 = CARTESIAN_POINT('',(120.00000090765,-140.9999990923,1.51));
#13975 = DIRECTION('',(0.,0.,-1.));
#13976 = DIRECTION('',(-2.593310478154E-07,1.,0.));
#13977 = ORIENTED_EDGE('',*,*,#13978,.F.);
#13978 = EDGE_CURVE('',#13979,#13970,#13981,.T.);
#13979 = VERTEX_POINT('',#13980);
#13980 = CARTESIAN_POINT('',(123.5,-141.,0.));
#13981 = LINE('',#13982,#13983);
#13982 = CARTESIAN_POINT('',(123.5,-141.,0.));
#13983 = VECTOR('',#13984,1.);
#13984 = DIRECTION('',(0.,0.,1.));
#13985 = ORIENTED_EDGE('',*,*,#13986,.F.);
#13986 = EDGE_CURVE('',#13960,#13979,#13987,.T.);
#13987 = CIRCLE('',#13988,3.499999092342);
#13988 = AXIS2_PLACEMENT_3D('',#13989,#13990,#13991);
#13989 = CARTESIAN_POINT('',(120.00000090765,-140.9999990923,0.));
#13990 = DIRECTION('',(0.,0.,-1.));
#13991 = DIRECTION('',(-2.593310478154E-07,1.,0.));
#13992 = CYLINDRICAL_SURFACE('',#13993,3.499999092342);
#13993 = AXIS2_PLACEMENT_3D('',#13994,#13995,#13996);
#13994 = CARTESIAN_POINT('',(120.00000090765,-140.9999990923,0.));
#13995 = DIRECTION('',(0.,0.,-1.));
#13996 = DIRECTION('',(-2.593310478154E-07,1.,0.));
#13997 = ADVANCED_FACE('',(#13998),#14023,.T.);
#13998 = FACE_BOUND('',#13999,.T.);
#13999 = EDGE_LOOP('',(#14000,#14010,#14016,#14017));
#14000 = ORIENTED_EDGE('',*,*,#14001,.T.);
#14001 = EDGE_CURVE('',#14002,#14004,#14006,.T.);
#14002 = VERTEX_POINT('',#14003);
#14003 = CARTESIAN_POINT('',(19.5,-137.5,0.));
#14004 = VERTEX_POINT('',#14005);
#14005 = CARTESIAN_POINT('',(19.5,-137.5,1.51));
#14006 = LINE('',#14007,#14008);
#14007 = CARTESIAN_POINT('',(19.5,-137.5,0.));
#14008 = VECTOR('',#14009,1.);
#14009 = DIRECTION('',(0.,0.,1.));
#14010 = ORIENTED_EDGE('',*,*,#14011,.T.);
#14011 = EDGE_CURVE('',#14004,#13962,#14012,.T.);
#14012 = LINE('',#14013,#14014);
#14013 = CARTESIAN_POINT('',(19.5,-137.5,1.51));
#14014 = VECTOR('',#14015,1.);
#14015 = DIRECTION('',(1.,0.,0.));
#14016 = ORIENTED_EDGE('',*,*,#13959,.F.);
#14017 = ORIENTED_EDGE('',*,*,#14018,.F.);
#14018 = EDGE_CURVE('',#14002,#13960,#14019,.T.);
#14019 = LINE('',#14020,#14021);
#14020 = CARTESIAN_POINT('',(19.5,-137.5,0.));
#14021 = VECTOR('',#14022,1.);
#14022 = DIRECTION('',(1.,0.,0.));
#14023 = PLANE('',#14024);
#14024 = AXIS2_PLACEMENT_3D('',#14025,#14026,#14027);
#14025 = CARTESIAN_POINT('',(19.5,-137.5,0.));
#14026 = DIRECTION('',(0.,1.,0.));
#14027 = DIRECTION('',(1.,0.,0.));
#14028 = ADVANCED_FACE('',(#14029),#14054,.T.);
#14029 = FACE_BOUND('',#14030,.T.);
#14030 = EDGE_LOOP('',(#14031,#14032,#14040,#14048));
#14031 = ORIENTED_EDGE('',*,*,#13978,.T.);
#14032 = ORIENTED_EDGE('',*,*,#14033,.T.);
#14033 = EDGE_CURVE('',#13970,#14034,#14036,.T.);
#14034 = VERTEX_POINT('',#14035);
#14035 = CARTESIAN_POINT('',(123.5,-190.,1.51));
#14036 = LINE('',#14037,#14038);
#14037 = CARTESIAN_POINT('',(123.5,-141.,1.51));
#14038 = VECTOR('',#14039,1.);
#14039 = DIRECTION('',(0.,-1.,0.));
#14040 = ORIENTED_EDGE('',*,*,#14041,.F.);
#14041 = EDGE_CURVE('',#14042,#14034,#14044,.T.);
#14042 = VERTEX_POINT('',#14043);
#14043 = CARTESIAN_POINT('',(123.5,-190.,0.));
#14044 = LINE('',#14045,#14046);
#14045 = CARTESIAN_POINT('',(123.5,-190.,0.));
#14046 = VECTOR('',#14047,1.);
#14047 = DIRECTION('',(0.,0.,1.));
#14048 = ORIENTED_EDGE('',*,*,#14049,.F.);
#14049 = EDGE_CURVE('',#13979,#14042,#14050,.T.);
#14050 = LINE('',#14051,#14052);
#14051 = CARTESIAN_POINT('',(123.5,-141.,0.));
#14052 = VECTOR('',#14053,1.);
#14053 = DIRECTION('',(0.,-1.,0.));
#14054 = PLANE('',#14055);
#14055 = AXIS2_PLACEMENT_3D('',#14056,#14057,#14058);
#14056 = CARTESIAN_POINT('',(123.5,-141.,0.));
#14057 = DIRECTION('',(1.,0.,-0.));
#14058 = DIRECTION('',(0.,-1.,0.));
#14059 = ADVANCED_FACE('',(#14060,#14106,#14117,#14128,#14139,#14150,
    #14161,#14172,#14183,#14194,#14205,#14216,#14227,#14238,#14249,
    #14260,#14271,#14282,#14293,#14304,#14315,#14326,#14337,#14348,
    #14359,#14370,#14381,#14392,#14403,#14414,#14425,#14436,#14447,
    #14458,#14469,#14480,#14491,#14502,#14513,#14524),#14535,.F.);
#14060 = FACE_BOUND('',#14061,.F.);
#14061 = EDGE_LOOP('',(#14062,#14063,#14064,#14073,#14081,#14090,#14098,
    #14105));
#14062 = ORIENTED_EDGE('',*,*,#13986,.F.);
#14063 = ORIENTED_EDGE('',*,*,#14018,.F.);
#14064 = ORIENTED_EDGE('',*,*,#14065,.F.);
#14065 = EDGE_CURVE('',#14066,#14002,#14068,.T.);
#14066 = VERTEX_POINT('',#14067);
#14067 = CARTESIAN_POINT('',(16.,-141.,0.));
#14068 = CIRCLE('',#14069,3.499999092342);
#14069 = AXIS2_PLACEMENT_3D('',#14070,#14071,#14072);
#14070 = CARTESIAN_POINT('',(19.499999092342,-140.9999990923,0.));
#14071 = DIRECTION('',(0.,0.,-1.));
#14072 = DIRECTION('',(-1.,-2.593310478154E-07,-0.));
#14073 = ORIENTED_EDGE('',*,*,#14074,.F.);
#14074 = EDGE_CURVE('',#14075,#14066,#14077,.T.);
#14075 = VERTEX_POINT('',#14076);
#14076 = CARTESIAN_POINT('',(16.,-190.,0.));
#14077 = LINE('',#14078,#14079);
#14078 = CARTESIAN_POINT('',(16.,-190.,0.));
#14079 = VECTOR('',#14080,1.);
#14080 = DIRECTION('',(0.,1.,0.));
#14081 = ORIENTED_EDGE('',*,*,#14082,.F.);
#14082 = EDGE_CURVE('',#14083,#14075,#14085,.T.);
#14083 = VERTEX_POINT('',#14084);
#14084 = CARTESIAN_POINT('',(19.5,-193.5,0.));
#14085 = CIRCLE('',#14086,3.499999092342);
#14086 = AXIS2_PLACEMENT_3D('',#14087,#14088,#14089);
#14087 = CARTESIAN_POINT('',(19.499999092342,-190.0000009076,0.));
#14088 = DIRECTION('',(0.,0.,-1.));
#14089 = DIRECTION('',(2.593310488305E-07,-1.,0.));
#14090 = ORIENTED_EDGE('',*,*,#14091,.F.);
#14091 = EDGE_CURVE('',#14092,#14083,#14094,.T.);
#14092 = VERTEX_POINT('',#14093);
#14093 = CARTESIAN_POINT('',(120.,-193.5,0.));
#14094 = LINE('',#14095,#14096);
#14095 = CARTESIAN_POINT('',(120.,-193.5,0.));
#14096 = VECTOR('',#14097,1.);
#14097 = DIRECTION('',(-1.,0.,0.));
#14098 = ORIENTED_EDGE('',*,*,#14099,.F.);
#14099 = EDGE_CURVE('',#14042,#14092,#14100,.T.);
#14100 = CIRCLE('',#14101,3.499999092342);
#14101 = AXIS2_PLACEMENT_3D('',#14102,#14103,#14104);
#14102 = CARTESIAN_POINT('',(120.00000090765,-190.0000009076,0.));
#14103 = DIRECTION('',(0.,0.,-1.));
#14104 = DIRECTION('',(1.,2.593310478154E-07,0.));
#14105 = ORIENTED_EDGE('',*,*,#14049,.F.);
#14106 = FACE_BOUND('',#14107,.F.);
#14107 = EDGE_LOOP('',(#14108));
#14108 = ORIENTED_EDGE('',*,*,#14109,.T.);
#14109 = EDGE_CURVE('',#14110,#14110,#14112,.T.);
#14110 = VERTEX_POINT('',#14111);
#14111 = CARTESIAN_POINT('',(19.5,-191.1,0.));
#14112 = CIRCLE('',#14113,1.1);
#14113 = AXIS2_PLACEMENT_3D('',#14114,#14115,#14116);
#14114 = CARTESIAN_POINT('',(19.5,-190.,0.));
#14115 = DIRECTION('',(-0.,0.,-1.));
#14116 = DIRECTION('',(-0.,-1.,0.));
#14117 = FACE_BOUND('',#14118,.F.);
#14118 = EDGE_LOOP('',(#14119));
#14119 = ORIENTED_EDGE('',*,*,#14120,.T.);
#14120 = EDGE_CURVE('',#14121,#14121,#14123,.T.);
#14121 = VERTEX_POINT('',#14122);
#14122 = CARTESIAN_POINT('',(24.,-181.35,0.));
#14123 = CIRCLE('',#14124,0.85);
#14124 = AXIS2_PLACEMENT_3D('',#14125,#14126,#14127);
#14125 = CARTESIAN_POINT('',(24.,-180.5,0.));
#14126 = DIRECTION('',(-0.,0.,-1.));
#14127 = DIRECTION('',(-0.,-1.,0.));
#14128 = FACE_BOUND('',#14129,.F.);
#14129 = EDGE_LOOP('',(#14130));
#14130 = ORIENTED_EDGE('',*,*,#14131,.T.);
#14131 = EDGE_CURVE('',#14132,#14132,#14134,.T.);
#14132 = VERTEX_POINT('',#14133);
#14133 = CARTESIAN_POINT('',(29.08,-182.5,0.));
#14134 = CIRCLE('',#14135,2.);
#14135 = AXIS2_PLACEMENT_3D('',#14136,#14137,#14138);
#14136 = CARTESIAN_POINT('',(29.08,-180.5,0.));
#14137 = DIRECTION('',(-0.,0.,-1.));
#14138 = DIRECTION('',(-0.,-1.,0.));
#14139 = FACE_BOUND('',#14140,.F.);
#14140 = EDGE_LOOP('',(#14141));
#14141 = ORIENTED_EDGE('',*,*,#14142,.T.);
#14142 = EDGE_CURVE('',#14143,#14143,#14145,.T.);
#14143 = VERTEX_POINT('',#14144);
#14144 = CARTESIAN_POINT('',(34.16,-181.35,0.));
#14145 = CIRCLE('',#14146,0.85);
#14146 = AXIS2_PLACEMENT_3D('',#14147,#14148,#14149);
#14147 = CARTESIAN_POINT('',(34.16,-180.5,0.));
#14148 = DIRECTION('',(-0.,0.,-1.));
#14149 = DIRECTION('',(-0.,-1.,0.));
#14150 = FACE_BOUND('',#14151,.F.);
#14151 = EDGE_LOOP('',(#14152));
#14152 = ORIENTED_EDGE('',*,*,#14153,.T.);
#14153 = EDGE_CURVE('',#14154,#14154,#14156,.T.);
#14154 = VERTEX_POINT('',#14155);
#14155 = CARTESIAN_POINT('',(44.,-181.35,0.));
#14156 = CIRCLE('',#14157,0.85);
#14157 = AXIS2_PLACEMENT_3D('',#14158,#14159,#14160);
#14158 = CARTESIAN_POINT('',(44.,-180.5,0.));
#14159 = DIRECTION('',(-0.,0.,-1.));
#14160 = DIRECTION('',(-0.,-1.,0.));
#14161 = FACE_BOUND('',#14162,.F.);
#14162 = EDGE_LOOP('',(#14163));
#14163 = ORIENTED_EDGE('',*,*,#14164,.T.);
#14164 = EDGE_CURVE('',#14165,#14165,#14167,.T.);
#14165 = VERTEX_POINT('',#14166);
#14166 = CARTESIAN_POINT('',(49.08,-182.5,0.));
#14167 = CIRCLE('',#14168,2.);
#14168 = AXIS2_PLACEMENT_3D('',#14169,#14170,#14171);
#14169 = CARTESIAN_POINT('',(49.08,-180.5,0.));
#14170 = DIRECTION('',(-0.,0.,-1.));
#14171 = DIRECTION('',(-0.,-1.,0.));
#14172 = FACE_BOUND('',#14173,.F.);
#14173 = EDGE_LOOP('',(#14174));
#14174 = ORIENTED_EDGE('',*,*,#14175,.T.);
#14175 = EDGE_CURVE('',#14176,#14176,#14178,.T.);
#14176 = VERTEX_POINT('',#14177);
#14177 = CARTESIAN_POINT('',(54.16,-181.35,0.));
#14178 = CIRCLE('',#14179,0.85);
#14179 = AXIS2_PLACEMENT_3D('',#14180,#14181,#14182);
#14180 = CARTESIAN_POINT('',(54.16,-180.5,0.));
#14181 = DIRECTION('',(-0.,0.,-1.));
#14182 = DIRECTION('',(-0.,-1.,0.));
#14183 = FACE_BOUND('',#14184,.F.);
#14184 = EDGE_LOOP('',(#14185));
#14185 = ORIENTED_EDGE('',*,*,#14186,.T.);
#14186 = EDGE_CURVE('',#14187,#14187,#14189,.T.);
#14187 = VERTEX_POINT('',#14188);
#14188 = CARTESIAN_POINT('',(64.5,-181.35,0.));
#14189 = CIRCLE('',#14190,0.85);
#14190 = AXIS2_PLACEMENT_3D('',#14191,#14192,#14193);
#14191 = CARTESIAN_POINT('',(64.5,-180.5,0.));
#14192 = DIRECTION('',(-0.,0.,-1.));
#14193 = DIRECTION('',(-0.,-1.,0.));
#14194 = FACE_BOUND('',#14195,.F.);
#14195 = EDGE_LOOP('',(#14196));
#14196 = ORIENTED_EDGE('',*,*,#14197,.T.);
#14197 = EDGE_CURVE('',#14198,#14198,#14200,.T.);
#14198 = VERTEX_POINT('',#14199);
#14199 = CARTESIAN_POINT('',(69.58,-182.5,0.));
#14200 = CIRCLE('',#14201,2.);
#14201 = AXIS2_PLACEMENT_3D('',#14202,#14203,#14204);
#14202 = CARTESIAN_POINT('',(69.58,-180.5,0.));
#14203 = DIRECTION('',(-0.,0.,-1.));
#14204 = DIRECTION('',(-0.,-1.,0.));
#14205 = FACE_BOUND('',#14206,.F.);
#14206 = EDGE_LOOP('',(#14207));
#14207 = ORIENTED_EDGE('',*,*,#14208,.T.);
#14208 = EDGE_CURVE('',#14209,#14209,#14211,.T.);
#14209 = VERTEX_POINT('',#14210);
#14210 = CARTESIAN_POINT('',(25.27,-178.71,0.));
#14211 = CIRCLE('',#14212,0.75);
#14212 = AXIS2_PLACEMENT_3D('',#14213,#14214,#14215);
#14213 = CARTESIAN_POINT('',(25.27,-177.96,0.));
#14214 = DIRECTION('',(-0.,0.,-1.));
#14215 = DIRECTION('',(-0.,-1.,0.));
#14216 = FACE_BOUND('',#14217,.F.);
#14217 = EDGE_LOOP('',(#14218));
#14218 = ORIENTED_EDGE('',*,*,#14219,.T.);
#14219 = EDGE_CURVE('',#14220,#14220,#14222,.T.);
#14220 = VERTEX_POINT('',#14221);
#14221 = CARTESIAN_POINT('',(31.62,-176.17,0.));
#14222 = CIRCLE('',#14223,0.75);
#14223 = AXIS2_PLACEMENT_3D('',#14224,#14225,#14226);
#14224 = CARTESIAN_POINT('',(31.62,-175.42,0.));
#14225 = DIRECTION('',(-0.,0.,-1.));
#14226 = DIRECTION('',(4.736951571734E-15,-1.,-0.));
#14227 = FACE_BOUND('',#14228,.F.);
#14228 = EDGE_LOOP('',(#14229));
#14229 = ORIENTED_EDGE('',*,*,#14230,.T.);
#14230 = EDGE_CURVE('',#14231,#14231,#14233,.T.);
#14231 = VERTEX_POINT('',#14232);
#14232 = CARTESIAN_POINT('',(45.27,-178.71,0.));
#14233 = CIRCLE('',#14234,0.75);
#14234 = AXIS2_PLACEMENT_3D('',#14235,#14236,#14237);
#14235 = CARTESIAN_POINT('',(45.27,-177.96,0.));
#14236 = DIRECTION('',(-0.,0.,-1.));
#14237 = DIRECTION('',(-0.,-1.,0.));
#14238 = FACE_BOUND('',#14239,.F.);
#14239 = EDGE_LOOP('',(#14240));
#14240 = ORIENTED_EDGE('',*,*,#14241,.T.);
#14241 = EDGE_CURVE('',#14242,#14242,#14244,.T.);
#14242 = VERTEX_POINT('',#14243);
#14243 = CARTESIAN_POINT('',(51.62,-176.17,0.));
#14244 = CIRCLE('',#14245,0.75);
#14245 = AXIS2_PLACEMENT_3D('',#14246,#14247,#14248);
#14246 = CARTESIAN_POINT('',(51.62,-175.42,0.));
#14247 = DIRECTION('',(-0.,0.,-1.));
#14248 = DIRECTION('',(-0.,-1.,0.));
#14249 = FACE_BOUND('',#14250,.F.);
#14250 = EDGE_LOOP('',(#14251));
#14251 = ORIENTED_EDGE('',*,*,#14252,.T.);
#14252 = EDGE_CURVE('',#14253,#14253,#14255,.T.);
#14253 = VERTEX_POINT('',#14254);
#14254 = CARTESIAN_POINT('',(65.77,-178.71,0.));
#14255 = CIRCLE('',#14256,0.75);
#14256 = AXIS2_PLACEMENT_3D('',#14257,#14258,#14259);
#14257 = CARTESIAN_POINT('',(65.77,-177.96,0.));
#14258 = DIRECTION('',(-0.,0.,-1.));
#14259 = DIRECTION('',(-0.,-1.,0.));
#14260 = FACE_BOUND('',#14261,.F.);
#14261 = EDGE_LOOP('',(#14262));
#14262 = ORIENTED_EDGE('',*,*,#14263,.T.);
#14263 = EDGE_CURVE('',#14264,#14264,#14266,.T.);
#14264 = VERTEX_POINT('',#14265);
#14265 = CARTESIAN_POINT('',(74.66,-181.35,0.));
#14266 = CIRCLE('',#14267,0.85);
#14267 = AXIS2_PLACEMENT_3D('',#14268,#14269,#14270);
#14268 = CARTESIAN_POINT('',(74.66,-180.5,0.));
#14269 = DIRECTION('',(-0.,0.,-1.));
#14270 = DIRECTION('',(-0.,-1.,0.));
#14271 = FACE_BOUND('',#14272,.F.);
#14272 = EDGE_LOOP('',(#14273));
#14273 = ORIENTED_EDGE('',*,*,#14274,.T.);
#14274 = EDGE_CURVE('',#14275,#14275,#14277,.T.);
#14275 = VERTEX_POINT('',#14276);
#14276 = CARTESIAN_POINT('',(84.84,-181.35,0.));
#14277 = CIRCLE('',#14278,0.85);
#14278 = AXIS2_PLACEMENT_3D('',#14279,#14280,#14281);
#14279 = CARTESIAN_POINT('',(84.84,-180.5,0.));
#14280 = DIRECTION('',(-0.,0.,-1.));
#14281 = DIRECTION('',(-0.,-1.,0.));
#14282 = FACE_BOUND('',#14283,.F.);
#14283 = EDGE_LOOP('',(#14284));
#14284 = ORIENTED_EDGE('',*,*,#14285,.T.);
#14285 = EDGE_CURVE('',#14286,#14286,#14288,.T.);
#14286 = VERTEX_POINT('',#14287);
#14287 = CARTESIAN_POINT('',(89.92,-182.5,0.));
#14288 = CIRCLE('',#14289,2.);
#14289 = AXIS2_PLACEMENT_3D('',#14290,#14291,#14292);
#14290 = CARTESIAN_POINT('',(89.92,-180.5,0.));
#14291 = DIRECTION('',(-0.,0.,-1.));
#14292 = DIRECTION('',(-0.,-1.,0.));
#14293 = FACE_BOUND('',#14294,.F.);
#14294 = EDGE_LOOP('',(#14295));
#14295 = ORIENTED_EDGE('',*,*,#14296,.T.);
#14296 = EDGE_CURVE('',#14297,#14297,#14299,.T.);
#14297 = VERTEX_POINT('',#14298);
#14298 = CARTESIAN_POINT('',(95.,-181.35,0.));
#14299 = CIRCLE('',#14300,0.85);
#14300 = AXIS2_PLACEMENT_3D('',#14301,#14302,#14303);
#14301 = CARTESIAN_POINT('',(95.,-180.5,0.));
#14302 = DIRECTION('',(-0.,0.,-1.));
#14303 = DIRECTION('',(-0.,-1.,0.));
#14304 = FACE_BOUND('',#14305,.F.);
#14305 = EDGE_LOOP('',(#14306));
#14306 = ORIENTED_EDGE('',*,*,#14307,.T.);
#14307 = EDGE_CURVE('',#14308,#14308,#14310,.T.);
#14308 = VERTEX_POINT('',#14309);
#14309 = CARTESIAN_POINT('',(120.,-191.1,0.));
#14310 = CIRCLE('',#14311,1.1);
#14311 = AXIS2_PLACEMENT_3D('',#14312,#14313,#14314);
#14312 = CARTESIAN_POINT('',(120.,-190.,0.));
#14313 = DIRECTION('',(-0.,0.,-1.));
#14314 = DIRECTION('',(-0.,-1.,0.));
#14315 = FACE_BOUND('',#14316,.F.);
#14316 = EDGE_LOOP('',(#14317));
#14317 = ORIENTED_EDGE('',*,*,#14318,.T.);
#14318 = EDGE_CURVE('',#14319,#14319,#14321,.T.);
#14319 = VERTEX_POINT('',#14320);
#14320 = CARTESIAN_POINT('',(105.34,-181.35,0.));
#14321 = CIRCLE('',#14322,0.85);
#14322 = AXIS2_PLACEMENT_3D('',#14323,#14324,#14325);
#14323 = CARTESIAN_POINT('',(105.34,-180.5,0.));
#14324 = DIRECTION('',(-0.,0.,-1.));
#14325 = DIRECTION('',(-0.,-1.,0.));
#14326 = FACE_BOUND('',#14327,.F.);
#14327 = EDGE_LOOP('',(#14328));
#14328 = ORIENTED_EDGE('',*,*,#14329,.T.);
#14329 = EDGE_CURVE('',#14330,#14330,#14332,.T.);
#14330 = VERTEX_POINT('',#14331);
#14331 = CARTESIAN_POINT('',(110.42,-182.5,0.));
#14332 = CIRCLE('',#14333,2.);
#14333 = AXIS2_PLACEMENT_3D('',#14334,#14335,#14336);
#14334 = CARTESIAN_POINT('',(110.42,-180.5,0.));
#14335 = DIRECTION('',(-0.,0.,-1.));
#14336 = DIRECTION('',(-0.,-1.,0.));
#14337 = FACE_BOUND('',#14338,.F.);
#14338 = EDGE_LOOP('',(#14339));
#14339 = ORIENTED_EDGE('',*,*,#14340,.T.);
#14340 = EDGE_CURVE('',#14341,#14341,#14343,.T.);
#14341 = VERTEX_POINT('',#14342);
#14342 = CARTESIAN_POINT('',(115.5,-181.35,0.));
#14343 = CIRCLE('',#14344,0.85);
#14344 = AXIS2_PLACEMENT_3D('',#14345,#14346,#14347);
#14345 = CARTESIAN_POINT('',(115.5,-180.5,0.));
#14346 = DIRECTION('',(-0.,0.,-1.));
#14347 = DIRECTION('',(-0.,-1.,0.));
#14348 = FACE_BOUND('',#14349,.F.);
#14349 = EDGE_LOOP('',(#14350));
#14350 = ORIENTED_EDGE('',*,*,#14351,.T.);
#14351 = EDGE_CURVE('',#14352,#14352,#14354,.T.);
#14352 = VERTEX_POINT('',#14353);
#14353 = CARTESIAN_POINT('',(72.12,-176.17,0.));
#14354 = CIRCLE('',#14355,0.75);
#14355 = AXIS2_PLACEMENT_3D('',#14356,#14357,#14358);
#14356 = CARTESIAN_POINT('',(72.12,-175.42,0.));
#14357 = DIRECTION('',(-0.,0.,-1.));
#14358 = DIRECTION('',(-0.,-1.,0.));
#14359 = FACE_BOUND('',#14360,.F.);
#14360 = EDGE_LOOP('',(#14361));
#14361 = ORIENTED_EDGE('',*,*,#14362,.T.);
#14362 = EDGE_CURVE('',#14363,#14363,#14365,.T.);
#14363 = VERTEX_POINT('',#14364);
#14364 = CARTESIAN_POINT('',(86.11,-178.71,0.));
#14365 = CIRCLE('',#14366,0.75);
#14366 = AXIS2_PLACEMENT_3D('',#14367,#14368,#14369);
#14367 = CARTESIAN_POINT('',(86.11,-177.96,0.));
#14368 = DIRECTION('',(-0.,0.,-1.));
#14369 = DIRECTION('',(-0.,-1.,0.));
#14370 = FACE_BOUND('',#14371,.F.);
#14371 = EDGE_LOOP('',(#14372));
#14372 = ORIENTED_EDGE('',*,*,#14373,.T.);
#14373 = EDGE_CURVE('',#14374,#14374,#14376,.T.);
#14374 = VERTEX_POINT('',#14375);
#14375 = CARTESIAN_POINT('',(92.46,-176.17,0.));
#14376 = CIRCLE('',#14377,0.75);
#14377 = AXIS2_PLACEMENT_3D('',#14378,#14379,#14380);
#14378 = CARTESIAN_POINT('',(92.46,-175.42,0.));
#14379 = DIRECTION('',(-0.,0.,-1.));
#14380 = DIRECTION('',(-0.,-1.,0.));
#14381 = FACE_BOUND('',#14382,.F.);
#14382 = EDGE_LOOP('',(#14383));
#14383 = ORIENTED_EDGE('',*,*,#14384,.T.);
#14384 = EDGE_CURVE('',#14385,#14385,#14387,.T.);
#14385 = VERTEX_POINT('',#14386);
#14386 = CARTESIAN_POINT('',(106.61,-178.71,0.));
#14387 = CIRCLE('',#14388,0.75);
#14388 = AXIS2_PLACEMENT_3D('',#14389,#14390,#14391);
#14389 = CARTESIAN_POINT('',(106.61,-177.96,0.));
#14390 = DIRECTION('',(-0.,0.,-1.));
#14391 = DIRECTION('',(-0.,-1.,0.));
#14392 = FACE_BOUND('',#14393,.F.);
#14393 = EDGE_LOOP('',(#14394));
#14394 = ORIENTED_EDGE('',*,*,#14395,.T.);
#14395 = EDGE_CURVE('',#14396,#14396,#14398,.T.);
#14396 = VERTEX_POINT('',#14397);
#14397 = CARTESIAN_POINT('',(112.96,-176.17,0.));
#14398 = CIRCLE('',#14399,0.75);
#14399 = AXIS2_PLACEMENT_3D('',#14400,#14401,#14402);
#14400 = CARTESIAN_POINT('',(112.96,-175.42,0.));
#14401 = DIRECTION('',(-0.,0.,-1.));
#14402 = DIRECTION('',(-0.,-1.,0.));
#14403 = FACE_BOUND('',#14404,.F.);
#14404 = EDGE_LOOP('',(#14405));
#14405 = ORIENTED_EDGE('',*,*,#14406,.T.);
#14406 = EDGE_CURVE('',#14407,#14407,#14409,.T.);
#14407 = VERTEX_POINT('',#14408);
#14408 = CARTESIAN_POINT('',(49.,-159.875,0.));
#14409 = CIRCLE('',#14410,0.375);
#14410 = AXIS2_PLACEMENT_3D('',#14411,#14412,#14413);
#14411 = CARTESIAN_POINT('',(49.,-159.5,0.));
#14412 = DIRECTION('',(-0.,0.,-1.));
#14413 = DIRECTION('',(-0.,-1.,0.));
#14414 = FACE_BOUND('',#14415,.F.);
#14415 = EDGE_LOOP('',(#14416));
#14416 = ORIENTED_EDGE('',*,*,#14417,.T.);
#14417 = EDGE_CURVE('',#14418,#14418,#14420,.T.);
#14418 = VERTEX_POINT('',#14419);
#14419 = CARTESIAN_POINT('',(49.,-157.875,0.));
#14420 = CIRCLE('',#14421,0.375);
#14421 = AXIS2_PLACEMENT_3D('',#14422,#14423,#14424);
#14422 = CARTESIAN_POINT('',(49.,-157.5,0.));
#14423 = DIRECTION('',(-0.,0.,-1.));
#14424 = DIRECTION('',(-0.,-1.,0.));
#14425 = FACE_BOUND('',#14426,.F.);
#14426 = EDGE_LOOP('',(#14427));
#14427 = ORIENTED_EDGE('',*,*,#14428,.T.);
#14428 = EDGE_CURVE('',#14429,#14429,#14431,.T.);
#14429 = VERTEX_POINT('',#14430);
#14430 = CARTESIAN_POINT('',(49.,-155.875,0.));
#14431 = CIRCLE('',#14432,0.375);
#14432 = AXIS2_PLACEMENT_3D('',#14433,#14434,#14435);
#14433 = CARTESIAN_POINT('',(49.,-155.5,0.));
#14434 = DIRECTION('',(-0.,0.,-1.));
#14435 = DIRECTION('',(-0.,-1.,0.));
#14436 = FACE_BOUND('',#14437,.F.);
#14437 = EDGE_LOOP('',(#14438));
#14438 = ORIENTED_EDGE('',*,*,#14439,.T.);
#14439 = EDGE_CURVE('',#14440,#14440,#14442,.T.);
#14440 = VERTEX_POINT('',#14441);
#14441 = CARTESIAN_POINT('',(49.,-153.875,0.));
#14442 = CIRCLE('',#14443,0.375);
#14443 = AXIS2_PLACEMENT_3D('',#14444,#14445,#14446);
#14444 = CARTESIAN_POINT('',(49.,-153.5,0.));
#14445 = DIRECTION('',(-0.,0.,-1.));
#14446 = DIRECTION('',(-0.,-1.,0.));
#14447 = FACE_BOUND('',#14448,.F.);
#14448 = EDGE_LOOP('',(#14449));
#14449 = ORIENTED_EDGE('',*,*,#14450,.T.);
#14450 = EDGE_CURVE('',#14451,#14451,#14453,.T.);
#14451 = VERTEX_POINT('',#14452);
#14452 = CARTESIAN_POINT('',(19.5,-142.1,0.));
#14453 = CIRCLE('',#14454,1.1);
#14454 = AXIS2_PLACEMENT_3D('',#14455,#14456,#14457);
#14455 = CARTESIAN_POINT('',(19.5,-141.,0.));
#14456 = DIRECTION('',(-0.,0.,-1.));
#14457 = DIRECTION('',(-0.,-1.,0.));
#14458 = FACE_BOUND('',#14459,.F.);
#14459 = EDGE_LOOP('',(#14460));
#14460 = ORIENTED_EDGE('',*,*,#14461,.T.);
#14461 = EDGE_CURVE('',#14462,#14462,#14464,.T.);
#14462 = VERTEX_POINT('',#14463);
#14463 = CARTESIAN_POINT('',(49.,-151.875,0.));
#14464 = CIRCLE('',#14465,0.375);
#14465 = AXIS2_PLACEMENT_3D('',#14466,#14467,#14468);
#14466 = CARTESIAN_POINT('',(49.,-151.5,0.));
#14467 = DIRECTION('',(-0.,0.,-1.));
#14468 = DIRECTION('',(-0.,-1.,0.));
#14469 = FACE_BOUND('',#14470,.F.);
#14470 = EDGE_LOOP('',(#14471));
#14471 = ORIENTED_EDGE('',*,*,#14472,.T.);
#14472 = EDGE_CURVE('',#14473,#14473,#14475,.T.);
#14473 = VERTEX_POINT('',#14474);
#14474 = CARTESIAN_POINT('',(49.,-149.875,0.));
#14475 = CIRCLE('',#14476,0.375);
#14476 = AXIS2_PLACEMENT_3D('',#14477,#14478,#14479);
#14477 = CARTESIAN_POINT('',(49.,-149.5,0.));
#14478 = DIRECTION('',(-0.,0.,-1.));
#14479 = DIRECTION('',(-0.,-1.,0.));
#14480 = FACE_BOUND('',#14481,.F.);
#14481 = EDGE_LOOP('',(#14482));
#14482 = ORIENTED_EDGE('',*,*,#14483,.T.);
#14483 = EDGE_CURVE('',#14484,#14484,#14486,.T.);
#14484 = VERTEX_POINT('',#14485);
#14485 = CARTESIAN_POINT('',(49.,-147.875,0.));
#14486 = CIRCLE('',#14487,0.375);
#14487 = AXIS2_PLACEMENT_3D('',#14488,#14489,#14490);
#14488 = CARTESIAN_POINT('',(49.,-147.5,0.));
#14489 = DIRECTION('',(-0.,0.,-1.));
#14490 = DIRECTION('',(-0.,-1.,0.));
#14491 = FACE_BOUND('',#14492,.F.);
#14492 = EDGE_LOOP('',(#14493));
#14493 = ORIENTED_EDGE('',*,*,#14494,.T.);
#14494 = EDGE_CURVE('',#14495,#14495,#14497,.T.);
#14495 = VERTEX_POINT('',#14496);
#14496 = CARTESIAN_POINT('',(49.,-145.875,0.));
#14497 = CIRCLE('',#14498,0.375);
#14498 = AXIS2_PLACEMENT_3D('',#14499,#14500,#14501);
#14499 = CARTESIAN_POINT('',(49.,-145.5,0.));
#14500 = DIRECTION('',(-0.,0.,-1.));
#14501 = DIRECTION('',(-0.,-1.,0.));
#14502 = FACE_BOUND('',#14503,.F.);
#14503 = EDGE_LOOP('',(#14504));
#14504 = ORIENTED_EDGE('',*,*,#14505,.T.);
#14505 = EDGE_CURVE('',#14506,#14506,#14508,.T.);
#14506 = VERTEX_POINT('',#14507);
#14507 = CARTESIAN_POINT('',(60.,-146.425,0.));
#14508 = CIRCLE('',#14509,0.375);
#14509 = AXIS2_PLACEMENT_3D('',#14510,#14511,#14512);
#14510 = CARTESIAN_POINT('',(60.,-146.05,0.));
#14511 = DIRECTION('',(-0.,0.,-1.));
#14512 = DIRECTION('',(-0.,-1.,0.));
#14513 = FACE_BOUND('',#14514,.F.);
#14514 = EDGE_LOOP('',(#14515));
#14515 = ORIENTED_EDGE('',*,*,#14516,.T.);
#14516 = EDGE_CURVE('',#14517,#14517,#14519,.T.);
#14517 = VERTEX_POINT('',#14518);
#14518 = CARTESIAN_POINT('',(62.,-146.425,0.));
#14519 = CIRCLE('',#14520,0.375);
#14520 = AXIS2_PLACEMENT_3D('',#14521,#14522,#14523);
#14521 = CARTESIAN_POINT('',(62.,-146.05,0.));
#14522 = DIRECTION('',(-0.,0.,-1.));
#14523 = DIRECTION('',(-0.,-1.,0.));
#14524 = FACE_BOUND('',#14525,.F.);
#14525 = EDGE_LOOP('',(#14526));
#14526 = ORIENTED_EDGE('',*,*,#14527,.T.);
#14527 = EDGE_CURVE('',#14528,#14528,#14530,.T.);
#14528 = VERTEX_POINT('',#14529);
#14529 = CARTESIAN_POINT('',(120.,-142.1,0.));
#14530 = CIRCLE('',#14531,1.1);
#14531 = AXIS2_PLACEMENT_3D('',#14532,#14533,#14534);
#14532 = CARTESIAN_POINT('',(120.,-141.,0.));
#14533 = DIRECTION('',(-0.,0.,-1.));
#14534 = DIRECTION('',(-0.,-1.,0.));
#14535 = PLANE('',#14536);
#14536 = AXIS2_PLACEMENT_3D('',#14537,#14538,#14539);
#14537 = CARTESIAN_POINT('',(0.,0.,0.));
#14538 = DIRECTION('',(0.,0.,1.));
#14539 = DIRECTION('',(1.,0.,-0.));
#14540 = ADVANCED_FACE('',(#14541,#14587,#14598,#14609,#14620,#14631,
    #14642,#14653,#14664,#14675,#14686,#14697,#14708,#14719,#14730,
    #14741,#14752,#14763,#14774,#14785,#14796,#14807,#14818,#14829,
    #14840,#14851,#14862,#14873,#14884,#14895,#14906,#14917,#14928,
    #14939,#14950,#14961,#14972,#14983,#14994,#15005),#15016,.T.);
#14541 = FACE_BOUND('',#14542,.T.);
#14542 = EDGE_LOOP('',(#14543,#14544,#14545,#14554,#14562,#14571,#14579,
    #14586));
#14543 = ORIENTED_EDGE('',*,*,#13969,.F.);
#14544 = ORIENTED_EDGE('',*,*,#14011,.F.);
#14545 = ORIENTED_EDGE('',*,*,#14546,.F.);
#14546 = EDGE_CURVE('',#14547,#14004,#14549,.T.);
#14547 = VERTEX_POINT('',#14548);
#14548 = CARTESIAN_POINT('',(16.,-141.,1.51));
#14549 = CIRCLE('',#14550,3.499999092342);
#14550 = AXIS2_PLACEMENT_3D('',#14551,#14552,#14553);
#14551 = CARTESIAN_POINT('',(19.499999092342,-140.9999990923,1.51));
#14552 = DIRECTION('',(0.,0.,-1.));
#14553 = DIRECTION('',(-1.,-2.593310478154E-07,-0.));
#14554 = ORIENTED_EDGE('',*,*,#14555,.F.);
#14555 = EDGE_CURVE('',#14556,#14547,#14558,.T.);
#14556 = VERTEX_POINT('',#14557);
#14557 = CARTESIAN_POINT('',(16.,-190.,1.51));
#14558 = LINE('',#14559,#14560);
#14559 = CARTESIAN_POINT('',(16.,-190.,1.51));
#14560 = VECTOR('',#14561,1.);
#14561 = DIRECTION('',(0.,1.,0.));
#14562 = ORIENTED_EDGE('',*,*,#14563,.F.);
#14563 = EDGE_CURVE('',#14564,#14556,#14566,.T.);
#14564 = VERTEX_POINT('',#14565);
#14565 = CARTESIAN_POINT('',(19.5,-193.5,1.51));
#14566 = CIRCLE('',#14567,3.499999092342);
#14567 = AXIS2_PLACEMENT_3D('',#14568,#14569,#14570);
#14568 = CARTESIAN_POINT('',(19.499999092342,-190.0000009076,1.51));
#14569 = DIRECTION('',(0.,0.,-1.));
#14570 = DIRECTION('',(2.593310488305E-07,-1.,0.));
#14571 = ORIENTED_EDGE('',*,*,#14572,.F.);
#14572 = EDGE_CURVE('',#14573,#14564,#14575,.T.);
#14573 = VERTEX_POINT('',#14574);
#14574 = CARTESIAN_POINT('',(120.,-193.5,1.51));
#14575 = LINE('',#14576,#14577);
#14576 = CARTESIAN_POINT('',(120.,-193.5,1.51));
#14577 = VECTOR('',#14578,1.);
#14578 = DIRECTION('',(-1.,0.,0.));
#14579 = ORIENTED_EDGE('',*,*,#14580,.F.);
#14580 = EDGE_CURVE('',#14034,#14573,#14581,.T.);
#14581 = CIRCLE('',#14582,3.499999092342);
#14582 = AXIS2_PLACEMENT_3D('',#14583,#14584,#14585);
#14583 = CARTESIAN_POINT('',(120.00000090765,-190.0000009076,1.51));
#14584 = DIRECTION('',(0.,0.,-1.));
#14585 = DIRECTION('',(1.,2.593310478154E-07,0.));
#14586 = ORIENTED_EDGE('',*,*,#14033,.F.);
#14587 = FACE_BOUND('',#14588,.T.);
#14588 = EDGE_LOOP('',(#14589));
#14589 = ORIENTED_EDGE('',*,*,#14590,.T.);
#14590 = EDGE_CURVE('',#14591,#14591,#14593,.T.);
#14591 = VERTEX_POINT('',#14592);
#14592 = CARTESIAN_POINT('',(19.5,-191.1,1.51));
#14593 = CIRCLE('',#14594,1.1);
#14594 = AXIS2_PLACEMENT_3D('',#14595,#14596,#14597);
#14595 = CARTESIAN_POINT('',(19.5,-190.,1.51));
#14596 = DIRECTION('',(-0.,0.,-1.));
#14597 = DIRECTION('',(-0.,-1.,0.));
#14598 = FACE_BOUND('',#14599,.T.);
#14599 = EDGE_LOOP('',(#14600));
#14600 = ORIENTED_EDGE('',*,*,#14601,.T.);
#14601 = EDGE_CURVE('',#14602,#14602,#14604,.T.);
#14602 = VERTEX_POINT('',#14603);
#14603 = CARTESIAN_POINT('',(24.,-181.35,1.51));
#14604 = CIRCLE('',#14605,0.85);
#14605 = AXIS2_PLACEMENT_3D('',#14606,#14607,#14608);
#14606 = CARTESIAN_POINT('',(24.,-180.5,1.51));
#14607 = DIRECTION('',(-0.,0.,-1.));
#14608 = DIRECTION('',(-0.,-1.,0.));
#14609 = FACE_BOUND('',#14610,.T.);
#14610 = EDGE_LOOP('',(#14611));
#14611 = ORIENTED_EDGE('',*,*,#14612,.T.);
#14612 = EDGE_CURVE('',#14613,#14613,#14615,.T.);
#14613 = VERTEX_POINT('',#14614);
#14614 = CARTESIAN_POINT('',(29.08,-182.5,1.51));
#14615 = CIRCLE('',#14616,2.);
#14616 = AXIS2_PLACEMENT_3D('',#14617,#14618,#14619);
#14617 = CARTESIAN_POINT('',(29.08,-180.5,1.51));
#14618 = DIRECTION('',(-0.,0.,-1.));
#14619 = DIRECTION('',(-0.,-1.,0.));
#14620 = FACE_BOUND('',#14621,.T.);
#14621 = EDGE_LOOP('',(#14622));
#14622 = ORIENTED_EDGE('',*,*,#14623,.T.);
#14623 = EDGE_CURVE('',#14624,#14624,#14626,.T.);
#14624 = VERTEX_POINT('',#14625);
#14625 = CARTESIAN_POINT('',(34.16,-181.35,1.51));
#14626 = CIRCLE('',#14627,0.85);
#14627 = AXIS2_PLACEMENT_3D('',#14628,#14629,#14630);
#14628 = CARTESIAN_POINT('',(34.16,-180.5,1.51));
#14629 = DIRECTION('',(-0.,0.,-1.));
#14630 = DIRECTION('',(-0.,-1.,0.));
#14631 = FACE_BOUND('',#14632,.T.);
#14632 = EDGE_LOOP('',(#14633));
#14633 = ORIENTED_EDGE('',*,*,#14634,.T.);
#14634 = EDGE_CURVE('',#14635,#14635,#14637,.T.);
#14635 = VERTEX_POINT('',#14636);
#14636 = CARTESIAN_POINT('',(44.,-181.35,1.51));
#14637 = CIRCLE('',#14638,0.85);
#14638 = AXIS2_PLACEMENT_3D('',#14639,#14640,#14641);
#14639 = CARTESIAN_POINT('',(44.,-180.5,1.51));
#14640 = DIRECTION('',(-0.,0.,-1.));
#14641 = DIRECTION('',(-0.,-1.,0.));
#14642 = FACE_BOUND('',#14643,.T.);
#14643 = EDGE_LOOP('',(#14644));
#14644 = ORIENTED_EDGE('',*,*,#14645,.T.);
#14645 = EDGE_CURVE('',#14646,#14646,#14648,.T.);
#14646 = VERTEX_POINT('',#14647);
#14647 = CARTESIAN_POINT('',(49.08,-182.5,1.51));
#14648 = CIRCLE('',#14649,2.);
#14649 = AXIS2_PLACEMENT_3D('',#14650,#14651,#14652);
#14650 = CARTESIAN_POINT('',(49.08,-180.5,1.51));
#14651 = DIRECTION('',(-0.,0.,-1.));
#14652 = DIRECTION('',(-0.,-1.,0.));
#14653 = FACE_BOUND('',#14654,.T.);
#14654 = EDGE_LOOP('',(#14655));
#14655 = ORIENTED_EDGE('',*,*,#14656,.T.);
#14656 = EDGE_CURVE('',#14657,#14657,#14659,.T.);
#14657 = VERTEX_POINT('',#14658);
#14658 = CARTESIAN_POINT('',(54.16,-181.35,1.51));
#14659 = CIRCLE('',#14660,0.85);
#14660 = AXIS2_PLACEMENT_3D('',#14661,#14662,#14663);
#14661 = CARTESIAN_POINT('',(54.16,-180.5,1.51));
#14662 = DIRECTION('',(-0.,0.,-1.));
#14663 = DIRECTION('',(-0.,-1.,0.));
#14664 = FACE_BOUND('',#14665,.T.);
#14665 = EDGE_LOOP('',(#14666));
#14666 = ORIENTED_EDGE('',*,*,#14667,.T.);
#14667 = EDGE_CURVE('',#14668,#14668,#14670,.T.);
#14668 = VERTEX_POINT('',#14669);
#14669 = CARTESIAN_POINT('',(64.5,-181.35,1.51));
#14670 = CIRCLE('',#14671,0.85);
#14671 = AXIS2_PLACEMENT_3D('',#14672,#14673,#14674);
#14672 = CARTESIAN_POINT('',(64.5,-180.5,1.51));
#14673 = DIRECTION('',(-0.,0.,-1.));
#14674 = DIRECTION('',(-0.,-1.,0.));
#14675 = FACE_BOUND('',#14676,.T.);
#14676 = EDGE_LOOP('',(#14677));
#14677 = ORIENTED_EDGE('',*,*,#14678,.T.);
#14678 = EDGE_CURVE('',#14679,#14679,#14681,.T.);
#14679 = VERTEX_POINT('',#14680);
#14680 = CARTESIAN_POINT('',(69.58,-182.5,1.51));
#14681 = CIRCLE('',#14682,2.);
#14682 = AXIS2_PLACEMENT_3D('',#14683,#14684,#14685);
#14683 = CARTESIAN_POINT('',(69.58,-180.5,1.51));
#14684 = DIRECTION('',(-0.,0.,-1.));
#14685 = DIRECTION('',(-0.,-1.,0.));
#14686 = FACE_BOUND('',#14687,.T.);
#14687 = EDGE_LOOP('',(#14688));
#14688 = ORIENTED_EDGE('',*,*,#14689,.T.);
#14689 = EDGE_CURVE('',#14690,#14690,#14692,.T.);
#14690 = VERTEX_POINT('',#14691);
#14691 = CARTESIAN_POINT('',(25.27,-178.71,1.51));
#14692 = CIRCLE('',#14693,0.75);
#14693 = AXIS2_PLACEMENT_3D('',#14694,#14695,#14696);
#14694 = CARTESIAN_POINT('',(25.27,-177.96,1.51));
#14695 = DIRECTION('',(-0.,0.,-1.));
#14696 = DIRECTION('',(-0.,-1.,0.));
#14697 = FACE_BOUND('',#14698,.T.);
#14698 = EDGE_LOOP('',(#14699));
#14699 = ORIENTED_EDGE('',*,*,#14700,.T.);
#14700 = EDGE_CURVE('',#14701,#14701,#14703,.T.);
#14701 = VERTEX_POINT('',#14702);
#14702 = CARTESIAN_POINT('',(31.62,-176.17,1.51));
#14703 = CIRCLE('',#14704,0.75);
#14704 = AXIS2_PLACEMENT_3D('',#14705,#14706,#14707);
#14705 = CARTESIAN_POINT('',(31.62,-175.42,1.51));
#14706 = DIRECTION('',(-0.,0.,-1.));
#14707 = DIRECTION('',(4.736951571734E-15,-1.,-0.));
#14708 = FACE_BOUND('',#14709,.T.);
#14709 = EDGE_LOOP('',(#14710));
#14710 = ORIENTED_EDGE('',*,*,#14711,.T.);
#14711 = EDGE_CURVE('',#14712,#14712,#14714,.T.);
#14712 = VERTEX_POINT('',#14713);
#14713 = CARTESIAN_POINT('',(45.27,-178.71,1.51));
#14714 = CIRCLE('',#14715,0.75);
#14715 = AXIS2_PLACEMENT_3D('',#14716,#14717,#14718);
#14716 = CARTESIAN_POINT('',(45.27,-177.96,1.51));
#14717 = DIRECTION('',(-0.,0.,-1.));
#14718 = DIRECTION('',(-0.,-1.,0.));
#14719 = FACE_BOUND('',#14720,.T.);
#14720 = EDGE_LOOP('',(#14721));
#14721 = ORIENTED_EDGE('',*,*,#14722,.T.);
#14722 = EDGE_CURVE('',#14723,#14723,#14725,.T.);
#14723 = VERTEX_POINT('',#14724);
#14724 = CARTESIAN_POINT('',(51.62,-176.17,1.51));
#14725 = CIRCLE('',#14726,0.75);
#14726 = AXIS2_PLACEMENT_3D('',#14727,#14728,#14729);
#14727 = CARTESIAN_POINT('',(51.62,-175.42,1.51));
#14728 = DIRECTION('',(-0.,0.,-1.));
#14729 = DIRECTION('',(-0.,-1.,0.));
#14730 = FACE_BOUND('',#14731,.T.);
#14731 = EDGE_LOOP('',(#14732));
#14732 = ORIENTED_EDGE('',*,*,#14733,.T.);
#14733 = EDGE_CURVE('',#14734,#14734,#14736,.T.);
#14734 = VERTEX_POINT('',#14735);
#14735 = CARTESIAN_POINT('',(65.77,-178.71,1.51));
#14736 = CIRCLE('',#14737,0.75);
#14737 = AXIS2_PLACEMENT_3D('',#14738,#14739,#14740);
#14738 = CARTESIAN_POINT('',(65.77,-177.96,1.51));
#14739 = DIRECTION('',(-0.,0.,-1.));
#14740 = DIRECTION('',(-0.,-1.,0.));
#14741 = FACE_BOUND('',#14742,.T.);
#14742 = EDGE_LOOP('',(#14743));
#14743 = ORIENTED_EDGE('',*,*,#14744,.T.);
#14744 = EDGE_CURVE('',#14745,#14745,#14747,.T.);
#14745 = VERTEX_POINT('',#14746);
#14746 = CARTESIAN_POINT('',(74.66,-181.35,1.51));
#14747 = CIRCLE('',#14748,0.85);
#14748 = AXIS2_PLACEMENT_3D('',#14749,#14750,#14751);
#14749 = CARTESIAN_POINT('',(74.66,-180.5,1.51));
#14750 = DIRECTION('',(-0.,0.,-1.));
#14751 = DIRECTION('',(-0.,-1.,0.));
#14752 = FACE_BOUND('',#14753,.T.);
#14753 = EDGE_LOOP('',(#14754));
#14754 = ORIENTED_EDGE('',*,*,#14755,.T.);
#14755 = EDGE_CURVE('',#14756,#14756,#14758,.T.);
#14756 = VERTEX_POINT('',#14757);
#14757 = CARTESIAN_POINT('',(84.84,-181.35,1.51));
#14758 = CIRCLE('',#14759,0.85);
#14759 = AXIS2_PLACEMENT_3D('',#14760,#14761,#14762);
#14760 = CARTESIAN_POINT('',(84.84,-180.5,1.51));
#14761 = DIRECTION('',(-0.,0.,-1.));
#14762 = DIRECTION('',(-0.,-1.,0.));
#14763 = FACE_BOUND('',#14764,.T.);
#14764 = EDGE_LOOP('',(#14765));
#14765 = ORIENTED_EDGE('',*,*,#14766,.T.);
#14766 = EDGE_CURVE('',#14767,#14767,#14769,.T.);
#14767 = VERTEX_POINT('',#14768);
#14768 = CARTESIAN_POINT('',(89.92,-182.5,1.51));
#14769 = CIRCLE('',#14770,2.);
#14770 = AXIS2_PLACEMENT_3D('',#14771,#14772,#14773);
#14771 = CARTESIAN_POINT('',(89.92,-180.5,1.51));
#14772 = DIRECTION('',(-0.,0.,-1.));
#14773 = DIRECTION('',(-0.,-1.,0.));
#14774 = FACE_BOUND('',#14775,.T.);
#14775 = EDGE_LOOP('',(#14776));
#14776 = ORIENTED_EDGE('',*,*,#14777,.T.);
#14777 = EDGE_CURVE('',#14778,#14778,#14780,.T.);
#14778 = VERTEX_POINT('',#14779);
#14779 = CARTESIAN_POINT('',(95.,-181.35,1.51));
#14780 = CIRCLE('',#14781,0.85);
#14781 = AXIS2_PLACEMENT_3D('',#14782,#14783,#14784);
#14782 = CARTESIAN_POINT('',(95.,-180.5,1.51));
#14783 = DIRECTION('',(-0.,0.,-1.));
#14784 = DIRECTION('',(-0.,-1.,0.));
#14785 = FACE_BOUND('',#14786,.T.);
#14786 = EDGE_LOOP('',(#14787));
#14787 = ORIENTED_EDGE('',*,*,#14788,.T.);
#14788 = EDGE_CURVE('',#14789,#14789,#14791,.T.);
#14789 = VERTEX_POINT('',#14790);
#14790 = CARTESIAN_POINT('',(120.,-191.1,1.51));
#14791 = CIRCLE('',#14792,1.1);
#14792 = AXIS2_PLACEMENT_3D('',#14793,#14794,#14795);
#14793 = CARTESIAN_POINT('',(120.,-190.,1.51));
#14794 = DIRECTION('',(-0.,0.,-1.));
#14795 = DIRECTION('',(-0.,-1.,0.));
#14796 = FACE_BOUND('',#14797,.T.);
#14797 = EDGE_LOOP('',(#14798));
#14798 = ORIENTED_EDGE('',*,*,#14799,.T.);
#14799 = EDGE_CURVE('',#14800,#14800,#14802,.T.);
#14800 = VERTEX_POINT('',#14801);
#14801 = CARTESIAN_POINT('',(105.34,-181.35,1.51));
#14802 = CIRCLE('',#14803,0.85);
#14803 = AXIS2_PLACEMENT_3D('',#14804,#14805,#14806);
#14804 = CARTESIAN_POINT('',(105.34,-180.5,1.51));
#14805 = DIRECTION('',(-0.,0.,-1.));
#14806 = DIRECTION('',(-0.,-1.,0.));
#14807 = FACE_BOUND('',#14808,.T.);
#14808 = EDGE_LOOP('',(#14809));
#14809 = ORIENTED_EDGE('',*,*,#14810,.T.);
#14810 = EDGE_CURVE('',#14811,#14811,#14813,.T.);
#14811 = VERTEX_POINT('',#14812);
#14812 = CARTESIAN_POINT('',(110.42,-182.5,1.51));
#14813 = CIRCLE('',#14814,2.);
#14814 = AXIS2_PLACEMENT_3D('',#14815,#14816,#14817);
#14815 = CARTESIAN_POINT('',(110.42,-180.5,1.51));
#14816 = DIRECTION('',(-0.,0.,-1.));
#14817 = DIRECTION('',(-0.,-1.,0.));
#14818 = FACE_BOUND('',#14819,.T.);
#14819 = EDGE_LOOP('',(#14820));
#14820 = ORIENTED_EDGE('',*,*,#14821,.T.);
#14821 = EDGE_CURVE('',#14822,#14822,#14824,.T.);
#14822 = VERTEX_POINT('',#14823);
#14823 = CARTESIAN_POINT('',(115.5,-181.35,1.51));
#14824 = CIRCLE('',#14825,0.85);
#14825 = AXIS2_PLACEMENT_3D('',#14826,#14827,#14828);
#14826 = CARTESIAN_POINT('',(115.5,-180.5,1.51));
#14827 = DIRECTION('',(-0.,0.,-1.));
#14828 = DIRECTION('',(-0.,-1.,0.));
#14829 = FACE_BOUND('',#14830,.T.);
#14830 = EDGE_LOOP('',(#14831));
#14831 = ORIENTED_EDGE('',*,*,#14832,.T.);
#14832 = EDGE_CURVE('',#14833,#14833,#14835,.T.);
#14833 = VERTEX_POINT('',#14834);
#14834 = CARTESIAN_POINT('',(72.12,-176.17,1.51));
#14835 = CIRCLE('',#14836,0.75);
#14836 = AXIS2_PLACEMENT_3D('',#14837,#14838,#14839);
#14837 = CARTESIAN_POINT('',(72.12,-175.42,1.51));
#14838 = DIRECTION('',(-0.,0.,-1.));
#14839 = DIRECTION('',(-0.,-1.,0.));
#14840 = FACE_BOUND('',#14841,.T.);
#14841 = EDGE_LOOP('',(#14842));
#14842 = ORIENTED_EDGE('',*,*,#14843,.T.);
#14843 = EDGE_CURVE('',#14844,#14844,#14846,.T.);
#14844 = VERTEX_POINT('',#14845);
#14845 = CARTESIAN_POINT('',(86.11,-178.71,1.51));
#14846 = CIRCLE('',#14847,0.75);
#14847 = AXIS2_PLACEMENT_3D('',#14848,#14849,#14850);
#14848 = CARTESIAN_POINT('',(86.11,-177.96,1.51));
#14849 = DIRECTION('',(-0.,0.,-1.));
#14850 = DIRECTION('',(-0.,-1.,0.));
#14851 = FACE_BOUND('',#14852,.T.);
#14852 = EDGE_LOOP('',(#14853));
#14853 = ORIENTED_EDGE('',*,*,#14854,.T.);
#14854 = EDGE_CURVE('',#14855,#14855,#14857,.T.);
#14855 = VERTEX_POINT('',#14856);
#14856 = CARTESIAN_POINT('',(92.46,-176.17,1.51));
#14857 = CIRCLE('',#14858,0.75);
#14858 = AXIS2_PLACEMENT_3D('',#14859,#14860,#14861);
#14859 = CARTESIAN_POINT('',(92.46,-175.42,1.51));
#14860 = DIRECTION('',(-0.,0.,-1.));
#14861 = DIRECTION('',(-0.,-1.,0.));
#14862 = FACE_BOUND('',#14863,.T.);
#14863 = EDGE_LOOP('',(#14864));
#14864 = ORIENTED_EDGE('',*,*,#14865,.T.);
#14865 = EDGE_CURVE('',#14866,#14866,#14868,.T.);
#14866 = VERTEX_POINT('',#14867);
#14867 = CARTESIAN_POINT('',(106.61,-178.71,1.51));
#14868 = CIRCLE('',#14869,0.75);
#14869 = AXIS2_PLACEMENT_3D('',#14870,#14871,#14872);
#14870 = CARTESIAN_POINT('',(106.61,-177.96,1.51));
#14871 = DIRECTION('',(-0.,0.,-1.));
#14872 = DIRECTION('',(-0.,-1.,0.));
#14873 = FACE_BOUND('',#14874,.T.);
#14874 = EDGE_LOOP('',(#14875));
#14875 = ORIENTED_EDGE('',*,*,#14876,.T.);
#14876 = EDGE_CURVE('',#14877,#14877,#14879,.T.);
#14877 = VERTEX_POINT('',#14878);
#14878 = CARTESIAN_POINT('',(112.96,-176.17,1.51));
#14879 = CIRCLE('',#14880,0.75);
#14880 = AXIS2_PLACEMENT_3D('',#14881,#14882,#14883);
#14881 = CARTESIAN_POINT('',(112.96,-175.42,1.51));
#14882 = DIRECTION('',(-0.,0.,-1.));
#14883 = DIRECTION('',(-0.,-1.,0.));
#14884 = FACE_BOUND('',#14885,.T.);
#14885 = EDGE_LOOP('',(#14886));
#14886 = ORIENTED_EDGE('',*,*,#14887,.T.);
#14887 = EDGE_CURVE('',#14888,#14888,#14890,.T.);
#14888 = VERTEX_POINT('',#14889);
#14889 = CARTESIAN_POINT('',(49.,-159.875,1.51));
#14890 = CIRCLE('',#14891,0.375);
#14891 = AXIS2_PLACEMENT_3D('',#14892,#14893,#14894);
#14892 = CARTESIAN_POINT('',(49.,-159.5,1.51));
#14893 = DIRECTION('',(-0.,0.,-1.));
#14894 = DIRECTION('',(-0.,-1.,0.));
#14895 = FACE_BOUND('',#14896,.T.);
#14896 = EDGE_LOOP('',(#14897));
#14897 = ORIENTED_EDGE('',*,*,#14898,.T.);
#14898 = EDGE_CURVE('',#14899,#14899,#14901,.T.);
#14899 = VERTEX_POINT('',#14900);
#14900 = CARTESIAN_POINT('',(49.,-157.875,1.51));
#14901 = CIRCLE('',#14902,0.375);
#14902 = AXIS2_PLACEMENT_3D('',#14903,#14904,#14905);
#14903 = CARTESIAN_POINT('',(49.,-157.5,1.51));
#14904 = DIRECTION('',(-0.,0.,-1.));
#14905 = DIRECTION('',(-0.,-1.,0.));
#14906 = FACE_BOUND('',#14907,.T.);
#14907 = EDGE_LOOP('',(#14908));
#14908 = ORIENTED_EDGE('',*,*,#14909,.T.);
#14909 = EDGE_CURVE('',#14910,#14910,#14912,.T.);
#14910 = VERTEX_POINT('',#14911);
#14911 = CARTESIAN_POINT('',(49.,-155.875,1.51));
#14912 = CIRCLE('',#14913,0.375);
#14913 = AXIS2_PLACEMENT_3D('',#14914,#14915,#14916);
#14914 = CARTESIAN_POINT('',(49.,-155.5,1.51));
#14915 = DIRECTION('',(-0.,0.,-1.));
#14916 = DIRECTION('',(-0.,-1.,0.));
#14917 = FACE_BOUND('',#14918,.T.);
#14918 = EDGE_LOOP('',(#14919));
#14919 = ORIENTED_EDGE('',*,*,#14920,.T.);
#14920 = EDGE_CURVE('',#14921,#14921,#14923,.T.);
#14921 = VERTEX_POINT('',#14922);
#14922 = CARTESIAN_POINT('',(49.,-153.875,1.51));
#14923 = CIRCLE('',#14924,0.375);
#14924 = AXIS2_PLACEMENT_3D('',#14925,#14926,#14927);
#14925 = CARTESIAN_POINT('',(49.,-153.5,1.51));
#14926 = DIRECTION('',(-0.,0.,-1.));
#14927 = DIRECTION('',(-0.,-1.,0.));
#14928 = FACE_BOUND('',#14929,.T.);
#14929 = EDGE_LOOP('',(#14930));
#14930 = ORIENTED_EDGE('',*,*,#14931,.T.);
#14931 = EDGE_CURVE('',#14932,#14932,#14934,.T.);
#14932 = VERTEX_POINT('',#14933);
#14933 = CARTESIAN_POINT('',(19.5,-142.1,1.51));
#14934 = CIRCLE('',#14935,1.1);
#14935 = AXIS2_PLACEMENT_3D('',#14936,#14937,#14938);
#14936 = CARTESIAN_POINT('',(19.5,-141.,1.51));
#14937 = DIRECTION('',(-0.,0.,-1.));
#14938 = DIRECTION('',(-0.,-1.,0.));
#14939 = FACE_BOUND('',#14940,.T.);
#14940 = EDGE_LOOP('',(#14941));
#14941 = ORIENTED_EDGE('',*,*,#14942,.T.);
#14942 = EDGE_CURVE('',#14943,#14943,#14945,.T.);
#14943 = VERTEX_POINT('',#14944);
#14944 = CARTESIAN_POINT('',(49.,-151.875,1.51));
#14945 = CIRCLE('',#14946,0.375);
#14946 = AXIS2_PLACEMENT_3D('',#14947,#14948,#14949);
#14947 = CARTESIAN_POINT('',(49.,-151.5,1.51));
#14948 = DIRECTION('',(-0.,0.,-1.));
#14949 = DIRECTION('',(-0.,-1.,0.));
#14950 = FACE_BOUND('',#14951,.T.);
#14951 = EDGE_LOOP('',(#14952));
#14952 = ORIENTED_EDGE('',*,*,#14953,.T.);
#14953 = EDGE_CURVE('',#14954,#14954,#14956,.T.);
#14954 = VERTEX_POINT('',#14955);
#14955 = CARTESIAN_POINT('',(49.,-149.875,1.51));
#14956 = CIRCLE('',#14957,0.375);
#14957 = AXIS2_PLACEMENT_3D('',#14958,#14959,#14960);
#14958 = CARTESIAN_POINT('',(49.,-149.5,1.51));
#14959 = DIRECTION('',(-0.,0.,-1.));
#14960 = DIRECTION('',(-0.,-1.,0.));
#14961 = FACE_BOUND('',#14962,.T.);
#14962 = EDGE_LOOP('',(#14963));
#14963 = ORIENTED_EDGE('',*,*,#14964,.T.);
#14964 = EDGE_CURVE('',#14965,#14965,#14967,.T.);
#14965 = VERTEX_POINT('',#14966);
#14966 = CARTESIAN_POINT('',(49.,-147.875,1.51));
#14967 = CIRCLE('',#14968,0.375);
#14968 = AXIS2_PLACEMENT_3D('',#14969,#14970,#14971);
#14969 = CARTESIAN_POINT('',(49.,-147.5,1.51));
#14970 = DIRECTION('',(-0.,0.,-1.));
#14971 = DIRECTION('',(-0.,-1.,0.));
#14972 = FACE_BOUND('',#14973,.T.);
#14973 = EDGE_LOOP('',(#14974));
#14974 = ORIENTED_EDGE('',*,*,#14975,.T.);
#14975 = EDGE_CURVE('',#14976,#14976,#14978,.T.);
#14976 = VERTEX_POINT('',#14977);
#14977 = CARTESIAN_POINT('',(49.,-145.875,1.51));
#14978 = CIRCLE('',#14979,0.375);
#14979 = AXIS2_PLACEMENT_3D('',#14980,#14981,#14982);
#14980 = CARTESIAN_POINT('',(49.,-145.5,1.51));
#14981 = DIRECTION('',(-0.,0.,-1.));
#14982 = DIRECTION('',(-0.,-1.,0.));
#14983 = FACE_BOUND('',#14984,.T.);
#14984 = EDGE_LOOP('',(#14985));
#14985 = ORIENTED_EDGE('',*,*,#14986,.T.);
#14986 = EDGE_CURVE('',#14987,#14987,#14989,.T.);
#14987 = VERTEX_POINT('',#14988);
#14988 = CARTESIAN_POINT('',(60.,-146.425,1.51));
#14989 = CIRCLE('',#14990,0.375);
#14990 = AXIS2_PLACEMENT_3D('',#14991,#14992,#14993);
#14991 = CARTESIAN_POINT('',(60.,-146.05,1.51));
#14992 = DIRECTION('',(-0.,0.,-1.));
#14993 = DIRECTION('',(-0.,-1.,0.));
#14994 = FACE_BOUND('',#14995,.T.);
#14995 = EDGE_LOOP('',(#14996));
#14996 = ORIENTED_EDGE('',*,*,#14997,.T.);
#14997 = EDGE_CURVE('',#14998,#14998,#15000,.T.);
#14998 = VERTEX_POINT('',#14999);
#14999 = CARTESIAN_POINT('',(62.,-146.425,1.51));
#15000 = CIRCLE('',#15001,0.375);
#15001 = AXIS2_PLACEMENT_3D('',#15002,#15003,#15004);
#15002 = CARTESIAN_POINT('',(62.,-146.05,1.51));
#15003 = DIRECTION('',(-0.,0.,-1.));
#15004 = DIRECTION('',(-0.,-1.,0.));
#15005 = FACE_BOUND('',#15006,.T.);
#15006 = EDGE_LOOP('',(#15007));
#15007 = ORIENTED_EDGE('',*,*,#15008,.T.);
#15008 = EDGE_CURVE('',#15009,#15009,#15011,.T.);
#15009 = VERTEX_POINT('',#15010);
#15010 = CARTESIAN_POINT('',(120.,-142.1,1.51));
#15011 = CIRCLE('',#15012,1.1);
#15012 = AXIS2_PLACEMENT_3D('',#15013,#15014,#15015);
#15013 = CARTESIAN_POINT('',(120.,-141.,1.51));
#15014 = DIRECTION('',(-0.,0.,-1.));
#15015 = DIRECTION('',(-0.,-1.,0.));
#15016 = PLANE('',#15017);
#15017 = AXIS2_PLACEMENT_3D('',#15018,#15019,#15020);
#15018 = CARTESIAN_POINT('',(0.,0.,1.51));
#15019 = DIRECTION('',(0.,0.,1.));
#15020 = DIRECTION('',(1.,0.,-0.));
#15021 = ADVANCED_FACE('',(#15022),#15033,.T.);
#15022 = FACE_BOUND('',#15023,.T.);
#15023 = EDGE_LOOP('',(#15024,#15030,#15031,#15032));
#15024 = ORIENTED_EDGE('',*,*,#15025,.T.);
#15025 = EDGE_CURVE('',#14066,#14547,#15026,.T.);
#15026 = LINE('',#15027,#15028);
#15027 = CARTESIAN_POINT('',(16.,-141.,0.));
#15028 = VECTOR('',#15029,1.);
#15029 = DIRECTION('',(0.,0.,1.));
#15030 = ORIENTED_EDGE('',*,*,#14546,.T.);
#15031 = ORIENTED_EDGE('',*,*,#14001,.F.);
#15032 = ORIENTED_EDGE('',*,*,#14065,.F.);
#15033 = CYLINDRICAL_SURFACE('',#15034,3.499999092342);
#15034 = AXIS2_PLACEMENT_3D('',#15035,#15036,#15037);
#15035 = CARTESIAN_POINT('',(19.499999092342,-140.9999990923,0.));
#15036 = DIRECTION('',(0.,0.,-1.));
#15037 = DIRECTION('',(-1.,-2.593310478154E-07,-0.));
#15038 = ADVANCED_FACE('',(#15039),#15050,.T.);
#15039 = FACE_BOUND('',#15040,.T.);
#15040 = EDGE_LOOP('',(#15041,#15042,#15043,#15049));
#15041 = ORIENTED_EDGE('',*,*,#14041,.T.);
#15042 = ORIENTED_EDGE('',*,*,#14580,.T.);
#15043 = ORIENTED_EDGE('',*,*,#15044,.F.);
#15044 = EDGE_CURVE('',#14092,#14573,#15045,.T.);
#15045 = LINE('',#15046,#15047);
#15046 = CARTESIAN_POINT('',(120.,-193.5,0.));
#15047 = VECTOR('',#15048,1.);
#15048 = DIRECTION('',(0.,0.,1.));
#15049 = ORIENTED_EDGE('',*,*,#14099,.F.);
#15050 = CYLINDRICAL_SURFACE('',#15051,3.499999092342);
#15051 = AXIS2_PLACEMENT_3D('',#15052,#15053,#15054);
#15052 = CARTESIAN_POINT('',(120.00000090765,-190.0000009076,0.));
#15053 = DIRECTION('',(0.,0.,-1.));
#15054 = DIRECTION('',(1.,2.593310478154E-07,0.));
#15055 = ADVANCED_FACE('',(#15056),#15067,.T.);
#15056 = FACE_BOUND('',#15057,.T.);
#15057 = EDGE_LOOP('',(#15058,#15064,#15065,#15066));
#15058 = ORIENTED_EDGE('',*,*,#15059,.T.);
#15059 = EDGE_CURVE('',#14075,#14556,#15060,.T.);
#15060 = LINE('',#15061,#15062);
#15061 = CARTESIAN_POINT('',(16.,-190.,0.));
#15062 = VECTOR('',#15063,1.);
#15063 = DIRECTION('',(0.,0.,1.));
#15064 = ORIENTED_EDGE('',*,*,#14555,.T.);
#15065 = ORIENTED_EDGE('',*,*,#15025,.F.);
#15066 = ORIENTED_EDGE('',*,*,#14074,.F.);
#15067 = PLANE('',#15068);
#15068 = AXIS2_PLACEMENT_3D('',#15069,#15070,#15071);
#15069 = CARTESIAN_POINT('',(16.,-190.,0.));
#15070 = DIRECTION('',(-1.,0.,0.));
#15071 = DIRECTION('',(0.,1.,0.));
#15072 = ADVANCED_FACE('',(#15073),#15084,.T.);
#15073 = FACE_BOUND('',#15074,.T.);
#15074 = EDGE_LOOP('',(#15075,#15076,#15077,#15083));
#15075 = ORIENTED_EDGE('',*,*,#15044,.T.);
#15076 = ORIENTED_EDGE('',*,*,#14572,.T.);
#15077 = ORIENTED_EDGE('',*,*,#15078,.F.);
#15078 = EDGE_CURVE('',#14083,#14564,#15079,.T.);
#15079 = LINE('',#15080,#15081);
#15080 = CARTESIAN_POINT('',(19.5,-193.5,0.));
#15081 = VECTOR('',#15082,1.);
#15082 = DIRECTION('',(0.,0.,1.));
#15083 = ORIENTED_EDGE('',*,*,#14091,.F.);
#15084 = PLANE('',#15085);
#15085 = AXIS2_PLACEMENT_3D('',#15086,#15087,#15088);
#15086 = CARTESIAN_POINT('',(120.,-193.5,0.));
#15087 = DIRECTION('',(0.,-1.,0.));
#15088 = DIRECTION('',(-1.,0.,0.));
#15089 = ADVANCED_FACE('',(#15090),#15096,.T.);
#15090 = FACE_BOUND('',#15091,.T.);
#15091 = EDGE_LOOP('',(#15092,#15093,#15094,#15095));
#15092 = ORIENTED_EDGE('',*,*,#15078,.T.);
#15093 = ORIENTED_EDGE('',*,*,#14563,.T.);
#15094 = ORIENTED_EDGE('',*,*,#15059,.F.);
#15095 = ORIENTED_EDGE('',*,*,#14082,.F.);
#15096 = CYLINDRICAL_SURFACE('',#15097,3.499999092342);
#15097 = AXIS2_PLACEMENT_3D('',#15098,#15099,#15100);
#15098 = CARTESIAN_POINT('',(19.499999092342,-190.0000009076,0.));
#15099 = DIRECTION('',(0.,0.,-1.));
#15100 = DIRECTION('',(2.593310488305E-07,-1.,0.));
#15101 = ADVANCED_FACE('',(#15102),#15113,.F.);
#15102 = FACE_BOUND('',#15103,.T.);
#15103 = EDGE_LOOP('',(#15104,#15105,#15111,#15112));
#15104 = ORIENTED_EDGE('',*,*,#14109,.T.);
#15105 = ORIENTED_EDGE('',*,*,#15106,.T.);
#15106 = EDGE_CURVE('',#14110,#14591,#15107,.T.);
#15107 = LINE('',#15108,#15109);
#15108 = CARTESIAN_POINT('',(19.5,-191.1,-4.6E-02));
#15109 = VECTOR('',#15110,1.);
#15110 = DIRECTION('',(0.,0.,1.));
#15111 = ORIENTED_EDGE('',*,*,#14590,.F.);
#15112 = ORIENTED_EDGE('',*,*,#15106,.F.);
#15113 = CYLINDRICAL_SURFACE('',#15114,1.1);
#15114 = AXIS2_PLACEMENT_3D('',#15115,#15116,#15117);
#15115 = CARTESIAN_POINT('',(19.5,-190.,-4.6E-02));
#15116 = DIRECTION('',(-0.,-0.,-1.));
#15117 = DIRECTION('',(-0.,-1.,0.));
#15118 = ADVANCED_FACE('',(#15119),#15130,.F.);
#15119 = FACE_BOUND('',#15120,.T.);
#15120 = EDGE_LOOP('',(#15121,#15122,#15128,#15129));
#15121 = ORIENTED_EDGE('',*,*,#14120,.T.);
#15122 = ORIENTED_EDGE('',*,*,#15123,.T.);
#15123 = EDGE_CURVE('',#14121,#14602,#15124,.T.);
#15124 = LINE('',#15125,#15126);
#15125 = CARTESIAN_POINT('',(24.,-181.35,-4.6E-02));
#15126 = VECTOR('',#15127,1.);
#15127 = DIRECTION('',(0.,0.,1.));
#15128 = ORIENTED_EDGE('',*,*,#14601,.F.);
#15129 = ORIENTED_EDGE('',*,*,#15123,.F.);
#15130 = CYLINDRICAL_SURFACE('',#15131,0.85);
#15131 = AXIS2_PLACEMENT_3D('',#15132,#15133,#15134);
#15132 = CARTESIAN_POINT('',(24.,-180.5,-4.6E-02));
#15133 = DIRECTION('',(-0.,-0.,-1.));
#15134 = DIRECTION('',(-0.,-1.,0.));
#15135 = ADVANCED_FACE('',(#15136),#15147,.F.);
#15136 = FACE_BOUND('',#15137,.T.);
#15137 = EDGE_LOOP('',(#15138,#15139,#15145,#15146));
#15138 = ORIENTED_EDGE('',*,*,#14131,.T.);
#15139 = ORIENTED_EDGE('',*,*,#15140,.T.);
#15140 = EDGE_CURVE('',#14132,#14613,#15141,.T.);
#15141 = LINE('',#15142,#15143);
#15142 = CARTESIAN_POINT('',(29.08,-182.5,-4.6E-02));
#15143 = VECTOR('',#15144,1.);
#15144 = DIRECTION('',(0.,0.,1.));
#15145 = ORIENTED_EDGE('',*,*,#14612,.F.);
#15146 = ORIENTED_EDGE('',*,*,#15140,.F.);
#15147 = CYLINDRICAL_SURFACE('',#15148,2.);
#15148 = AXIS2_PLACEMENT_3D('',#15149,#15150,#15151);
#15149 = CARTESIAN_POINT('',(29.08,-180.5,-4.6E-02));
#15150 = DIRECTION('',(-0.,-0.,-1.));
#15151 = DIRECTION('',(-0.,-1.,0.));
#15152 = ADVANCED_FACE('',(#15153),#15164,.F.);
#15153 = FACE_BOUND('',#15154,.T.);
#15154 = EDGE_LOOP('',(#15155,#15156,#15162,#15163));
#15155 = ORIENTED_EDGE('',*,*,#14142,.T.);
#15156 = ORIENTED_EDGE('',*,*,#15157,.T.);
#15157 = EDGE_CURVE('',#14143,#14624,#15158,.T.);
#15158 = LINE('',#15159,#15160);
#15159 = CARTESIAN_POINT('',(34.16,-181.35,-4.6E-02));
#15160 = VECTOR('',#15161,1.);
#15161 = DIRECTION('',(0.,0.,1.));
#15162 = ORIENTED_EDGE('',*,*,#14623,.F.);
#15163 = ORIENTED_EDGE('',*,*,#15157,.F.);
#15164 = CYLINDRICAL_SURFACE('',#15165,0.85);
#15165 = AXIS2_PLACEMENT_3D('',#15166,#15167,#15168);
#15166 = CARTESIAN_POINT('',(34.16,-180.5,-4.6E-02));
#15167 = DIRECTION('',(-0.,-0.,-1.));
#15168 = DIRECTION('',(-0.,-1.,0.));
#15169 = ADVANCED_FACE('',(#15170),#15181,.F.);
#15170 = FACE_BOUND('',#15171,.T.);
#15171 = EDGE_LOOP('',(#15172,#15173,#15179,#15180));
#15172 = ORIENTED_EDGE('',*,*,#14153,.T.);
#15173 = ORIENTED_EDGE('',*,*,#15174,.T.);
#15174 = EDGE_CURVE('',#14154,#14635,#15175,.T.);
#15175 = LINE('',#15176,#15177);
#15176 = CARTESIAN_POINT('',(44.,-181.35,-4.6E-02));
#15177 = VECTOR('',#15178,1.);
#15178 = DIRECTION('',(0.,0.,1.));
#15179 = ORIENTED_EDGE('',*,*,#14634,.F.);
#15180 = ORIENTED_EDGE('',*,*,#15174,.F.);
#15181 = CYLINDRICAL_SURFACE('',#15182,0.85);
#15182 = AXIS2_PLACEMENT_3D('',#15183,#15184,#15185);
#15183 = CARTESIAN_POINT('',(44.,-180.5,-4.6E-02));
#15184 = DIRECTION('',(-0.,-0.,-1.));
#15185 = DIRECTION('',(-0.,-1.,0.));
#15186 = ADVANCED_FACE('',(#15187),#15198,.F.);
#15187 = FACE_BOUND('',#15188,.T.);
#15188 = EDGE_LOOP('',(#15189,#15190,#15196,#15197));
#15189 = ORIENTED_EDGE('',*,*,#14164,.T.);
#15190 = ORIENTED_EDGE('',*,*,#15191,.T.);
#15191 = EDGE_CURVE('',#14165,#14646,#15192,.T.);
#15192 = LINE('',#15193,#15194);
#15193 = CARTESIAN_POINT('',(49.08,-182.5,-4.6E-02));
#15194 = VECTOR('',#15195,1.);
#15195 = DIRECTION('',(0.,0.,1.));
#15196 = ORIENTED_EDGE('',*,*,#14645,.F.);
#15197 = ORIENTED_EDGE('',*,*,#15191,.F.);
#15198 = CYLINDRICAL_SURFACE('',#15199,2.);
#15199 = AXIS2_PLACEMENT_3D('',#15200,#15201,#15202);
#15200 = CARTESIAN_POINT('',(49.08,-180.5,-4.6E-02));
#15201 = DIRECTION('',(-0.,-0.,-1.));
#15202 = DIRECTION('',(-0.,-1.,0.));
#15203 = ADVANCED_FACE('',(#15204),#15215,.F.);
#15204 = FACE_BOUND('',#15205,.T.);
#15205 = EDGE_LOOP('',(#15206,#15207,#15213,#15214));
#15206 = ORIENTED_EDGE('',*,*,#14175,.T.);
#15207 = ORIENTED_EDGE('',*,*,#15208,.T.);
#15208 = EDGE_CURVE('',#14176,#14657,#15209,.T.);
#15209 = LINE('',#15210,#15211);
#15210 = CARTESIAN_POINT('',(54.16,-181.35,-4.6E-02));
#15211 = VECTOR('',#15212,1.);
#15212 = DIRECTION('',(0.,0.,1.));
#15213 = ORIENTED_EDGE('',*,*,#14656,.F.);
#15214 = ORIENTED_EDGE('',*,*,#15208,.F.);
#15215 = CYLINDRICAL_SURFACE('',#15216,0.85);
#15216 = AXIS2_PLACEMENT_3D('',#15217,#15218,#15219);
#15217 = CARTESIAN_POINT('',(54.16,-180.5,-4.6E-02));
#15218 = DIRECTION('',(-0.,-0.,-1.));
#15219 = DIRECTION('',(-0.,-1.,0.));
#15220 = ADVANCED_FACE('',(#15221),#15232,.F.);
#15221 = FACE_BOUND('',#15222,.T.);
#15222 = EDGE_LOOP('',(#15223,#15224,#15230,#15231));
#15223 = ORIENTED_EDGE('',*,*,#14186,.T.);
#15224 = ORIENTED_EDGE('',*,*,#15225,.T.);
#15225 = EDGE_CURVE('',#14187,#14668,#15226,.T.);
#15226 = LINE('',#15227,#15228);
#15227 = CARTESIAN_POINT('',(64.5,-181.35,-4.6E-02));
#15228 = VECTOR('',#15229,1.);
#15229 = DIRECTION('',(0.,0.,1.));
#15230 = ORIENTED_EDGE('',*,*,#14667,.F.);
#15231 = ORIENTED_EDGE('',*,*,#15225,.F.);
#15232 = CYLINDRICAL_SURFACE('',#15233,0.85);
#15233 = AXIS2_PLACEMENT_3D('',#15234,#15235,#15236);
#15234 = CARTESIAN_POINT('',(64.5,-180.5,-4.6E-02));
#15235 = DIRECTION('',(-0.,-0.,-1.));
#15236 = DIRECTION('',(-0.,-1.,0.));
#15237 = ADVANCED_FACE('',(#15238),#15249,.F.);
#15238 = FACE_BOUND('',#15239,.T.);
#15239 = EDGE_LOOP('',(#15240,#15241,#15247,#15248));
#15240 = ORIENTED_EDGE('',*,*,#14197,.T.);
#15241 = ORIENTED_EDGE('',*,*,#15242,.T.);
#15242 = EDGE_CURVE('',#14198,#14679,#15243,.T.);
#15243 = LINE('',#15244,#15245);
#15244 = CARTESIAN_POINT('',(69.58,-182.5,-4.6E-02));
#15245 = VECTOR('',#15246,1.);
#15246 = DIRECTION('',(0.,0.,1.));
#15247 = ORIENTED_EDGE('',*,*,#14678,.F.);
#15248 = ORIENTED_EDGE('',*,*,#15242,.F.);
#15249 = CYLINDRICAL_SURFACE('',#15250,2.);
#15250 = AXIS2_PLACEMENT_3D('',#15251,#15252,#15253);
#15251 = CARTESIAN_POINT('',(69.58,-180.5,-4.6E-02));
#15252 = DIRECTION('',(-0.,-0.,-1.));
#15253 = DIRECTION('',(-0.,-1.,0.));
#15254 = ADVANCED_FACE('',(#15255),#15266,.F.);
#15255 = FACE_BOUND('',#15256,.T.);
#15256 = EDGE_LOOP('',(#15257,#15258,#15264,#15265));
#15257 = ORIENTED_EDGE('',*,*,#14208,.T.);
#15258 = ORIENTED_EDGE('',*,*,#15259,.T.);
#15259 = EDGE_CURVE('',#14209,#14690,#15260,.T.);
#15260 = LINE('',#15261,#15262);
#15261 = CARTESIAN_POINT('',(25.27,-178.71,-4.6E-02));
#15262 = VECTOR('',#15263,1.);
#15263 = DIRECTION('',(0.,0.,1.));
#15264 = ORIENTED_EDGE('',*,*,#14689,.F.);
#15265 = ORIENTED_EDGE('',*,*,#15259,.F.);
#15266 = CYLINDRICAL_SURFACE('',#15267,0.75);
#15267 = AXIS2_PLACEMENT_3D('',#15268,#15269,#15270);
#15268 = CARTESIAN_POINT('',(25.27,-177.96,-4.6E-02));
#15269 = DIRECTION('',(-0.,-0.,-1.));
#15270 = DIRECTION('',(-0.,-1.,0.));
#15271 = ADVANCED_FACE('',(#15272),#15283,.F.);
#15272 = FACE_BOUND('',#15273,.T.);
#15273 = EDGE_LOOP('',(#15274,#15275,#15281,#15282));
#15274 = ORIENTED_EDGE('',*,*,#14219,.T.);
#15275 = ORIENTED_EDGE('',*,*,#15276,.T.);
#15276 = EDGE_CURVE('',#14220,#14701,#15277,.T.);
#15277 = LINE('',#15278,#15279);
#15278 = CARTESIAN_POINT('',(31.62,-176.17,-4.6E-02));
#15279 = VECTOR('',#15280,1.);
#15280 = DIRECTION('',(0.,0.,1.));
#15281 = ORIENTED_EDGE('',*,*,#14700,.F.);
#15282 = ORIENTED_EDGE('',*,*,#15276,.F.);
#15283 = CYLINDRICAL_SURFACE('',#15284,0.75);
#15284 = AXIS2_PLACEMENT_3D('',#15285,#15286,#15287);
#15285 = CARTESIAN_POINT('',(31.62,-175.42,-4.6E-02));
#15286 = DIRECTION('',(-0.,0.,-1.));
#15287 = DIRECTION('',(4.736951571734E-15,-1.,-0.));
#15288 = ADVANCED_FACE('',(#15289),#15300,.F.);
#15289 = FACE_BOUND('',#15290,.T.);
#15290 = EDGE_LOOP('',(#15291,#15292,#15298,#15299));
#15291 = ORIENTED_EDGE('',*,*,#14230,.T.);
#15292 = ORIENTED_EDGE('',*,*,#15293,.T.);
#15293 = EDGE_CURVE('',#14231,#14712,#15294,.T.);
#15294 = LINE('',#15295,#15296);
#15295 = CARTESIAN_POINT('',(45.27,-178.71,-4.6E-02));
#15296 = VECTOR('',#15297,1.);
#15297 = DIRECTION('',(0.,0.,1.));
#15298 = ORIENTED_EDGE('',*,*,#14711,.F.);
#15299 = ORIENTED_EDGE('',*,*,#15293,.F.);
#15300 = CYLINDRICAL_SURFACE('',#15301,0.75);
#15301 = AXIS2_PLACEMENT_3D('',#15302,#15303,#15304);
#15302 = CARTESIAN_POINT('',(45.27,-177.96,-4.6E-02));
#15303 = DIRECTION('',(-0.,-0.,-1.));
#15304 = DIRECTION('',(-0.,-1.,0.));
#15305 = ADVANCED_FACE('',(#15306),#15317,.F.);
#15306 = FACE_BOUND('',#15307,.T.);
#15307 = EDGE_LOOP('',(#15308,#15309,#15315,#15316));
#15308 = ORIENTED_EDGE('',*,*,#14241,.T.);
#15309 = ORIENTED_EDGE('',*,*,#15310,.T.);
#15310 = EDGE_CURVE('',#14242,#14723,#15311,.T.);
#15311 = LINE('',#15312,#15313);
#15312 = CARTESIAN_POINT('',(51.62,-176.17,-4.6E-02));
#15313 = VECTOR('',#15314,1.);
#15314 = DIRECTION('',(0.,0.,1.));
#15315 = ORIENTED_EDGE('',*,*,#14722,.F.);
#15316 = ORIENTED_EDGE('',*,*,#15310,.F.);
#15317 = CYLINDRICAL_SURFACE('',#15318,0.75);
#15318 = AXIS2_PLACEMENT_3D('',#15319,#15320,#15321);
#15319 = CARTESIAN_POINT('',(51.62,-175.42,-4.6E-02));
#15320 = DIRECTION('',(-0.,-0.,-1.));
#15321 = DIRECTION('',(-0.,-1.,0.));
#15322 = ADVANCED_FACE('',(#15323),#15334,.F.);
#15323 = FACE_BOUND('',#15324,.T.);
#15324 = EDGE_LOOP('',(#15325,#15326,#15332,#15333));
#15325 = ORIENTED_EDGE('',*,*,#14252,.T.);
#15326 = ORIENTED_EDGE('',*,*,#15327,.T.);
#15327 = EDGE_CURVE('',#14253,#14734,#15328,.T.);
#15328 = LINE('',#15329,#15330);
#15329 = CARTESIAN_POINT('',(65.77,-178.71,-4.6E-02));
#15330 = VECTOR('',#15331,1.);
#15331 = DIRECTION('',(0.,0.,1.));
#15332 = ORIENTED_EDGE('',*,*,#14733,.F.);
#15333 = ORIENTED_EDGE('',*,*,#15327,.F.);
#15334 = CYLINDRICAL_SURFACE('',#15335,0.75);
#15335 = AXIS2_PLACEMENT_3D('',#15336,#15337,#15338);
#15336 = CARTESIAN_POINT('',(65.77,-177.96,-4.6E-02));
#15337 = DIRECTION('',(-0.,-0.,-1.));
#15338 = DIRECTION('',(-0.,-1.,0.));
#15339 = ADVANCED_FACE('',(#15340),#15351,.F.);
#15340 = FACE_BOUND('',#15341,.T.);
#15341 = EDGE_LOOP('',(#15342,#15343,#15349,#15350));
#15342 = ORIENTED_EDGE('',*,*,#14263,.T.);
#15343 = ORIENTED_EDGE('',*,*,#15344,.T.);
#15344 = EDGE_CURVE('',#14264,#14745,#15345,.T.);
#15345 = LINE('',#15346,#15347);
#15346 = CARTESIAN_POINT('',(74.66,-181.35,-4.6E-02));
#15347 = VECTOR('',#15348,1.);
#15348 = DIRECTION('',(0.,0.,1.));
#15349 = ORIENTED_EDGE('',*,*,#14744,.F.);
#15350 = ORIENTED_EDGE('',*,*,#15344,.F.);
#15351 = CYLINDRICAL_SURFACE('',#15352,0.85);
#15352 = AXIS2_PLACEMENT_3D('',#15353,#15354,#15355);
#15353 = CARTESIAN_POINT('',(74.66,-180.5,-4.6E-02));
#15354 = DIRECTION('',(-0.,-0.,-1.));
#15355 = DIRECTION('',(-0.,-1.,0.));
#15356 = ADVANCED_FACE('',(#15357),#15368,.F.);
#15357 = FACE_BOUND('',#15358,.T.);
#15358 = EDGE_LOOP('',(#15359,#15360,#15366,#15367));
#15359 = ORIENTED_EDGE('',*,*,#14274,.T.);
#15360 = ORIENTED_EDGE('',*,*,#15361,.T.);
#15361 = EDGE_CURVE('',#14275,#14756,#15362,.T.);
#15362 = LINE('',#15363,#15364);
#15363 = CARTESIAN_POINT('',(84.84,-181.35,-4.6E-02));
#15364 = VECTOR('',#15365,1.);
#15365 = DIRECTION('',(0.,0.,1.));
#15366 = ORIENTED_EDGE('',*,*,#14755,.F.);
#15367 = ORIENTED_EDGE('',*,*,#15361,.F.);
#15368 = CYLINDRICAL_SURFACE('',#15369,0.85);
#15369 = AXIS2_PLACEMENT_3D('',#15370,#15371,#15372);
#15370 = CARTESIAN_POINT('',(84.84,-180.5,-4.6E-02));
#15371 = DIRECTION('',(-0.,-0.,-1.));
#15372 = DIRECTION('',(-0.,-1.,0.));
#15373 = ADVANCED_FACE('',(#15374),#15385,.F.);
#15374 = FACE_BOUND('',#15375,.T.);
#15375 = EDGE_LOOP('',(#15376,#15377,#15383,#15384));
#15376 = ORIENTED_EDGE('',*,*,#14285,.T.);
#15377 = ORIENTED_EDGE('',*,*,#15378,.T.);
#15378 = EDGE_CURVE('',#14286,#14767,#15379,.T.);
#15379 = LINE('',#15380,#15381);
#15380 = CARTESIAN_POINT('',(89.92,-182.5,-4.6E-02));
#15381 = VECTOR('',#15382,1.);
#15382 = DIRECTION('',(0.,0.,1.));
#15383 = ORIENTED_EDGE('',*,*,#14766,.F.);
#15384 = ORIENTED_EDGE('',*,*,#15378,.F.);
#15385 = CYLINDRICAL_SURFACE('',#15386,2.);
#15386 = AXIS2_PLACEMENT_3D('',#15387,#15388,#15389);
#15387 = CARTESIAN_POINT('',(89.92,-180.5,-4.6E-02));
#15388 = DIRECTION('',(-0.,-0.,-1.));
#15389 = DIRECTION('',(-0.,-1.,0.));
#15390 = ADVANCED_FACE('',(#15391),#15402,.F.);
#15391 = FACE_BOUND('',#15392,.T.);
#15392 = EDGE_LOOP('',(#15393,#15394,#15400,#15401));
#15393 = ORIENTED_EDGE('',*,*,#14296,.T.);
#15394 = ORIENTED_EDGE('',*,*,#15395,.T.);
#15395 = EDGE_CURVE('',#14297,#14778,#15396,.T.);
#15396 = LINE('',#15397,#15398);
#15397 = CARTESIAN_POINT('',(95.,-181.35,-4.6E-02));
#15398 = VECTOR('',#15399,1.);
#15399 = DIRECTION('',(0.,0.,1.));
#15400 = ORIENTED_EDGE('',*,*,#14777,.F.);
#15401 = ORIENTED_EDGE('',*,*,#15395,.F.);
#15402 = CYLINDRICAL_SURFACE('',#15403,0.85);
#15403 = AXIS2_PLACEMENT_3D('',#15404,#15405,#15406);
#15404 = CARTESIAN_POINT('',(95.,-180.5,-4.6E-02));
#15405 = DIRECTION('',(-0.,-0.,-1.));
#15406 = DIRECTION('',(-0.,-1.,0.));
#15407 = ADVANCED_FACE('',(#15408),#15419,.F.);
#15408 = FACE_BOUND('',#15409,.T.);
#15409 = EDGE_LOOP('',(#15410,#15411,#15417,#15418));
#15410 = ORIENTED_EDGE('',*,*,#14307,.T.);
#15411 = ORIENTED_EDGE('',*,*,#15412,.T.);
#15412 = EDGE_CURVE('',#14308,#14789,#15413,.T.);
#15413 = LINE('',#15414,#15415);
#15414 = CARTESIAN_POINT('',(120.,-191.1,-4.6E-02));
#15415 = VECTOR('',#15416,1.);
#15416 = DIRECTION('',(0.,0.,1.));
#15417 = ORIENTED_EDGE('',*,*,#14788,.F.);
#15418 = ORIENTED_EDGE('',*,*,#15412,.F.);
#15419 = CYLINDRICAL_SURFACE('',#15420,1.1);
#15420 = AXIS2_PLACEMENT_3D('',#15421,#15422,#15423);
#15421 = CARTESIAN_POINT('',(120.,-190.,-4.6E-02));
#15422 = DIRECTION('',(-0.,-0.,-1.));
#15423 = DIRECTION('',(-0.,-1.,0.));
#15424 = ADVANCED_FACE('',(#15425),#15436,.F.);
#15425 = FACE_BOUND('',#15426,.T.);
#15426 = EDGE_LOOP('',(#15427,#15428,#15434,#15435));
#15427 = ORIENTED_EDGE('',*,*,#14318,.T.);
#15428 = ORIENTED_EDGE('',*,*,#15429,.T.);
#15429 = EDGE_CURVE('',#14319,#14800,#15430,.T.);
#15430 = LINE('',#15431,#15432);
#15431 = CARTESIAN_POINT('',(105.34,-181.35,-4.6E-02));
#15432 = VECTOR('',#15433,1.);
#15433 = DIRECTION('',(0.,0.,1.));
#15434 = ORIENTED_EDGE('',*,*,#14799,.F.);
#15435 = ORIENTED_EDGE('',*,*,#15429,.F.);
#15436 = CYLINDRICAL_SURFACE('',#15437,0.85);
#15437 = AXIS2_PLACEMENT_3D('',#15438,#15439,#15440);
#15438 = CARTESIAN_POINT('',(105.34,-180.5,-4.6E-02));
#15439 = DIRECTION('',(-0.,-0.,-1.));
#15440 = DIRECTION('',(-0.,-1.,0.));
#15441 = ADVANCED_FACE('',(#15442),#15453,.F.);
#15442 = FACE_BOUND('',#15443,.T.);
#15443 = EDGE_LOOP('',(#15444,#15445,#15451,#15452));
#15444 = ORIENTED_EDGE('',*,*,#14329,.T.);
#15445 = ORIENTED_EDGE('',*,*,#15446,.T.);
#15446 = EDGE_CURVE('',#14330,#14811,#15447,.T.);
#15447 = LINE('',#15448,#15449);
#15448 = CARTESIAN_POINT('',(110.42,-182.5,-4.6E-02));
#15449 = VECTOR('',#15450,1.);
#15450 = DIRECTION('',(0.,0.,1.));
#15451 = ORIENTED_EDGE('',*,*,#14810,.F.);
#15452 = ORIENTED_EDGE('',*,*,#15446,.F.);
#15453 = CYLINDRICAL_SURFACE('',#15454,2.);
#15454 = AXIS2_PLACEMENT_3D('',#15455,#15456,#15457);
#15455 = CARTESIAN_POINT('',(110.42,-180.5,-4.6E-02));
#15456 = DIRECTION('',(-0.,-0.,-1.));
#15457 = DIRECTION('',(-0.,-1.,0.));
#15458 = ADVANCED_FACE('',(#15459),#15470,.F.);
#15459 = FACE_BOUND('',#15460,.T.);
#15460 = EDGE_LOOP('',(#15461,#15462,#15468,#15469));
#15461 = ORIENTED_EDGE('',*,*,#14340,.T.);
#15462 = ORIENTED_EDGE('',*,*,#15463,.T.);
#15463 = EDGE_CURVE('',#14341,#14822,#15464,.T.);
#15464 = LINE('',#15465,#15466);
#15465 = CARTESIAN_POINT('',(115.5,-181.35,-4.6E-02));
#15466 = VECTOR('',#15467,1.);
#15467 = DIRECTION('',(0.,0.,1.));
#15468 = ORIENTED_EDGE('',*,*,#14821,.F.);
#15469 = ORIENTED_EDGE('',*,*,#15463,.F.);
#15470 = CYLINDRICAL_SURFACE('',#15471,0.85);
#15471 = AXIS2_PLACEMENT_3D('',#15472,#15473,#15474);
#15472 = CARTESIAN_POINT('',(115.5,-180.5,-4.6E-02));
#15473 = DIRECTION('',(-0.,-0.,-1.));
#15474 = DIRECTION('',(-0.,-1.,0.));
#15475 = ADVANCED_FACE('',(#15476),#15487,.F.);
#15476 = FACE_BOUND('',#15477,.T.);
#15477 = EDGE_LOOP('',(#15478,#15479,#15485,#15486));
#15478 = ORIENTED_EDGE('',*,*,#14351,.T.);
#15479 = ORIENTED_EDGE('',*,*,#15480,.T.);
#15480 = EDGE_CURVE('',#14352,#14833,#15481,.T.);
#15481 = LINE('',#15482,#15483);
#15482 = CARTESIAN_POINT('',(72.12,-176.17,-4.6E-02));
#15483 = VECTOR('',#15484,1.);
#15484 = DIRECTION('',(0.,0.,1.));
#15485 = ORIENTED_EDGE('',*,*,#14832,.F.);
#15486 = ORIENTED_EDGE('',*,*,#15480,.F.);
#15487 = CYLINDRICAL_SURFACE('',#15488,0.75);
#15488 = AXIS2_PLACEMENT_3D('',#15489,#15490,#15491);
#15489 = CARTESIAN_POINT('',(72.12,-175.42,-4.6E-02));
#15490 = DIRECTION('',(-0.,-0.,-1.));
#15491 = DIRECTION('',(-0.,-1.,0.));
#15492 = ADVANCED_FACE('',(#15493),#15504,.F.);
#15493 = FACE_BOUND('',#15494,.T.);
#15494 = EDGE_LOOP('',(#15495,#15496,#15502,#15503));
#15495 = ORIENTED_EDGE('',*,*,#14362,.T.);
#15496 = ORIENTED_EDGE('',*,*,#15497,.T.);
#15497 = EDGE_CURVE('',#14363,#14844,#15498,.T.);
#15498 = LINE('',#15499,#15500);
#15499 = CARTESIAN_POINT('',(86.11,-178.71,-4.6E-02));
#15500 = VECTOR('',#15501,1.);
#15501 = DIRECTION('',(0.,0.,1.));
#15502 = ORIENTED_EDGE('',*,*,#14843,.F.);
#15503 = ORIENTED_EDGE('',*,*,#15497,.F.);
#15504 = CYLINDRICAL_SURFACE('',#15505,0.75);
#15505 = AXIS2_PLACEMENT_3D('',#15506,#15507,#15508);
#15506 = CARTESIAN_POINT('',(86.11,-177.96,-4.6E-02));
#15507 = DIRECTION('',(-0.,-0.,-1.));
#15508 = DIRECTION('',(-0.,-1.,0.));
#15509 = ADVANCED_FACE('',(#15510),#15521,.F.);
#15510 = FACE_BOUND('',#15511,.T.);
#15511 = EDGE_LOOP('',(#15512,#15513,#15519,#15520));
#15512 = ORIENTED_EDGE('',*,*,#14373,.T.);
#15513 = ORIENTED_EDGE('',*,*,#15514,.T.);
#15514 = EDGE_CURVE('',#14374,#14855,#15515,.T.);
#15515 = LINE('',#15516,#15517);
#15516 = CARTESIAN_POINT('',(92.46,-176.17,-4.6E-02));
#15517 = VECTOR('',#15518,1.);
#15518 = DIRECTION('',(0.,0.,1.));
#15519 = ORIENTED_EDGE('',*,*,#14854,.F.);
#15520 = ORIENTED_EDGE('',*,*,#15514,.F.);
#15521 = CYLINDRICAL_SURFACE('',#15522,0.75);
#15522 = AXIS2_PLACEMENT_3D('',#15523,#15524,#15525);
#15523 = CARTESIAN_POINT('',(92.46,-175.42,-4.6E-02));
#15524 = DIRECTION('',(-0.,-0.,-1.));
#15525 = DIRECTION('',(-0.,-1.,0.));
#15526 = ADVANCED_FACE('',(#15527),#15538,.F.);
#15527 = FACE_BOUND('',#15528,.T.);
#15528 = EDGE_LOOP('',(#15529,#15530,#15536,#15537));
#15529 = ORIENTED_EDGE('',*,*,#14384,.T.);
#15530 = ORIENTED_EDGE('',*,*,#15531,.T.);
#15531 = EDGE_CURVE('',#14385,#14866,#15532,.T.);
#15532 = LINE('',#15533,#15534);
#15533 = CARTESIAN_POINT('',(106.61,-178.71,-4.6E-02));
#15534 = VECTOR('',#15535,1.);
#15535 = DIRECTION('',(0.,0.,1.));
#15536 = ORIENTED_EDGE('',*,*,#14865,.F.);
#15537 = ORIENTED_EDGE('',*,*,#15531,.F.);
#15538 = CYLINDRICAL_SURFACE('',#15539,0.75);
#15539 = AXIS2_PLACEMENT_3D('',#15540,#15541,#15542);
#15540 = CARTESIAN_POINT('',(106.61,-177.96,-4.6E-02));
#15541 = DIRECTION('',(-0.,-0.,-1.));
#15542 = DIRECTION('',(-0.,-1.,0.));
#15543 = ADVANCED_FACE('',(#15544),#15555,.F.);
#15544 = FACE_BOUND('',#15545,.T.);
#15545 = EDGE_LOOP('',(#15546,#15547,#15553,#15554));
#15546 = ORIENTED_EDGE('',*,*,#14395,.T.);
#15547 = ORIENTED_EDGE('',*,*,#15548,.T.);
#15548 = EDGE_CURVE('',#14396,#14877,#15549,.T.);
#15549 = LINE('',#15550,#15551);
#15550 = CARTESIAN_POINT('',(112.96,-176.17,-4.6E-02));
#15551 = VECTOR('',#15552,1.);
#15552 = DIRECTION('',(0.,0.,1.));
#15553 = ORIENTED_EDGE('',*,*,#14876,.F.);
#15554 = ORIENTED_EDGE('',*,*,#15548,.F.);
#15555 = CYLINDRICAL_SURFACE('',#15556,0.75);
#15556 = AXIS2_PLACEMENT_3D('',#15557,#15558,#15559);
#15557 = CARTESIAN_POINT('',(112.96,-175.42,-4.6E-02));
#15558 = DIRECTION('',(-0.,-0.,-1.));
#15559 = DIRECTION('',(-0.,-1.,0.));
#15560 = ADVANCED_FACE('',(#15561),#15572,.F.);
#15561 = FACE_BOUND('',#15562,.T.);
#15562 = EDGE_LOOP('',(#15563,#15564,#15570,#15571));
#15563 = ORIENTED_EDGE('',*,*,#14406,.T.);
#15564 = ORIENTED_EDGE('',*,*,#15565,.T.);
#15565 = EDGE_CURVE('',#14407,#14888,#15566,.T.);
#15566 = LINE('',#15567,#15568);
#15567 = CARTESIAN_POINT('',(49.,-159.875,-4.6E-02));
#15568 = VECTOR('',#15569,1.);
#15569 = DIRECTION('',(0.,0.,1.));
#15570 = ORIENTED_EDGE('',*,*,#14887,.F.);
#15571 = ORIENTED_EDGE('',*,*,#15565,.F.);
#15572 = CYLINDRICAL_SURFACE('',#15573,0.375);
#15573 = AXIS2_PLACEMENT_3D('',#15574,#15575,#15576);
#15574 = CARTESIAN_POINT('',(49.,-159.5,-4.6E-02));
#15575 = DIRECTION('',(-0.,-0.,-1.));
#15576 = DIRECTION('',(-0.,-1.,0.));
#15577 = ADVANCED_FACE('',(#15578),#15589,.F.);
#15578 = FACE_BOUND('',#15579,.T.);
#15579 = EDGE_LOOP('',(#15580,#15581,#15587,#15588));
#15580 = ORIENTED_EDGE('',*,*,#14417,.T.);
#15581 = ORIENTED_EDGE('',*,*,#15582,.T.);
#15582 = EDGE_CURVE('',#14418,#14899,#15583,.T.);
#15583 = LINE('',#15584,#15585);
#15584 = CARTESIAN_POINT('',(49.,-157.875,-4.6E-02));
#15585 = VECTOR('',#15586,1.);
#15586 = DIRECTION('',(0.,0.,1.));
#15587 = ORIENTED_EDGE('',*,*,#14898,.F.);
#15588 = ORIENTED_EDGE('',*,*,#15582,.F.);
#15589 = CYLINDRICAL_SURFACE('',#15590,0.375);
#15590 = AXIS2_PLACEMENT_3D('',#15591,#15592,#15593);
#15591 = CARTESIAN_POINT('',(49.,-157.5,-4.6E-02));
#15592 = DIRECTION('',(-0.,-0.,-1.));
#15593 = DIRECTION('',(-0.,-1.,0.));
#15594 = ADVANCED_FACE('',(#15595),#15606,.F.);
#15595 = FACE_BOUND('',#15596,.T.);
#15596 = EDGE_LOOP('',(#15597,#15598,#15604,#15605));
#15597 = ORIENTED_EDGE('',*,*,#14428,.T.);
#15598 = ORIENTED_EDGE('',*,*,#15599,.T.);
#15599 = EDGE_CURVE('',#14429,#14910,#15600,.T.);
#15600 = LINE('',#15601,#15602);
#15601 = CARTESIAN_POINT('',(49.,-155.875,-4.6E-02));
#15602 = VECTOR('',#15603,1.);
#15603 = DIRECTION('',(0.,0.,1.));
#15604 = ORIENTED_EDGE('',*,*,#14909,.F.);
#15605 = ORIENTED_EDGE('',*,*,#15599,.F.);
#15606 = CYLINDRICAL_SURFACE('',#15607,0.375);
#15607 = AXIS2_PLACEMENT_3D('',#15608,#15609,#15610);
#15608 = CARTESIAN_POINT('',(49.,-155.5,-4.6E-02));
#15609 = DIRECTION('',(-0.,-0.,-1.));
#15610 = DIRECTION('',(-0.,-1.,0.));
#15611 = ADVANCED_FACE('',(#15612),#15623,.F.);
#15612 = FACE_BOUND('',#15613,.T.);
#15613 = EDGE_LOOP('',(#15614,#15615,#15621,#15622));
#15614 = ORIENTED_EDGE('',*,*,#14439,.T.);
#15615 = ORIENTED_EDGE('',*,*,#15616,.T.);
#15616 = EDGE_CURVE('',#14440,#14921,#15617,.T.);
#15617 = LINE('',#15618,#15619);
#15618 = CARTESIAN_POINT('',(49.,-153.875,-4.6E-02));
#15619 = VECTOR('',#15620,1.);
#15620 = DIRECTION('',(0.,0.,1.));
#15621 = ORIENTED_EDGE('',*,*,#14920,.F.);
#15622 = ORIENTED_EDGE('',*,*,#15616,.F.);
#15623 = CYLINDRICAL_SURFACE('',#15624,0.375);
#15624 = AXIS2_PLACEMENT_3D('',#15625,#15626,#15627);
#15625 = CARTESIAN_POINT('',(49.,-153.5,-4.6E-02));
#15626 = DIRECTION('',(-0.,-0.,-1.));
#15627 = DIRECTION('',(-0.,-1.,0.));
#15628 = ADVANCED_FACE('',(#15629),#15640,.F.);
#15629 = FACE_BOUND('',#15630,.T.);
#15630 = EDGE_LOOP('',(#15631,#15632,#15638,#15639));
#15631 = ORIENTED_EDGE('',*,*,#14450,.T.);
#15632 = ORIENTED_EDGE('',*,*,#15633,.T.);
#15633 = EDGE_CURVE('',#14451,#14932,#15634,.T.);
#15634 = LINE('',#15635,#15636);
#15635 = CARTESIAN_POINT('',(19.5,-142.1,-4.6E-02));
#15636 = VECTOR('',#15637,1.);
#15637 = DIRECTION('',(0.,0.,1.));
#15638 = ORIENTED_EDGE('',*,*,#14931,.F.);
#15639 = ORIENTED_EDGE('',*,*,#15633,.F.);
#15640 = CYLINDRICAL_SURFACE('',#15641,1.1);
#15641 = AXIS2_PLACEMENT_3D('',#15642,#15643,#15644);
#15642 = CARTESIAN_POINT('',(19.5,-141.,-4.6E-02));
#15643 = DIRECTION('',(-0.,-0.,-1.));
#15644 = DIRECTION('',(-0.,-1.,0.));
#15645 = ADVANCED_FACE('',(#15646),#15657,.F.);
#15646 = FACE_BOUND('',#15647,.T.);
#15647 = EDGE_LOOP('',(#15648,#15649,#15655,#15656));
#15648 = ORIENTED_EDGE('',*,*,#14461,.T.);
#15649 = ORIENTED_EDGE('',*,*,#15650,.T.);
#15650 = EDGE_CURVE('',#14462,#14943,#15651,.T.);
#15651 = LINE('',#15652,#15653);
#15652 = CARTESIAN_POINT('',(49.,-151.875,-4.6E-02));
#15653 = VECTOR('',#15654,1.);
#15654 = DIRECTION('',(0.,0.,1.));
#15655 = ORIENTED_EDGE('',*,*,#14942,.F.);
#15656 = ORIENTED_EDGE('',*,*,#15650,.F.);
#15657 = CYLINDRICAL_SURFACE('',#15658,0.375);
#15658 = AXIS2_PLACEMENT_3D('',#15659,#15660,#15661);
#15659 = CARTESIAN_POINT('',(49.,-151.5,-4.6E-02));
#15660 = DIRECTION('',(-0.,-0.,-1.));
#15661 = DIRECTION('',(-0.,-1.,0.));
#15662 = ADVANCED_FACE('',(#15663),#15674,.F.);
#15663 = FACE_BOUND('',#15664,.T.);
#15664 = EDGE_LOOP('',(#15665,#15666,#15672,#15673));
#15665 = ORIENTED_EDGE('',*,*,#14472,.T.);
#15666 = ORIENTED_EDGE('',*,*,#15667,.T.);
#15667 = EDGE_CURVE('',#14473,#14954,#15668,.T.);
#15668 = LINE('',#15669,#15670);
#15669 = CARTESIAN_POINT('',(49.,-149.875,-4.6E-02));
#15670 = VECTOR('',#15671,1.);
#15671 = DIRECTION('',(0.,0.,1.));
#15672 = ORIENTED_EDGE('',*,*,#14953,.F.);
#15673 = ORIENTED_EDGE('',*,*,#15667,.F.);
#15674 = CYLINDRICAL_SURFACE('',#15675,0.375);
#15675 = AXIS2_PLACEMENT_3D('',#15676,#15677,#15678);
#15676 = CARTESIAN_POINT('',(49.,-149.5,-4.6E-02));
#15677 = DIRECTION('',(-0.,-0.,-1.));
#15678 = DIRECTION('',(-0.,-1.,0.));
#15679 = ADVANCED_FACE('',(#15680),#15691,.F.);
#15680 = FACE_BOUND('',#15681,.T.);
#15681 = EDGE_LOOP('',(#15682,#15683,#15689,#15690));
#15682 = ORIENTED_EDGE('',*,*,#14483,.T.);
#15683 = ORIENTED_EDGE('',*,*,#15684,.T.);
#15684 = EDGE_CURVE('',#14484,#14965,#15685,.T.);
#15685 = LINE('',#15686,#15687);
#15686 = CARTESIAN_POINT('',(49.,-147.875,-4.6E-02));
#15687 = VECTOR('',#15688,1.);
#15688 = DIRECTION('',(0.,0.,1.));
#15689 = ORIENTED_EDGE('',*,*,#14964,.F.);
#15690 = ORIENTED_EDGE('',*,*,#15684,.F.);
#15691 = CYLINDRICAL_SURFACE('',#15692,0.375);
#15692 = AXIS2_PLACEMENT_3D('',#15693,#15694,#15695);
#15693 = CARTESIAN_POINT('',(49.,-147.5,-4.6E-02));
#15694 = DIRECTION('',(-0.,-0.,-1.));
#15695 = DIRECTION('',(-0.,-1.,0.));
#15696 = ADVANCED_FACE('',(#15697),#15708,.F.);
#15697 = FACE_BOUND('',#15698,.T.);
#15698 = EDGE_LOOP('',(#15699,#15700,#15706,#15707));
#15699 = ORIENTED_EDGE('',*,*,#14494,.T.);
#15700 = ORIENTED_EDGE('',*,*,#15701,.T.);
#15701 = EDGE_CURVE('',#14495,#14976,#15702,.T.);
#15702 = LINE('',#15703,#15704);
#15703 = CARTESIAN_POINT('',(49.,-145.875,-4.6E-02));
#15704 = VECTOR('',#15705,1.);
#15705 = DIRECTION('',(0.,0.,1.));
#15706 = ORIENTED_EDGE('',*,*,#14975,.F.);
#15707 = ORIENTED_EDGE('',*,*,#15701,.F.);
#15708 = CYLINDRICAL_SURFACE('',#15709,0.375);
#15709 = AXIS2_PLACEMENT_3D('',#15710,#15711,#15712);
#15710 = CARTESIAN_POINT('',(49.,-145.5,-4.6E-02));
#15711 = DIRECTION('',(-0.,-0.,-1.));
#15712 = DIRECTION('',(-0.,-1.,0.));
#15713 = ADVANCED_FACE('',(#15714),#15725,.F.);
#15714 = FACE_BOUND('',#15715,.T.);
#15715 = EDGE_LOOP('',(#15716,#15717,#15723,#15724));
#15716 = ORIENTED_EDGE('',*,*,#14505,.T.);
#15717 = ORIENTED_EDGE('',*,*,#15718,.T.);
#15718 = EDGE_CURVE('',#14506,#14987,#15719,.T.);
#15719 = LINE('',#15720,#15721);
#15720 = CARTESIAN_POINT('',(60.,-146.425,-4.6E-02));
#15721 = VECTOR('',#15722,1.);
#15722 = DIRECTION('',(0.,0.,1.));
#15723 = ORIENTED_EDGE('',*,*,#14986,.F.);
#15724 = ORIENTED_EDGE('',*,*,#15718,.F.);
#15725 = CYLINDRICAL_SURFACE('',#15726,0.375);
#15726 = AXIS2_PLACEMENT_3D('',#15727,#15728,#15729);
#15727 = CARTESIAN_POINT('',(60.,-146.05,-4.6E-02));
#15728 = DIRECTION('',(-0.,-0.,-1.));
#15729 = DIRECTION('',(-0.,-1.,0.));
#15730 = ADVANCED_FACE('',(#15731),#15742,.F.);
#15731 = FACE_BOUND('',#15732,.T.);
#15732 = EDGE_LOOP('',(#15733,#15734,#15740,#15741));
#15733 = ORIENTED_EDGE('',*,*,#14516,.T.);
#15734 = ORIENTED_EDGE('',*,*,#15735,.T.);
#15735 = EDGE_CURVE('',#14517,#14998,#15736,.T.);
#15736 = LINE('',#15737,#15738);
#15737 = CARTESIAN_POINT('',(62.,-146.425,-4.6E-02));
#15738 = VECTOR('',#15739,1.);
#15739 = DIRECTION('',(0.,0.,1.));
#15740 = ORIENTED_EDGE('',*,*,#14997,.F.);
#15741 = ORIENTED_EDGE('',*,*,#15735,.F.);
#15742 = CYLINDRICAL_SURFACE('',#15743,0.375);
#15743 = AXIS2_PLACEMENT_3D('',#15744,#15745,#15746);
#15744 = CARTESIAN_POINT('',(62.,-146.05,-4.6E-02));
#15745 = DIRECTION('',(-0.,-0.,-1.));
#15746 = DIRECTION('',(-0.,-1.,0.));
#15747 = ADVANCED_FACE('',(#15748),#15759,.F.);
#15748 = FACE_BOUND('',#15749,.T.);
#15749 = EDGE_LOOP('',(#15750,#15751,#15757,#15758));
#15750 = ORIENTED_EDGE('',*,*,#14527,.T.);
#15751 = ORIENTED_EDGE('',*,*,#15752,.T.);
#15752 = EDGE_CURVE('',#14528,#15009,#15753,.T.);
#15753 = LINE('',#15754,#15755);
#15754 = CARTESIAN_POINT('',(120.,-142.1,-4.6E-02));
#15755 = VECTOR('',#15756,1.);
#15756 = DIRECTION('',(0.,0.,1.));
#15757 = ORIENTED_EDGE('',*,*,#15008,.F.);
#15758 = ORIENTED_EDGE('',*,*,#15752,.F.);
#15759 = CYLINDRICAL_SURFACE('',#15760,1.1);
#15760 = AXIS2_PLACEMENT_3D('',#15761,#15762,#15763);
#15761 = CARTESIAN_POINT('',(120.,-141.,-4.6E-02));
#15762 = DIRECTION('',(-0.,-0.,-1.));
#15763 = DIRECTION('',(-0.,-1.,0.));
#15764 = ( GEOMETRIC_REPRESENTATION_CONTEXT(3) 
GLOBAL_UNCERTAINTY_ASSIGNED_CONTEXT((#15768)) 
GLOBAL_UNIT_ASSIGNED_CONTEXT((#15765,#15766,#15767)) 
REPRESENTATION_CONTEXT('Context #1',
  '3D Context with UNIT and UNCERTAINTY') );
#15765 = ( LENGTH_UNIT() NAMED_UNIT(*) SI_UNIT(.MILLI.,.METRE.) );
#15766 = ( NAMED_UNIT(*) PLANE_ANGLE_UNIT() SI_UNIT($,.RADIAN.) );
#15767 = ( NAMED_UNIT(*) SI_UNIT($,.STERADIAN.) SOLID_ANGLE_UNIT() );
#15768 = UNCERTAINTY_MEASURE_WITH_UNIT(LENGTH_MEASURE(1.E-07),#15765,
  'distance_accuracy_value','confusion accuracy');
#15769 = CONTEXT_DEPENDENT_SHAPE_REPRESENTATION(#15770,#15772);
#15770 = ( REPRESENTATION_RELATIONSHIP('','',#13952,#10) 
REPRESENTATION_RELATIONSHIP_WITH_TRANSFORMATION(#15771) 
SHAPE_REPRESENTATION_RELATIONSHIP() );
#15771 = ITEM_DEFINED_TRANSFORMATION('','',#11,#31);
#15772 = PRODUCT_DEFINITION_SHAPE('Placement','Placement of an item',
  #15773);
#15773 = NEXT_ASSEMBLY_USAGE_OCCURRENCE('7','=>[0:1:1:8]','',#5,#13947,$
  );
#15774 = PRODUCT_RELATED_PRODUCT_CATEGORY('part',$,(#13949));
#15775 = MECHANICAL_DESIGN_GEOMETRIC_PRESENTATION_REPRESENTATION('',(
    #15776,#15784,#15791,#15798,#15805,#15812,#15819,#15826,#15833,
    #15840,#15847,#15854,#15861,#15868,#15875,#15882,#15889,#15896,
    #15903,#15910,#15917,#15924,#15931,#15938,#15945,#15952,#15959,
    #15966,#15973,#15980,#15987,#15994,#16001,#16008,#16015,#16022,
    #16029,#16036,#16043,#16050,#16057,#16064,#16071,#16078,#16085,
    #16092,#16099,#16106,#16113,#16120,#16127,#16134,#16141,#16148,
    #16155,#16162,#16169,#16176,#16183,#16190,#16197,#16204,#16211,
    #16218,#16225,#16232,#16239,#16246,#16253,#16260,#16267,#16274,
    #16281,#16288,#16295,#16302,#16309,#16316,#16323,#16330,#16337,
    #16344,#16351,#16358,#16365,#16372,#16379,#16386,#16393,#16400,
    #16407,#16414,#16421,#16428,#16435,#16442,#16449,#16456,#16463,
    #16470,#16477,#16484,#16491,#16498,#16505,#16512,#16519,#16526,
    #16533,#16541,#16548,#16555,#16562,#16569,#16576,#16583,#16590,
    #16597,#16604,#16611,#16618,#16625,#16632,#16639,#16646,#16653,
    #16660,#16667,#16674,#16681,#16688,#16695,#16702,#16709,#16716,
    #16723,#16730,#16737,#16744,#16751,#16758,#16765,#16772,#16779,
    #16786,#16793,#16800,#16807,#16814,#16821,#16828,#16835,#16842,
    #16849,#16856,#16863,#16870,#16877,#16884,#16891,#16898,#16905,
    #16912,#16919,#16926,#16933,#16940,#16947,#16954,#16961,#16968,
    #16975,#16982,#16989,#16996,#17003,#17010,#17017,#17024,#17031,
    #17038,#17045,#17052,#17059,#17066,#17073,#17080,#17087,#17094,
    #17101,#17108,#17115,#17122,#17129,#17136,#17143,#17150,#17157,
    #17164,#17171,#17178,#17185,#17192,#17199,#17206,#17213,#17220,
    #17227,#17234,#17241,#17248,#17255,#17262,#17269,#17276,#17283,
    #17290,#17297,#17304,#17311,#17318,#17325,#17332,#17339,#17346,
    #17353,#17360,#17367,#17374,#17381,#17388,#17395,#17402,#17409,
    #17416,#17423,#17430,#17437,#17444,#17451,#17458,#17465,#17472,
    #17479,#17486,#17493,#17500,#17507,#17514,#17521,#17528,#17535,
    #17542,#17549,#17556,#17563,#17570,#17577,#17584,#17591,#17598,
    #17605,#17612,#17619,#17626,#17633,#17640,#17647,#17654,#17661,
    #17668,#17675,#17682,#17689,#17696,#17703,#17710,#17717,#17724,
    #17731,#17738,#17745,#17752,#17759,#17766,#17773,#17780,#17787,
    #17794,#17801,#17808,#17815,#17822,#17829,#17836,#17843,#17850,
    #17857,#17864,#17871,#17878,#17885),#9218);
#15776 = STYLED_ITEM('color',(#15777),#74);
#15777 = PRESENTATION_STYLE_ASSIGNMENT((#15778));
#15778 = SURFACE_STYLE_USAGE(.BOTH.,#15779);
#15779 = SURFACE_SIDE_STYLE('',(#15780));
#15780 = SURFACE_STYLE_FILL_AREA(#15781);
#15781 = FILL_AREA_STYLE('',(#15782));
#15782 = FILL_AREA_STYLE_COLOUR('',#15783);
#15783 = COLOUR_RGB('',0.894117649055,0.890196087049,0.811764731185);
#15784 = STYLED_ITEM('color',(#15785),#114);
#15785 = PRESENTATION_STYLE_ASSIGNMENT((#15786));
#15786 = SURFACE_STYLE_USAGE(.BOTH.,#15787);
#15787 = SURFACE_SIDE_STYLE('',(#15788));
#15788 = SURFACE_STYLE_FILL_AREA(#15789);
#15789 = FILL_AREA_STYLE('',(#15790));
#15790 = FILL_AREA_STYLE_COLOUR('',#15783);
#15791 = STYLED_ITEM('color',(#15792),#194);
#15792 = PRESENTATION_STYLE_ASSIGNMENT((#15793));
#15793 = SURFACE_STYLE_USAGE(.BOTH.,#15794);
#15794 = SURFACE_SIDE_STYLE('',(#15795));
#15795 = SURFACE_STYLE_FILL_AREA(#15796);
#15796 = FILL_AREA_STYLE('',(#15797));
#15797 = FILL_AREA_STYLE_COLOUR('',#15783);
#15798 = STYLED_ITEM('color',(#15799),#282);
#15799 = PRESENTATION_STYLE_ASSIGNMENT((#15800));
#15800 = SURFACE_STYLE_USAGE(.BOTH.,#15801);
#15801 = SURFACE_SIDE_STYLE('',(#15802));
#15802 = SURFACE_STYLE_FILL_AREA(#15803);
#15803 = FILL_AREA_STYLE('',(#15804));
#15804 = FILL_AREA_STYLE_COLOUR('',#15783);
#15805 = STYLED_ITEM('color',(#15806),#339);
#15806 = PRESENTATION_STYLE_ASSIGNMENT((#15807));
#15807 = SURFACE_STYLE_USAGE(.BOTH.,#15808);
#15808 = SURFACE_SIDE_STYLE('',(#15809));
#15809 = SURFACE_STYLE_FILL_AREA(#15810);
#15810 = FILL_AREA_STYLE('',(#15811));
#15811 = FILL_AREA_STYLE_COLOUR('',#15783);
#15812 = STYLED_ITEM('color',(#15813),#356);
#15813 = PRESENTATION_STYLE_ASSIGNMENT((#15814));
#15814 = SURFACE_STYLE_USAGE(.BOTH.,#15815);
#15815 = SURFACE_SIDE_STYLE('',(#15816));
#15816 = SURFACE_STYLE_FILL_AREA(#15817);
#15817 = FILL_AREA_STYLE('',(#15818));
#15818 = FILL_AREA_STYLE_COLOUR('',#15783);
#15819 = STYLED_ITEM('color',(#15820),#380);
#15820 = PRESENTATION_STYLE_ASSIGNMENT((#15821));
#15821 = SURFACE_STYLE_USAGE(.BOTH.,#15822);
#15822 = SURFACE_SIDE_STYLE('',(#15823));
#15823 = SURFACE_STYLE_FILL_AREA(#15824);
#15824 = FILL_AREA_STYLE('',(#15825));
#15825 = FILL_AREA_STYLE_COLOUR('',#15783);
#15826 = STYLED_ITEM('color',(#15827),#404);
#15827 = PRESENTATION_STYLE_ASSIGNMENT((#15828));
#15828 = SURFACE_STYLE_USAGE(.BOTH.,#15829);
#15829 = SURFACE_SIDE_STYLE('',(#15830));
#15830 = SURFACE_STYLE_FILL_AREA(#15831);
#15831 = FILL_AREA_STYLE('',(#15832));
#15832 = FILL_AREA_STYLE_COLOUR('',#15783);
#15833 = STYLED_ITEM('color',(#15834),#428);
#15834 = PRESENTATION_STYLE_ASSIGNMENT((#15835));
#15835 = SURFACE_STYLE_USAGE(.BOTH.,#15836);
#15836 = SURFACE_SIDE_STYLE('',(#15837));
#15837 = SURFACE_STYLE_FILL_AREA(#15838);
#15838 = FILL_AREA_STYLE('',(#15839));
#15839 = FILL_AREA_STYLE_COLOUR('',#15783);
#15840 = STYLED_ITEM('color',(#15841),#484);
#15841 = PRESENTATION_STYLE_ASSIGNMENT((#15842));
#15842 = SURFACE_STYLE_USAGE(.BOTH.,#15843);
#15843 = SURFACE_SIDE_STYLE('',(#15844));
#15844 = SURFACE_STYLE_FILL_AREA(#15845);
#15845 = FILL_AREA_STYLE('',(#15846));
#15846 = FILL_AREA_STYLE_COLOUR('',#15783);
#15847 = STYLED_ITEM('color',(#15848),#812);
#15848 = PRESENTATION_STYLE_ASSIGNMENT((#15849));
#15849 = SURFACE_STYLE_USAGE(.BOTH.,#15850);
#15850 = SURFACE_SIDE_STYLE('',(#15851));
#15851 = SURFACE_STYLE_FILL_AREA(#15852);
#15852 = FILL_AREA_STYLE('',(#15853));
#15853 = FILL_AREA_STYLE_COLOUR('',#15783);
#15854 = STYLED_ITEM('color',(#15855),#843);
#15855 = PRESENTATION_STYLE_ASSIGNMENT((#15856));
#15856 = SURFACE_STYLE_USAGE(.BOTH.,#15857);
#15857 = SURFACE_SIDE_STYLE('',(#15858));
#15858 = SURFACE_STYLE_FILL_AREA(#15859);
#15859 = FILL_AREA_STYLE('',(#15860));
#15860 = FILL_AREA_STYLE_COLOUR('',#15783);
#15861 = STYLED_ITEM('color',(#15862),#855);
#15862 = PRESENTATION_STYLE_ASSIGNMENT((#15863));
#15863 = SURFACE_STYLE_USAGE(.BOTH.,#15864);
#15864 = SURFACE_SIDE_STYLE('',(#15865));
#15865 = SURFACE_STYLE_FILL_AREA(#15866);
#15866 = FILL_AREA_STYLE('',(#15867));
#15867 = FILL_AREA_STYLE_COLOUR('',#15783);
#15868 = STYLED_ITEM('color',(#15869),#1133);
#15869 = PRESENTATION_STYLE_ASSIGNMENT((#15870));
#15870 = SURFACE_STYLE_USAGE(.BOTH.,#15871);
#15871 = SURFACE_SIDE_STYLE('',(#15872));
#15872 = SURFACE_STYLE_FILL_AREA(#15873);
#15873 = FILL_AREA_STYLE('',(#15874));
#15874 = FILL_AREA_STYLE_COLOUR('',#15783);
#15875 = STYLED_ITEM('color',(#15876),#1147);
#15876 = PRESENTATION_STYLE_ASSIGNMENT((#15877));
#15877 = SURFACE_STYLE_USAGE(.BOTH.,#15878);
#15878 = SURFACE_SIDE_STYLE('',(#15879));
#15879 = SURFACE_STYLE_FILL_AREA(#15880);
#15880 = FILL_AREA_STYLE('',(#15881));
#15881 = FILL_AREA_STYLE_COLOUR('',#15783);
#15882 = STYLED_ITEM('color',(#15883),#1395);
#15883 = PRESENTATION_STYLE_ASSIGNMENT((#15884));
#15884 = SURFACE_STYLE_USAGE(.BOTH.,#15885);
#15885 = SURFACE_SIDE_STYLE('',(#15886));
#15886 = SURFACE_STYLE_FILL_AREA(#15887);
#15887 = FILL_AREA_STYLE('',(#15888));
#15888 = FILL_AREA_STYLE_COLOUR('',#15783);
#15889 = STYLED_ITEM('color',(#15890),#1452);
#15890 = PRESENTATION_STYLE_ASSIGNMENT((#15891));
#15891 = SURFACE_STYLE_USAGE(.BOTH.,#15892);
#15892 = SURFACE_SIDE_STYLE('',(#15893));
#15893 = SURFACE_STYLE_FILL_AREA(#15894);
#15894 = FILL_AREA_STYLE('',(#15895));
#15895 = FILL_AREA_STYLE_COLOUR('',#15783);
#15896 = STYLED_ITEM('color',(#15897),#1476);
#15897 = PRESENTATION_STYLE_ASSIGNMENT((#15898));
#15898 = SURFACE_STYLE_USAGE(.BOTH.,#15899);
#15899 = SURFACE_SIDE_STYLE('',(#15900));
#15900 = SURFACE_STYLE_FILL_AREA(#15901);
#15901 = FILL_AREA_STYLE('',(#15902));
#15902 = FILL_AREA_STYLE_COLOUR('',#15783);
#15903 = STYLED_ITEM('color',(#15904),#1549);
#15904 = PRESENTATION_STYLE_ASSIGNMENT((#15905));
#15905 = SURFACE_STYLE_USAGE(.BOTH.,#15906);
#15906 = SURFACE_SIDE_STYLE('',(#15907));
#15907 = SURFACE_STYLE_FILL_AREA(#15908);
#15908 = FILL_AREA_STYLE('',(#15909));
#15909 = FILL_AREA_STYLE_COLOUR('',#15783);
#15910 = STYLED_ITEM('color',(#15911),#1573);
#15911 = PRESENTATION_STYLE_ASSIGNMENT((#15912));
#15912 = SURFACE_STYLE_USAGE(.BOTH.,#15913);
#15913 = SURFACE_SIDE_STYLE('',(#15914));
#15914 = SURFACE_STYLE_FILL_AREA(#15915);
#15915 = FILL_AREA_STYLE('',(#15916));
#15916 = FILL_AREA_STYLE_COLOUR('',#15783);
#15917 = STYLED_ITEM('color',(#15918),#1606);
#15918 = PRESENTATION_STYLE_ASSIGNMENT((#15919));
#15919 = SURFACE_STYLE_USAGE(.BOTH.,#15920);
#15920 = SURFACE_SIDE_STYLE('',(#15921));
#15921 = SURFACE_STYLE_FILL_AREA(#15922);
#15922 = FILL_AREA_STYLE('',(#15923));
#15923 = FILL_AREA_STYLE_COLOUR('',#15783);
#15924 = STYLED_ITEM('color',(#15925),#1717);
#15925 = PRESENTATION_STYLE_ASSIGNMENT((#15926));
#15926 = SURFACE_STYLE_USAGE(.BOTH.,#15927);
#15927 = SURFACE_SIDE_STYLE('',(#15928));
#15928 = SURFACE_STYLE_FILL_AREA(#15929);
#15929 = FILL_AREA_STYLE('',(#15930));
#15930 = FILL_AREA_STYLE_COLOUR('',#15783);
#15931 = STYLED_ITEM('color',(#15932),#2176);
#15932 = PRESENTATION_STYLE_ASSIGNMENT((#15933));
#15933 = SURFACE_STYLE_USAGE(.BOTH.,#15934);
#15934 = SURFACE_SIDE_STYLE('',(#15935));
#15935 = SURFACE_STYLE_FILL_AREA(#15936);
#15936 = FILL_AREA_STYLE('',(#15937));
#15937 = FILL_AREA_STYLE_COLOUR('',#15783);
#15938 = STYLED_ITEM('color',(#15939),#2216);
#15939 = PRESENTATION_STYLE_ASSIGNMENT((#15940));
#15940 = SURFACE_STYLE_USAGE(.BOTH.,#15941);
#15941 = SURFACE_SIDE_STYLE('',(#15942));
#15942 = SURFACE_STYLE_FILL_AREA(#15943);
#15943 = FILL_AREA_STYLE('',(#15944));
#15944 = FILL_AREA_STYLE_COLOUR('',#15783);
#15945 = STYLED_ITEM('color',(#15946),#2247);
#15946 = PRESENTATION_STYLE_ASSIGNMENT((#15947));
#15947 = SURFACE_STYLE_USAGE(.BOTH.,#15948);
#15948 = SURFACE_SIDE_STYLE('',(#15949));
#15949 = SURFACE_STYLE_FILL_AREA(#15950);
#15950 = FILL_AREA_STYLE('',(#15951));
#15951 = FILL_AREA_STYLE_COLOUR('',#15783);
#15952 = STYLED_ITEM('color',(#15953),#2265);
#15953 = PRESENTATION_STYLE_ASSIGNMENT((#15954));
#15954 = SURFACE_STYLE_USAGE(.BOTH.,#15955);
#15955 = SURFACE_SIDE_STYLE('',(#15956));
#15956 = SURFACE_STYLE_FILL_AREA(#15957);
#15957 = FILL_AREA_STYLE('',(#15958));
#15958 = FILL_AREA_STYLE_COLOUR('',#15783);
#15959 = STYLED_ITEM('color',(#15960),#2282);
#15960 = PRESENTATION_STYLE_ASSIGNMENT((#15961));
#15961 = SURFACE_STYLE_USAGE(.BOTH.,#15962);
#15962 = SURFACE_SIDE_STYLE('',(#15963));
#15963 = SURFACE_STYLE_FILL_AREA(#15964);
#15964 = FILL_AREA_STYLE('',(#15965));
#15965 = FILL_AREA_STYLE_COLOUR('',#15783);
#15966 = STYLED_ITEM('color',(#15967),#2300);
#15967 = PRESENTATION_STYLE_ASSIGNMENT((#15968));
#15968 = SURFACE_STYLE_USAGE(.BOTH.,#15969);
#15969 = SURFACE_SIDE_STYLE('',(#15970));
#15970 = SURFACE_STYLE_FILL_AREA(#15971);
#15971 = FILL_AREA_STYLE('',(#15972));
#15972 = FILL_AREA_STYLE_COLOUR('',#15783);
#15973 = STYLED_ITEM('color',(#15974),#2326);
#15974 = PRESENTATION_STYLE_ASSIGNMENT((#15975));
#15975 = SURFACE_STYLE_USAGE(.BOTH.,#15976);
#15976 = SURFACE_SIDE_STYLE('',(#15977));
#15977 = SURFACE_STYLE_FILL_AREA(#15978);
#15978 = FILL_AREA_STYLE('',(#15979));
#15979 = FILL_AREA_STYLE_COLOUR('',#15783);
#15980 = STYLED_ITEM('color',(#15981),#2357);
#15981 = PRESENTATION_STYLE_ASSIGNMENT((#15982));
#15982 = SURFACE_STYLE_USAGE(.BOTH.,#15983);
#15983 = SURFACE_SIDE_STYLE('',(#15984));
#15984 = SURFACE_STYLE_FILL_AREA(#15985);
#15985 = FILL_AREA_STYLE('',(#15986));
#15986 = FILL_AREA_STYLE_COLOUR('',#15783);
#15987 = STYLED_ITEM('color',(#15988),#2374);
#15988 = PRESENTATION_STYLE_ASSIGNMENT((#15989));
#15989 = SURFACE_STYLE_USAGE(.BOTH.,#15990);
#15990 = SURFACE_SIDE_STYLE('',(#15991));
#15991 = SURFACE_STYLE_FILL_AREA(#15992);
#15992 = FILL_AREA_STYLE('',(#15993));
#15993 = FILL_AREA_STYLE_COLOUR('',#15783);
#15994 = STYLED_ITEM('color',(#15995),#2407);
#15995 = PRESENTATION_STYLE_ASSIGNMENT((#15996));
#15996 = SURFACE_STYLE_USAGE(.BOTH.,#15997);
#15997 = SURFACE_SIDE_STYLE('',(#15998));
#15998 = SURFACE_STYLE_FILL_AREA(#15999);
#15999 = FILL_AREA_STYLE('',(#16000));
#16000 = FILL_AREA_STYLE_COLOUR('',#15783);
#16001 = STYLED_ITEM('color',(#16002),#2431);
#16002 = PRESENTATION_STYLE_ASSIGNMENT((#16003));
#16003 = SURFACE_STYLE_USAGE(.BOTH.,#16004);
#16004 = SURFACE_SIDE_STYLE('',(#16005));
#16005 = SURFACE_STYLE_FILL_AREA(#16006);
#16006 = FILL_AREA_STYLE('',(#16007));
#16007 = FILL_AREA_STYLE_COLOUR('',#15783);
#16008 = STYLED_ITEM('color',(#16009),#2462);
#16009 = PRESENTATION_STYLE_ASSIGNMENT((#16010));
#16010 = SURFACE_STYLE_USAGE(.BOTH.,#16011);
#16011 = SURFACE_SIDE_STYLE('',(#16012));
#16012 = SURFACE_STYLE_FILL_AREA(#16013);
#16013 = FILL_AREA_STYLE('',(#16014));
#16014 = FILL_AREA_STYLE_COLOUR('',#15783);
#16015 = STYLED_ITEM('color',(#16016),#2479);
#16016 = PRESENTATION_STYLE_ASSIGNMENT((#16017));
#16017 = SURFACE_STYLE_USAGE(.BOTH.,#16018);
#16018 = SURFACE_SIDE_STYLE('',(#16019));
#16019 = SURFACE_STYLE_FILL_AREA(#16020);
#16020 = FILL_AREA_STYLE('',(#16021));
#16021 = FILL_AREA_STYLE_COLOUR('',#15783);
#16022 = STYLED_ITEM('color',(#16023),#2512);
#16023 = PRESENTATION_STYLE_ASSIGNMENT((#16024));
#16024 = SURFACE_STYLE_USAGE(.BOTH.,#16025);
#16025 = SURFACE_SIDE_STYLE('',(#16026));
#16026 = SURFACE_STYLE_FILL_AREA(#16027);
#16027 = FILL_AREA_STYLE('',(#16028));
#16028 = FILL_AREA_STYLE_COLOUR('',#15783);
#16029 = STYLED_ITEM('color',(#16030),#2536);
#16030 = PRESENTATION_STYLE_ASSIGNMENT((#16031));
#16031 = SURFACE_STYLE_USAGE(.BOTH.,#16032);
#16032 = SURFACE_SIDE_STYLE('',(#16033));
#16033 = SURFACE_STYLE_FILL_AREA(#16034);
#16034 = FILL_AREA_STYLE('',(#16035));
#16035 = FILL_AREA_STYLE_COLOUR('',#15783);
#16036 = STYLED_ITEM('color',(#16037),#2567);
#16037 = PRESENTATION_STYLE_ASSIGNMENT((#16038));
#16038 = SURFACE_STYLE_USAGE(.BOTH.,#16039);
#16039 = SURFACE_SIDE_STYLE('',(#16040));
#16040 = SURFACE_STYLE_FILL_AREA(#16041);
#16041 = FILL_AREA_STYLE('',(#16042));
#16042 = FILL_AREA_STYLE_COLOUR('',#15783);
#16043 = STYLED_ITEM('color',(#16044),#2584);
#16044 = PRESENTATION_STYLE_ASSIGNMENT((#16045));
#16045 = SURFACE_STYLE_USAGE(.BOTH.,#16046);
#16046 = SURFACE_SIDE_STYLE('',(#16047));
#16047 = SURFACE_STYLE_FILL_AREA(#16048);
#16048 = FILL_AREA_STYLE('',(#16049));
#16049 = FILL_AREA_STYLE_COLOUR('',#15783);
#16050 = STYLED_ITEM('color',(#16051),#2617);
#16051 = PRESENTATION_STYLE_ASSIGNMENT((#16052));
#16052 = SURFACE_STYLE_USAGE(.BOTH.,#16053);
#16053 = SURFACE_SIDE_STYLE('',(#16054));
#16054 = SURFACE_STYLE_FILL_AREA(#16055);
#16055 = FILL_AREA_STYLE('',(#16056));
#16056 = FILL_AREA_STYLE_COLOUR('',#15783);
#16057 = STYLED_ITEM('color',(#16058),#2641);
#16058 = PRESENTATION_STYLE_ASSIGNMENT((#16059));
#16059 = SURFACE_STYLE_USAGE(.BOTH.,#16060);
#16060 = SURFACE_SIDE_STYLE('',(#16061));
#16061 = SURFACE_STYLE_FILL_AREA(#16062);
#16062 = FILL_AREA_STYLE('',(#16063));
#16063 = FILL_AREA_STYLE_COLOUR('',#15783);
#16064 = STYLED_ITEM('color',(#16065),#2672);
#16065 = PRESENTATION_STYLE_ASSIGNMENT((#16066));
#16066 = SURFACE_STYLE_USAGE(.BOTH.,#16067);
#16067 = SURFACE_SIDE_STYLE('',(#16068));
#16068 = SURFACE_STYLE_FILL_AREA(#16069);
#16069 = FILL_AREA_STYLE('',(#16070));
#16070 = FILL_AREA_STYLE_COLOUR('',#15783);
#16071 = STYLED_ITEM('color',(#16072),#2689);
#16072 = PRESENTATION_STYLE_ASSIGNMENT((#16073));
#16073 = SURFACE_STYLE_USAGE(.BOTH.,#16074);
#16074 = SURFACE_SIDE_STYLE('',(#16075));
#16075 = SURFACE_STYLE_FILL_AREA(#16076);
#16076 = FILL_AREA_STYLE('',(#16077));
#16077 = FILL_AREA_STYLE_COLOUR('',#15783);
#16078 = STYLED_ITEM('color',(#16079),#2722);
#16079 = PRESENTATION_STYLE_ASSIGNMENT((#16080));
#16080 = SURFACE_STYLE_USAGE(.BOTH.,#16081);
#16081 = SURFACE_SIDE_STYLE('',(#16082));
#16082 = SURFACE_STYLE_FILL_AREA(#16083);
#16083 = FILL_AREA_STYLE('',(#16084));
#16084 = FILL_AREA_STYLE_COLOUR('',#15783);
#16085 = STYLED_ITEM('color',(#16086),#2746);
#16086 = PRESENTATION_STYLE_ASSIGNMENT((#16087));
#16087 = SURFACE_STYLE_USAGE(.BOTH.,#16088);
#16088 = SURFACE_SIDE_STYLE('',(#16089));
#16089 = SURFACE_STYLE_FILL_AREA(#16090);
#16090 = FILL_AREA_STYLE('',(#16091));
#16091 = FILL_AREA_STYLE_COLOUR('',#15783);
#16092 = STYLED_ITEM('color',(#16093),#2777);
#16093 = PRESENTATION_STYLE_ASSIGNMENT((#16094));
#16094 = SURFACE_STYLE_USAGE(.BOTH.,#16095);
#16095 = SURFACE_SIDE_STYLE('',(#16096));
#16096 = SURFACE_STYLE_FILL_AREA(#16097);
#16097 = FILL_AREA_STYLE('',(#16098));
#16098 = FILL_AREA_STYLE_COLOUR('',#15783);
#16099 = STYLED_ITEM('color',(#16100),#2794);
#16100 = PRESENTATION_STYLE_ASSIGNMENT((#16101));
#16101 = SURFACE_STYLE_USAGE(.BOTH.,#16102);
#16102 = SURFACE_SIDE_STYLE('',(#16103));
#16103 = SURFACE_STYLE_FILL_AREA(#16104);
#16104 = FILL_AREA_STYLE('',(#16105));
#16105 = FILL_AREA_STYLE_COLOUR('',#15783);
#16106 = STYLED_ITEM('color',(#16107),#2827);
#16107 = PRESENTATION_STYLE_ASSIGNMENT((#16108));
#16108 = SURFACE_STYLE_USAGE(.BOTH.,#16109);
#16109 = SURFACE_SIDE_STYLE('',(#16110));
#16110 = SURFACE_STYLE_FILL_AREA(#16111);
#16111 = FILL_AREA_STYLE('',(#16112));
#16112 = FILL_AREA_STYLE_COLOUR('',#15783);
#16113 = STYLED_ITEM('color',(#16114),#2851);
#16114 = PRESENTATION_STYLE_ASSIGNMENT((#16115));
#16115 = SURFACE_STYLE_USAGE(.BOTH.,#16116);
#16116 = SURFACE_SIDE_STYLE('',(#16117));
#16117 = SURFACE_STYLE_FILL_AREA(#16118);
#16118 = FILL_AREA_STYLE('',(#16119));
#16119 = FILL_AREA_STYLE_COLOUR('',#15783);
#16120 = STYLED_ITEM('color',(#16121),#2882);
#16121 = PRESENTATION_STYLE_ASSIGNMENT((#16122));
#16122 = SURFACE_STYLE_USAGE(.BOTH.,#16123);
#16123 = SURFACE_SIDE_STYLE('',(#16124));
#16124 = SURFACE_STYLE_FILL_AREA(#16125);
#16125 = FILL_AREA_STYLE('',(#16126));
#16126 = FILL_AREA_STYLE_COLOUR('',#15783);
#16127 = STYLED_ITEM('color',(#16128),#2899);
#16128 = PRESENTATION_STYLE_ASSIGNMENT((#16129));
#16129 = SURFACE_STYLE_USAGE(.BOTH.,#16130);
#16130 = SURFACE_SIDE_STYLE('',(#16131));
#16131 = SURFACE_STYLE_FILL_AREA(#16132);
#16132 = FILL_AREA_STYLE('',(#16133));
#16133 = FILL_AREA_STYLE_COLOUR('',#15783);
#16134 = STYLED_ITEM('color',(#16135),#2932);
#16135 = PRESENTATION_STYLE_ASSIGNMENT((#16136));
#16136 = SURFACE_STYLE_USAGE(.BOTH.,#16137);
#16137 = SURFACE_SIDE_STYLE('',(#16138));
#16138 = SURFACE_STYLE_FILL_AREA(#16139);
#16139 = FILL_AREA_STYLE('',(#16140));
#16140 = FILL_AREA_STYLE_COLOUR('',#15783);
#16141 = STYLED_ITEM('color',(#16142),#2956);
#16142 = PRESENTATION_STYLE_ASSIGNMENT((#16143));
#16143 = SURFACE_STYLE_USAGE(.BOTH.,#16144);
#16144 = SURFACE_SIDE_STYLE('',(#16145));
#16145 = SURFACE_STYLE_FILL_AREA(#16146);
#16146 = FILL_AREA_STYLE('',(#16147));
#16147 = FILL_AREA_STYLE_COLOUR('',#15783);
#16148 = STYLED_ITEM('color',(#16149),#2987);
#16149 = PRESENTATION_STYLE_ASSIGNMENT((#16150));
#16150 = SURFACE_STYLE_USAGE(.BOTH.,#16151);
#16151 = SURFACE_SIDE_STYLE('',(#16152));
#16152 = SURFACE_STYLE_FILL_AREA(#16153);
#16153 = FILL_AREA_STYLE('',(#16154));
#16154 = FILL_AREA_STYLE_COLOUR('',#15783);
#16155 = STYLED_ITEM('color',(#16156),#3004);
#16156 = PRESENTATION_STYLE_ASSIGNMENT((#16157));
#16157 = SURFACE_STYLE_USAGE(.BOTH.,#16158);
#16158 = SURFACE_SIDE_STYLE('',(#16159));
#16159 = SURFACE_STYLE_FILL_AREA(#16160);
#16160 = FILL_AREA_STYLE('',(#16161));
#16161 = FILL_AREA_STYLE_COLOUR('',#15783);
#16162 = STYLED_ITEM('color',(#16163),#3037);
#16163 = PRESENTATION_STYLE_ASSIGNMENT((#16164));
#16164 = SURFACE_STYLE_USAGE(.BOTH.,#16165);
#16165 = SURFACE_SIDE_STYLE('',(#16166));
#16166 = SURFACE_STYLE_FILL_AREA(#16167);
#16167 = FILL_AREA_STYLE('',(#16168));
#16168 = FILL_AREA_STYLE_COLOUR('',#15783);
#16169 = STYLED_ITEM('color',(#16170),#3077);
#16170 = PRESENTATION_STYLE_ASSIGNMENT((#16171));
#16171 = SURFACE_STYLE_USAGE(.BOTH.,#16172);
#16172 = SURFACE_SIDE_STYLE('',(#16173));
#16173 = SURFACE_STYLE_FILL_AREA(#16174);
#16174 = FILL_AREA_STYLE('',(#16175));
#16175 = FILL_AREA_STYLE_COLOUR('',#15783);
#16176 = STYLED_ITEM('color',(#16177),#3100);
#16177 = PRESENTATION_STYLE_ASSIGNMENT((#16178));
#16178 = SURFACE_STYLE_USAGE(.BOTH.,#16179);
#16179 = SURFACE_SIDE_STYLE('',(#16180));
#16180 = SURFACE_STYLE_FILL_AREA(#16181);
#16181 = FILL_AREA_STYLE('',(#16182));
#16182 = FILL_AREA_STYLE_COLOUR('',#15783);
#16183 = STYLED_ITEM('color',(#16184),#3149);
#16184 = PRESENTATION_STYLE_ASSIGNMENT((#16185));
#16185 = SURFACE_STYLE_USAGE(.BOTH.,#16186);
#16186 = SURFACE_SIDE_STYLE('',(#16187));
#16187 = SURFACE_STYLE_FILL_AREA(#16188);
#16188 = FILL_AREA_STYLE('',(#16189));
#16189 = FILL_AREA_STYLE_COLOUR('',#15783);
#16190 = STYLED_ITEM('color',(#16191),#3173);
#16191 = PRESENTATION_STYLE_ASSIGNMENT((#16192));
#16192 = SURFACE_STYLE_USAGE(.BOTH.,#16193);
#16193 = SURFACE_SIDE_STYLE('',(#16194));
#16194 = SURFACE_STYLE_FILL_AREA(#16195);
#16195 = FILL_AREA_STYLE('',(#16196));
#16196 = FILL_AREA_STYLE_COLOUR('',#15783);
#16197 = STYLED_ITEM('color',(#16198),#3220);
#16198 = PRESENTATION_STYLE_ASSIGNMENT((#16199));
#16199 = SURFACE_STYLE_USAGE(.BOTH.,#16200);
#16200 = SURFACE_SIDE_STYLE('',(#16201));
#16201 = SURFACE_STYLE_FILL_AREA(#16202);
#16202 = FILL_AREA_STYLE('',(#16203));
#16203 = FILL_AREA_STYLE_COLOUR('',#15783);
#16204 = STYLED_ITEM('color',(#16205),#3237);
#16205 = PRESENTATION_STYLE_ASSIGNMENT((#16206));
#16206 = SURFACE_STYLE_USAGE(.BOTH.,#16207);
#16207 = SURFACE_SIDE_STYLE('',(#16208));
#16208 = SURFACE_STYLE_FILL_AREA(#16209);
#16209 = FILL_AREA_STYLE('',(#16210));
#16210 = FILL_AREA_STYLE_COLOUR('',#15783);
#16211 = STYLED_ITEM('color',(#16212),#3254);
#16212 = PRESENTATION_STYLE_ASSIGNMENT((#16213));
#16213 = SURFACE_STYLE_USAGE(.BOTH.,#16214);
#16214 = SURFACE_SIDE_STYLE('',(#16215));
#16215 = SURFACE_STYLE_FILL_AREA(#16216);
#16216 = FILL_AREA_STYLE('',(#16217));
#16217 = FILL_AREA_STYLE_COLOUR('',#15783);
#16218 = STYLED_ITEM('color',(#16219),#3266);
#16219 = PRESENTATION_STYLE_ASSIGNMENT((#16220));
#16220 = SURFACE_STYLE_USAGE(.BOTH.,#16221);
#16221 = SURFACE_SIDE_STYLE('',(#16222));
#16222 = SURFACE_STYLE_FILL_AREA(#16223);
#16223 = FILL_AREA_STYLE('',(#16224));
#16224 = FILL_AREA_STYLE_COLOUR('',#15783);
#16225 = STYLED_ITEM('color',(#16226),#3313);
#16226 = PRESENTATION_STYLE_ASSIGNMENT((#16227));
#16227 = SURFACE_STYLE_USAGE(.BOTH.,#16228);
#16228 = SURFACE_SIDE_STYLE('',(#16229));
#16229 = SURFACE_STYLE_FILL_AREA(#16230);
#16230 = FILL_AREA_STYLE('',(#16231));
#16231 = FILL_AREA_STYLE_COLOUR('',#15783);
#16232 = STYLED_ITEM('color',(#16233),#3344);
#16233 = PRESENTATION_STYLE_ASSIGNMENT((#16234));
#16234 = SURFACE_STYLE_USAGE(.BOTH.,#16235);
#16235 = SURFACE_SIDE_STYLE('',(#16236));
#16236 = SURFACE_STYLE_FILL_AREA(#16237);
#16237 = FILL_AREA_STYLE('',(#16238));
#16238 = FILL_AREA_STYLE_COLOUR('',#15783);
#16239 = STYLED_ITEM('color',(#16240),#3361);
#16240 = PRESENTATION_STYLE_ASSIGNMENT((#16241));
#16241 = SURFACE_STYLE_USAGE(.BOTH.,#16242);
#16242 = SURFACE_SIDE_STYLE('',(#16243));
#16243 = SURFACE_STYLE_FILL_AREA(#16244);
#16244 = FILL_AREA_STYLE('',(#16245));
#16245 = FILL_AREA_STYLE_COLOUR('',#15783);
#16246 = STYLED_ITEM('color',(#16247),#3378);
#16247 = PRESENTATION_STYLE_ASSIGNMENT((#16248));
#16248 = SURFACE_STYLE_USAGE(.BOTH.,#16249);
#16249 = SURFACE_SIDE_STYLE('',(#16250));
#16250 = SURFACE_STYLE_FILL_AREA(#16251);
#16251 = FILL_AREA_STYLE('',(#16252));
#16252 = FILL_AREA_STYLE_COLOUR('',#15783);
#16253 = STYLED_ITEM('color',(#16254),#3395);
#16254 = PRESENTATION_STYLE_ASSIGNMENT((#16255));
#16255 = SURFACE_STYLE_USAGE(.BOTH.,#16256);
#16256 = SURFACE_SIDE_STYLE('',(#16257));
#16257 = SURFACE_STYLE_FILL_AREA(#16258);
#16258 = FILL_AREA_STYLE('',(#16259));
#16259 = FILL_AREA_STYLE_COLOUR('',#15783);
#16260 = STYLED_ITEM('color',(#16261),#3412);
#16261 = PRESENTATION_STYLE_ASSIGNMENT((#16262));
#16262 = SURFACE_STYLE_USAGE(.BOTH.,#16263);
#16263 = SURFACE_SIDE_STYLE('',(#16264));
#16264 = SURFACE_STYLE_FILL_AREA(#16265);
#16265 = FILL_AREA_STYLE('',(#16266));
#16266 = FILL_AREA_STYLE_COLOUR('',#15783);
#16267 = STYLED_ITEM('color',(#16268),#3429);
#16268 = PRESENTATION_STYLE_ASSIGNMENT((#16269));
#16269 = SURFACE_STYLE_USAGE(.BOTH.,#16270);
#16270 = SURFACE_SIDE_STYLE('',(#16271));
#16271 = SURFACE_STYLE_FILL_AREA(#16272);
#16272 = FILL_AREA_STYLE('',(#16273));
#16273 = FILL_AREA_STYLE_COLOUR('',#15783);
#16274 = STYLED_ITEM('color',(#16275),#3446);
#16275 = PRESENTATION_STYLE_ASSIGNMENT((#16276));
#16276 = SURFACE_STYLE_USAGE(.BOTH.,#16277);
#16277 = SURFACE_SIDE_STYLE('',(#16278));
#16278 = SURFACE_STYLE_FILL_AREA(#16279);
#16279 = FILL_AREA_STYLE('',(#16280));
#16280 = FILL_AREA_STYLE_COLOUR('',#15783);
#16281 = STYLED_ITEM('color',(#16282),#3463);
#16282 = PRESENTATION_STYLE_ASSIGNMENT((#16283));
#16283 = SURFACE_STYLE_USAGE(.BOTH.,#16284);
#16284 = SURFACE_SIDE_STYLE('',(#16285));
#16285 = SURFACE_STYLE_FILL_AREA(#16286);
#16286 = FILL_AREA_STYLE('',(#16287));
#16287 = FILL_AREA_STYLE_COLOUR('',#15783);
#16288 = STYLED_ITEM('color',(#16289),#3480);
#16289 = PRESENTATION_STYLE_ASSIGNMENT((#16290));
#16290 = SURFACE_STYLE_USAGE(.BOTH.,#16291);
#16291 = SURFACE_SIDE_STYLE('',(#16292));
#16292 = SURFACE_STYLE_FILL_AREA(#16293);
#16293 = FILL_AREA_STYLE('',(#16294));
#16294 = FILL_AREA_STYLE_COLOUR('',#15783);
#16295 = STYLED_ITEM('color',(#16296),#3504);
#16296 = PRESENTATION_STYLE_ASSIGNMENT((#16297));
#16297 = SURFACE_STYLE_USAGE(.BOTH.,#16298);
#16298 = SURFACE_SIDE_STYLE('',(#16299));
#16299 = SURFACE_STYLE_FILL_AREA(#16300);
#16300 = FILL_AREA_STYLE('',(#16301));
#16301 = FILL_AREA_STYLE_COLOUR('',#15783);
#16302 = STYLED_ITEM('color',(#16303),#3528);
#16303 = PRESENTATION_STYLE_ASSIGNMENT((#16304));
#16304 = SURFACE_STYLE_USAGE(.BOTH.,#16305);
#16305 = SURFACE_SIDE_STYLE('',(#16306));
#16306 = SURFACE_STYLE_FILL_AREA(#16307);
#16307 = FILL_AREA_STYLE('',(#16308));
#16308 = FILL_AREA_STYLE_COLOUR('',#15783);
#16309 = STYLED_ITEM('color',(#16310),#3545);
#16310 = PRESENTATION_STYLE_ASSIGNMENT((#16311));
#16311 = SURFACE_STYLE_USAGE(.BOTH.,#16312);
#16312 = SURFACE_SIDE_STYLE('',(#16313));
#16313 = SURFACE_STYLE_FILL_AREA(#16314);
#16314 = FILL_AREA_STYLE('',(#16315));
#16315 = FILL_AREA_STYLE_COLOUR('',#15783);
#16316 = STYLED_ITEM('color',(#16317),#3569);
#16317 = PRESENTATION_STYLE_ASSIGNMENT((#16318));
#16318 = SURFACE_STYLE_USAGE(.BOTH.,#16319);
#16319 = SURFACE_SIDE_STYLE('',(#16320));
#16320 = SURFACE_STYLE_FILL_AREA(#16321);
#16321 = FILL_AREA_STYLE('',(#16322));
#16322 = FILL_AREA_STYLE_COLOUR('',#15783);
#16323 = STYLED_ITEM('color',(#16324),#3593);
#16324 = PRESENTATION_STYLE_ASSIGNMENT((#16325));
#16325 = SURFACE_STYLE_USAGE(.BOTH.,#16326);
#16326 = SURFACE_SIDE_STYLE('',(#16327));
#16327 = SURFACE_STYLE_FILL_AREA(#16328);
#16328 = FILL_AREA_STYLE('',(#16329));
#16329 = FILL_AREA_STYLE_COLOUR('',#15783);
#16330 = STYLED_ITEM('color',(#16331),#3610);
#16331 = PRESENTATION_STYLE_ASSIGNMENT((#16332));
#16332 = SURFACE_STYLE_USAGE(.BOTH.,#16333);
#16333 = SURFACE_SIDE_STYLE('',(#16334));
#16334 = SURFACE_STYLE_FILL_AREA(#16335);
#16335 = FILL_AREA_STYLE('',(#16336));
#16336 = FILL_AREA_STYLE_COLOUR('',#15783);
#16337 = STYLED_ITEM('color',(#16338),#3634);
#16338 = PRESENTATION_STYLE_ASSIGNMENT((#16339));
#16339 = SURFACE_STYLE_USAGE(.BOTH.,#16340);
#16340 = SURFACE_SIDE_STYLE('',(#16341));
#16341 = SURFACE_STYLE_FILL_AREA(#16342);
#16342 = FILL_AREA_STYLE('',(#16343));
#16343 = FILL_AREA_STYLE_COLOUR('',#15783);
#16344 = STYLED_ITEM('color',(#16345),#3658);
#16345 = PRESENTATION_STYLE_ASSIGNMENT((#16346));
#16346 = SURFACE_STYLE_USAGE(.BOTH.,#16347);
#16347 = SURFACE_SIDE_STYLE('',(#16348));
#16348 = SURFACE_STYLE_FILL_AREA(#16349);
#16349 = FILL_AREA_STYLE('',(#16350));
#16350 = FILL_AREA_STYLE_COLOUR('',#15783);
#16351 = STYLED_ITEM('color',(#16352),#3675);
#16352 = PRESENTATION_STYLE_ASSIGNMENT((#16353));
#16353 = SURFACE_STYLE_USAGE(.BOTH.,#16354);
#16354 = SURFACE_SIDE_STYLE('',(#16355));
#16355 = SURFACE_STYLE_FILL_AREA(#16356);
#16356 = FILL_AREA_STYLE('',(#16357));
#16357 = FILL_AREA_STYLE_COLOUR('',#15783);
#16358 = STYLED_ITEM('color',(#16359),#3699);
#16359 = PRESENTATION_STYLE_ASSIGNMENT((#16360));
#16360 = SURFACE_STYLE_USAGE(.BOTH.,#16361);
#16361 = SURFACE_SIDE_STYLE('',(#16362));
#16362 = SURFACE_STYLE_FILL_AREA(#16363);
#16363 = FILL_AREA_STYLE('',(#16364));
#16364 = FILL_AREA_STYLE_COLOUR('',#15783);
#16365 = STYLED_ITEM('color',(#16366),#3723);
#16366 = PRESENTATION_STYLE_ASSIGNMENT((#16367));
#16367 = SURFACE_STYLE_USAGE(.BOTH.,#16368);
#16368 = SURFACE_SIDE_STYLE('',(#16369));
#16369 = SURFACE_STYLE_FILL_AREA(#16370);
#16370 = FILL_AREA_STYLE('',(#16371));
#16371 = FILL_AREA_STYLE_COLOUR('',#15783);
#16372 = STYLED_ITEM('color',(#16373),#3740);
#16373 = PRESENTATION_STYLE_ASSIGNMENT((#16374));
#16374 = SURFACE_STYLE_USAGE(.BOTH.,#16375);
#16375 = SURFACE_SIDE_STYLE('',(#16376));
#16376 = SURFACE_STYLE_FILL_AREA(#16377);
#16377 = FILL_AREA_STYLE('',(#16378));
#16378 = FILL_AREA_STYLE_COLOUR('',#15783);
#16379 = STYLED_ITEM('color',(#16380),#3764);
#16380 = PRESENTATION_STYLE_ASSIGNMENT((#16381));
#16381 = SURFACE_STYLE_USAGE(.BOTH.,#16382);
#16382 = SURFACE_SIDE_STYLE('',(#16383));
#16383 = SURFACE_STYLE_FILL_AREA(#16384);
#16384 = FILL_AREA_STYLE('',(#16385));
#16385 = FILL_AREA_STYLE_COLOUR('',#15783);
#16386 = STYLED_ITEM('color',(#16387),#3788);
#16387 = PRESENTATION_STYLE_ASSIGNMENT((#16388));
#16388 = SURFACE_STYLE_USAGE(.BOTH.,#16389);
#16389 = SURFACE_SIDE_STYLE('',(#16390));
#16390 = SURFACE_STYLE_FILL_AREA(#16391);
#16391 = FILL_AREA_STYLE('',(#16392));
#16392 = FILL_AREA_STYLE_COLOUR('',#15783);
#16393 = STYLED_ITEM('color',(#16394),#3805);
#16394 = PRESENTATION_STYLE_ASSIGNMENT((#16395));
#16395 = SURFACE_STYLE_USAGE(.BOTH.,#16396);
#16396 = SURFACE_SIDE_STYLE('',(#16397));
#16397 = SURFACE_STYLE_FILL_AREA(#16398);
#16398 = FILL_AREA_STYLE('',(#16399));
#16399 = FILL_AREA_STYLE_COLOUR('',#15783);
#16400 = STYLED_ITEM('color',(#16401),#3829);
#16401 = PRESENTATION_STYLE_ASSIGNMENT((#16402));
#16402 = SURFACE_STYLE_USAGE(.BOTH.,#16403);
#16403 = SURFACE_SIDE_STYLE('',(#16404));
#16404 = SURFACE_STYLE_FILL_AREA(#16405);
#16405 = FILL_AREA_STYLE('',(#16406));
#16406 = FILL_AREA_STYLE_COLOUR('',#15783);
#16407 = STYLED_ITEM('color',(#16408),#3853);
#16408 = PRESENTATION_STYLE_ASSIGNMENT((#16409));
#16409 = SURFACE_STYLE_USAGE(.BOTH.,#16410);
#16410 = SURFACE_SIDE_STYLE('',(#16411));
#16411 = SURFACE_STYLE_FILL_AREA(#16412);
#16412 = FILL_AREA_STYLE('',(#16413));
#16413 = FILL_AREA_STYLE_COLOUR('',#15783);
#16414 = STYLED_ITEM('color',(#16415),#3870);
#16415 = PRESENTATION_STYLE_ASSIGNMENT((#16416));
#16416 = SURFACE_STYLE_USAGE(.BOTH.,#16417);
#16417 = SURFACE_SIDE_STYLE('',(#16418));
#16418 = SURFACE_STYLE_FILL_AREA(#16419);
#16419 = FILL_AREA_STYLE('',(#16420));
#16420 = FILL_AREA_STYLE_COLOUR('',#15783);
#16421 = STYLED_ITEM('color',(#16422),#3894);
#16422 = PRESENTATION_STYLE_ASSIGNMENT((#16423));
#16423 = SURFACE_STYLE_USAGE(.BOTH.,#16424);
#16424 = SURFACE_SIDE_STYLE('',(#16425));
#16425 = SURFACE_STYLE_FILL_AREA(#16426);
#16426 = FILL_AREA_STYLE('',(#16427));
#16427 = FILL_AREA_STYLE_COLOUR('',#15783);
#16428 = STYLED_ITEM('color',(#16429),#3918);
#16429 = PRESENTATION_STYLE_ASSIGNMENT((#16430));
#16430 = SURFACE_STYLE_USAGE(.BOTH.,#16431);
#16431 = SURFACE_SIDE_STYLE('',(#16432));
#16432 = SURFACE_STYLE_FILL_AREA(#16433);
#16433 = FILL_AREA_STYLE('',(#16434));
#16434 = FILL_AREA_STYLE_COLOUR('',#15783);
#16435 = STYLED_ITEM('color',(#16436),#3935);
#16436 = PRESENTATION_STYLE_ASSIGNMENT((#16437));
#16437 = SURFACE_STYLE_USAGE(.BOTH.,#16438);
#16438 = SURFACE_SIDE_STYLE('',(#16439));
#16439 = SURFACE_STYLE_FILL_AREA(#16440);
#16440 = FILL_AREA_STYLE('',(#16441));
#16441 = FILL_AREA_STYLE_COLOUR('',#15783);
#16442 = STYLED_ITEM('color',(#16443),#3952);
#16443 = PRESENTATION_STYLE_ASSIGNMENT((#16444));
#16444 = SURFACE_STYLE_USAGE(.BOTH.,#16445);
#16445 = SURFACE_SIDE_STYLE('',(#16446));
#16446 = SURFACE_STYLE_FILL_AREA(#16447);
#16447 = FILL_AREA_STYLE('',(#16448));
#16448 = FILL_AREA_STYLE_COLOUR('',#15783);
#16449 = STYLED_ITEM('color',(#16450),#3964);
#16450 = PRESENTATION_STYLE_ASSIGNMENT((#16451));
#16451 = SURFACE_STYLE_USAGE(.BOTH.,#16452);
#16452 = SURFACE_SIDE_STYLE('',(#16453));
#16453 = SURFACE_STYLE_FILL_AREA(#16454);
#16454 = FILL_AREA_STYLE('',(#16455));
#16455 = FILL_AREA_STYLE_COLOUR('',#15783);
#16456 = STYLED_ITEM('color',(#16457),#3981);
#16457 = PRESENTATION_STYLE_ASSIGNMENT((#16458));
#16458 = SURFACE_STYLE_USAGE(.BOTH.,#16459);
#16459 = SURFACE_SIDE_STYLE('',(#16460));
#16460 = SURFACE_STYLE_FILL_AREA(#16461);
#16461 = FILL_AREA_STYLE('',(#16462));
#16462 = FILL_AREA_STYLE_COLOUR('',#15783);
#16463 = STYLED_ITEM('color',(#16464),#3993);
#16464 = PRESENTATION_STYLE_ASSIGNMENT((#16465));
#16465 = SURFACE_STYLE_USAGE(.BOTH.,#16466);
#16466 = SURFACE_SIDE_STYLE('',(#16467));
#16467 = SURFACE_STYLE_FILL_AREA(#16468);
#16468 = FILL_AREA_STYLE('',(#16469));
#16469 = FILL_AREA_STYLE_COLOUR('',#15783);
#16470 = STYLED_ITEM('color',(#16471),#4017);
#16471 = PRESENTATION_STYLE_ASSIGNMENT((#16472));
#16472 = SURFACE_STYLE_USAGE(.BOTH.,#16473);
#16473 = SURFACE_SIDE_STYLE('',(#16474));
#16474 = SURFACE_STYLE_FILL_AREA(#16475);
#16475 = FILL_AREA_STYLE('',(#16476));
#16476 = FILL_AREA_STYLE_COLOUR('',#15783);
#16477 = STYLED_ITEM('color',(#16478),#4035);
#16478 = PRESENTATION_STYLE_ASSIGNMENT((#16479));
#16479 = SURFACE_STYLE_USAGE(.BOTH.,#16480);
#16480 = SURFACE_SIDE_STYLE('',(#16481));
#16481 = SURFACE_STYLE_FILL_AREA(#16482);
#16482 = FILL_AREA_STYLE('',(#16483));
#16483 = FILL_AREA_STYLE_COLOUR('',#15783);
#16484 = STYLED_ITEM('color',(#16485),#4047);
#16485 = PRESENTATION_STYLE_ASSIGNMENT((#16486));
#16486 = SURFACE_STYLE_USAGE(.BOTH.,#16487);
#16487 = SURFACE_SIDE_STYLE('',(#16488));
#16488 = SURFACE_STYLE_FILL_AREA(#16489);
#16489 = FILL_AREA_STYLE('',(#16490));
#16490 = FILL_AREA_STYLE_COLOUR('',#15783);
#16491 = STYLED_ITEM('color',(#16492),#4059);
#16492 = PRESENTATION_STYLE_ASSIGNMENT((#16493));
#16493 = SURFACE_STYLE_USAGE(.BOTH.,#16494);
#16494 = SURFACE_SIDE_STYLE('',(#16495));
#16495 = SURFACE_STYLE_FILL_AREA(#16496);
#16496 = FILL_AREA_STYLE('',(#16497));
#16497 = FILL_AREA_STYLE_COLOUR('',#15783);
#16498 = STYLED_ITEM('color',(#16499),#4073);
#16499 = PRESENTATION_STYLE_ASSIGNMENT((#16500));
#16500 = SURFACE_STYLE_USAGE(.BOTH.,#16501);
#16501 = SURFACE_SIDE_STYLE('',(#16502));
#16502 = SURFACE_STYLE_FILL_AREA(#16503);
#16503 = FILL_AREA_STYLE('',(#16504));
#16504 = FILL_AREA_STYLE_COLOUR('',#15783);
#16505 = STYLED_ITEM('color',(#16506),#4085);
#16506 = PRESENTATION_STYLE_ASSIGNMENT((#16507));
#16507 = SURFACE_STYLE_USAGE(.BOTH.,#16508);
#16508 = SURFACE_SIDE_STYLE('',(#16509));
#16509 = SURFACE_STYLE_FILL_AREA(#16510);
#16510 = FILL_AREA_STYLE('',(#16511));
#16511 = FILL_AREA_STYLE_COLOUR('',#15783);
#16512 = STYLED_ITEM('color',(#16513),#4097);
#16513 = PRESENTATION_STYLE_ASSIGNMENT((#16514));
#16514 = SURFACE_STYLE_USAGE(.BOTH.,#16515);
#16515 = SURFACE_SIDE_STYLE('',(#16516));
#16516 = SURFACE_STYLE_FILL_AREA(#16517);
#16517 = FILL_AREA_STYLE('',(#16518));
#16518 = FILL_AREA_STYLE_COLOUR('',#15783);
#16519 = STYLED_ITEM('color',(#16520),#4109);
#16520 = PRESENTATION_STYLE_ASSIGNMENT((#16521));
#16521 = SURFACE_STYLE_USAGE(.BOTH.,#16522);
#16522 = SURFACE_SIDE_STYLE('',(#16523));
#16523 = SURFACE_STYLE_FILL_AREA(#16524);
#16524 = FILL_AREA_STYLE('',(#16525));
#16525 = FILL_AREA_STYLE_COLOUR('',#15783);
#16526 = STYLED_ITEM('color',(#16527),#4121);
#16527 = PRESENTATION_STYLE_ASSIGNMENT((#16528));
#16528 = SURFACE_STYLE_USAGE(.BOTH.,#16529);
#16529 = SURFACE_SIDE_STYLE('',(#16530));
#16530 = SURFACE_STYLE_FILL_AREA(#16531);
#16531 = FILL_AREA_STYLE('',(#16532));
#16532 = FILL_AREA_STYLE_COLOUR('',#15783);
#16533 = STYLED_ITEM('color',(#16534),#4133);
#16534 = PRESENTATION_STYLE_ASSIGNMENT((#16535));
#16535 = SURFACE_STYLE_USAGE(.BOTH.,#16536);
#16536 = SURFACE_SIDE_STYLE('',(#16537));
#16537 = SURFACE_STYLE_FILL_AREA(#16538);
#16538 = FILL_AREA_STYLE('',(#16539));
#16539 = FILL_AREA_STYLE_COLOUR('',#16540);
#16540 = COLOUR_RGB('',0.823529417451,0.819607860991,0.780392170416);
#16541 = STYLED_ITEM('color',(#16542),#4164);
#16542 = PRESENTATION_STYLE_ASSIGNMENT((#16543));
#16543 = SURFACE_STYLE_USAGE(.BOTH.,#16544);
#16544 = SURFACE_SIDE_STYLE('',(#16545));
#16545 = SURFACE_STYLE_FILL_AREA(#16546);
#16546 = FILL_AREA_STYLE('',(#16547));
#16547 = FILL_AREA_STYLE_COLOUR('',#16540);
#16548 = STYLED_ITEM('color',(#16549),#4188);
#16549 = PRESENTATION_STYLE_ASSIGNMENT((#16550));
#16550 = SURFACE_STYLE_USAGE(.BOTH.,#16551);
#16551 = SURFACE_SIDE_STYLE('',(#16552));
#16552 = SURFACE_STYLE_FILL_AREA(#16553);
#16553 = FILL_AREA_STYLE('',(#16554));
#16554 = FILL_AREA_STYLE_COLOUR('',#16540);
#16555 = STYLED_ITEM('color',(#16556),#4212);
#16556 = PRESENTATION_STYLE_ASSIGNMENT((#16557));
#16557 = SURFACE_STYLE_USAGE(.BOTH.,#16558);
#16558 = SURFACE_SIDE_STYLE('',(#16559));
#16559 = SURFACE_STYLE_FILL_AREA(#16560);
#16560 = FILL_AREA_STYLE('',(#16561));
#16561 = FILL_AREA_STYLE_COLOUR('',#16540);
#16562 = STYLED_ITEM('color',(#16563),#4229);
#16563 = PRESENTATION_STYLE_ASSIGNMENT((#16564));
#16564 = SURFACE_STYLE_USAGE(.BOTH.,#16565);
#16565 = SURFACE_SIDE_STYLE('',(#16566));
#16566 = SURFACE_STYLE_FILL_AREA(#16567);
#16567 = FILL_AREA_STYLE('',(#16568));
#16568 = FILL_AREA_STYLE_COLOUR('',#16540);
#16569 = STYLED_ITEM('color',(#16570),#4260);
#16570 = PRESENTATION_STYLE_ASSIGNMENT((#16571));
#16571 = SURFACE_STYLE_USAGE(.BOTH.,#16572);
#16572 = SURFACE_SIDE_STYLE('',(#16573));
#16573 = SURFACE_STYLE_FILL_AREA(#16574);
#16574 = FILL_AREA_STYLE('',(#16575));
#16575 = FILL_AREA_STYLE_COLOUR('',#16540);
#16576 = STYLED_ITEM('color',(#16577),#4284);
#16577 = PRESENTATION_STYLE_ASSIGNMENT((#16578));
#16578 = SURFACE_STYLE_USAGE(.BOTH.,#16579);
#16579 = SURFACE_SIDE_STYLE('',(#16580));
#16580 = SURFACE_STYLE_FILL_AREA(#16581);
#16581 = FILL_AREA_STYLE('',(#16582));
#16582 = FILL_AREA_STYLE_COLOUR('',#16540);
#16583 = STYLED_ITEM('color',(#16584),#4308);
#16584 = PRESENTATION_STYLE_ASSIGNMENT((#16585));
#16585 = SURFACE_STYLE_USAGE(.BOTH.,#16586);
#16586 = SURFACE_SIDE_STYLE('',(#16587));
#16587 = SURFACE_STYLE_FILL_AREA(#16588);
#16588 = FILL_AREA_STYLE('',(#16589));
#16589 = FILL_AREA_STYLE_COLOUR('',#16540);
#16590 = STYLED_ITEM('color',(#16591),#4325);
#16591 = PRESENTATION_STYLE_ASSIGNMENT((#16592));
#16592 = SURFACE_STYLE_USAGE(.BOTH.,#16593);
#16593 = SURFACE_SIDE_STYLE('',(#16594));
#16594 = SURFACE_STYLE_FILL_AREA(#16595);
#16595 = FILL_AREA_STYLE('',(#16596));
#16596 = FILL_AREA_STYLE_COLOUR('',#16540);
#16597 = STYLED_ITEM('color',(#16598),#4356);
#16598 = PRESENTATION_STYLE_ASSIGNMENT((#16599));
#16599 = SURFACE_STYLE_USAGE(.BOTH.,#16600);
#16600 = SURFACE_SIDE_STYLE('',(#16601));
#16601 = SURFACE_STYLE_FILL_AREA(#16602);
#16602 = FILL_AREA_STYLE('',(#16603));
#16603 = FILL_AREA_STYLE_COLOUR('',#16540);
#16604 = STYLED_ITEM('color',(#16605),#4380);
#16605 = PRESENTATION_STYLE_ASSIGNMENT((#16606));
#16606 = SURFACE_STYLE_USAGE(.BOTH.,#16607);
#16607 = SURFACE_SIDE_STYLE('',(#16608));
#16608 = SURFACE_STYLE_FILL_AREA(#16609);
#16609 = FILL_AREA_STYLE('',(#16610));
#16610 = FILL_AREA_STYLE_COLOUR('',#16540);
#16611 = STYLED_ITEM('color',(#16612),#4404);
#16612 = PRESENTATION_STYLE_ASSIGNMENT((#16613));
#16613 = SURFACE_STYLE_USAGE(.BOTH.,#16614);
#16614 = SURFACE_SIDE_STYLE('',(#16615));
#16615 = SURFACE_STYLE_FILL_AREA(#16616);
#16616 = FILL_AREA_STYLE('',(#16617));
#16617 = FILL_AREA_STYLE_COLOUR('',#16540);
#16618 = STYLED_ITEM('color',(#16619),#4421);
#16619 = PRESENTATION_STYLE_ASSIGNMENT((#16620));
#16620 = SURFACE_STYLE_USAGE(.BOTH.,#16621);
#16621 = SURFACE_SIDE_STYLE('',(#16622));
#16622 = SURFACE_STYLE_FILL_AREA(#16623);
#16623 = FILL_AREA_STYLE('',(#16624));
#16624 = FILL_AREA_STYLE_COLOUR('',#16540);
#16625 = STYLED_ITEM('color',(#16626),#4452);
#16626 = PRESENTATION_STYLE_ASSIGNMENT((#16627));
#16627 = SURFACE_STYLE_USAGE(.BOTH.,#16628);
#16628 = SURFACE_SIDE_STYLE('',(#16629));
#16629 = SURFACE_STYLE_FILL_AREA(#16630);
#16630 = FILL_AREA_STYLE('',(#16631));
#16631 = FILL_AREA_STYLE_COLOUR('',#16540);
#16632 = STYLED_ITEM('color',(#16633),#4476);
#16633 = PRESENTATION_STYLE_ASSIGNMENT((#16634));
#16634 = SURFACE_STYLE_USAGE(.BOTH.,#16635);
#16635 = SURFACE_SIDE_STYLE('',(#16636));
#16636 = SURFACE_STYLE_FILL_AREA(#16637);
#16637 = FILL_AREA_STYLE('',(#16638));
#16638 = FILL_AREA_STYLE_COLOUR('',#16540);
#16639 = STYLED_ITEM('color',(#16640),#4500);
#16640 = PRESENTATION_STYLE_ASSIGNMENT((#16641));
#16641 = SURFACE_STYLE_USAGE(.BOTH.,#16642);
#16642 = SURFACE_SIDE_STYLE('',(#16643));
#16643 = SURFACE_STYLE_FILL_AREA(#16644);
#16644 = FILL_AREA_STYLE('',(#16645));
#16645 = FILL_AREA_STYLE_COLOUR('',#16540);
#16646 = STYLED_ITEM('color',(#16647),#4517);
#16647 = PRESENTATION_STYLE_ASSIGNMENT((#16648));
#16648 = SURFACE_STYLE_USAGE(.BOTH.,#16649);
#16649 = SURFACE_SIDE_STYLE('',(#16650));
#16650 = SURFACE_STYLE_FILL_AREA(#16651);
#16651 = FILL_AREA_STYLE('',(#16652));
#16652 = FILL_AREA_STYLE_COLOUR('',#16540);
#16653 = STYLED_ITEM('color',(#16654),#4548);
#16654 = PRESENTATION_STYLE_ASSIGNMENT((#16655));
#16655 = SURFACE_STYLE_USAGE(.BOTH.,#16656);
#16656 = SURFACE_SIDE_STYLE('',(#16657));
#16657 = SURFACE_STYLE_FILL_AREA(#16658);
#16658 = FILL_AREA_STYLE('',(#16659));
#16659 = FILL_AREA_STYLE_COLOUR('',#16540);
#16660 = STYLED_ITEM('color',(#16661),#4572);
#16661 = PRESENTATION_STYLE_ASSIGNMENT((#16662));
#16662 = SURFACE_STYLE_USAGE(.BOTH.,#16663);
#16663 = SURFACE_SIDE_STYLE('',(#16664));
#16664 = SURFACE_STYLE_FILL_AREA(#16665);
#16665 = FILL_AREA_STYLE('',(#16666));
#16666 = FILL_AREA_STYLE_COLOUR('',#16540);
#16667 = STYLED_ITEM('color',(#16668),#4596);
#16668 = PRESENTATION_STYLE_ASSIGNMENT((#16669));
#16669 = SURFACE_STYLE_USAGE(.BOTH.,#16670);
#16670 = SURFACE_SIDE_STYLE('',(#16671));
#16671 = SURFACE_STYLE_FILL_AREA(#16672);
#16672 = FILL_AREA_STYLE('',(#16673));
#16673 = FILL_AREA_STYLE_COLOUR('',#16540);
#16674 = STYLED_ITEM('color',(#16675),#4613);
#16675 = PRESENTATION_STYLE_ASSIGNMENT((#16676));
#16676 = SURFACE_STYLE_USAGE(.BOTH.,#16677);
#16677 = SURFACE_SIDE_STYLE('',(#16678));
#16678 = SURFACE_STYLE_FILL_AREA(#16679);
#16679 = FILL_AREA_STYLE('',(#16680));
#16680 = FILL_AREA_STYLE_COLOUR('',#16540);
#16681 = STYLED_ITEM('color',(#16682),#4644);
#16682 = PRESENTATION_STYLE_ASSIGNMENT((#16683));
#16683 = SURFACE_STYLE_USAGE(.BOTH.,#16684);
#16684 = SURFACE_SIDE_STYLE('',(#16685));
#16685 = SURFACE_STYLE_FILL_AREA(#16686);
#16686 = FILL_AREA_STYLE('',(#16687));
#16687 = FILL_AREA_STYLE_COLOUR('',#16540);
#16688 = STYLED_ITEM('color',(#16689),#4668);
#16689 = PRESENTATION_STYLE_ASSIGNMENT((#16690));
#16690 = SURFACE_STYLE_USAGE(.BOTH.,#16691);
#16691 = SURFACE_SIDE_STYLE('',(#16692));
#16692 = SURFACE_STYLE_FILL_AREA(#16693);
#16693 = FILL_AREA_STYLE('',(#16694));
#16694 = FILL_AREA_STYLE_COLOUR('',#16540);
#16695 = STYLED_ITEM('color',(#16696),#4692);
#16696 = PRESENTATION_STYLE_ASSIGNMENT((#16697));
#16697 = SURFACE_STYLE_USAGE(.BOTH.,#16698);
#16698 = SURFACE_SIDE_STYLE('',(#16699));
#16699 = SURFACE_STYLE_FILL_AREA(#16700);
#16700 = FILL_AREA_STYLE('',(#16701));
#16701 = FILL_AREA_STYLE_COLOUR('',#16540);
#16702 = STYLED_ITEM('color',(#16703),#4709);
#16703 = PRESENTATION_STYLE_ASSIGNMENT((#16704));
#16704 = SURFACE_STYLE_USAGE(.BOTH.,#16705);
#16705 = SURFACE_SIDE_STYLE('',(#16706));
#16706 = SURFACE_STYLE_FILL_AREA(#16707);
#16707 = FILL_AREA_STYLE('',(#16708));
#16708 = FILL_AREA_STYLE_COLOUR('',#16540);
#16709 = STYLED_ITEM('color',(#16710),#4740);
#16710 = PRESENTATION_STYLE_ASSIGNMENT((#16711));
#16711 = SURFACE_STYLE_USAGE(.BOTH.,#16712);
#16712 = SURFACE_SIDE_STYLE('',(#16713));
#16713 = SURFACE_STYLE_FILL_AREA(#16714);
#16714 = FILL_AREA_STYLE('',(#16715));
#16715 = FILL_AREA_STYLE_COLOUR('',#16540);
#16716 = STYLED_ITEM('color',(#16717),#4764);
#16717 = PRESENTATION_STYLE_ASSIGNMENT((#16718));
#16718 = SURFACE_STYLE_USAGE(.BOTH.,#16719);
#16719 = SURFACE_SIDE_STYLE('',(#16720));
#16720 = SURFACE_STYLE_FILL_AREA(#16721);
#16721 = FILL_AREA_STYLE('',(#16722));
#16722 = FILL_AREA_STYLE_COLOUR('',#16540);
#16723 = STYLED_ITEM('color',(#16724),#4788);
#16724 = PRESENTATION_STYLE_ASSIGNMENT((#16725));
#16725 = SURFACE_STYLE_USAGE(.BOTH.,#16726);
#16726 = SURFACE_SIDE_STYLE('',(#16727));
#16727 = SURFACE_STYLE_FILL_AREA(#16728);
#16728 = FILL_AREA_STYLE('',(#16729));
#16729 = FILL_AREA_STYLE_COLOUR('',#16540);
#16730 = STYLED_ITEM('color',(#16731),#4805);
#16731 = PRESENTATION_STYLE_ASSIGNMENT((#16732));
#16732 = SURFACE_STYLE_USAGE(.BOTH.,#16733);
#16733 = SURFACE_SIDE_STYLE('',(#16734));
#16734 = SURFACE_STYLE_FILL_AREA(#16735);
#16735 = FILL_AREA_STYLE('',(#16736));
#16736 = FILL_AREA_STYLE_COLOUR('',#16540);
#16737 = STYLED_ITEM('color',(#16738),#4836);
#16738 = PRESENTATION_STYLE_ASSIGNMENT((#16739));
#16739 = SURFACE_STYLE_USAGE(.BOTH.,#16740);
#16740 = SURFACE_SIDE_STYLE('',(#16741));
#16741 = SURFACE_STYLE_FILL_AREA(#16742);
#16742 = FILL_AREA_STYLE('',(#16743));
#16743 = FILL_AREA_STYLE_COLOUR('',#16540);
#16744 = STYLED_ITEM('color',(#16745),#4860);
#16745 = PRESENTATION_STYLE_ASSIGNMENT((#16746));
#16746 = SURFACE_STYLE_USAGE(.BOTH.,#16747);
#16747 = SURFACE_SIDE_STYLE('',(#16748));
#16748 = SURFACE_STYLE_FILL_AREA(#16749);
#16749 = FILL_AREA_STYLE('',(#16750));
#16750 = FILL_AREA_STYLE_COLOUR('',#16540);
#16751 = STYLED_ITEM('color',(#16752),#4884);
#16752 = PRESENTATION_STYLE_ASSIGNMENT((#16753));
#16753 = SURFACE_STYLE_USAGE(.BOTH.,#16754);
#16754 = SURFACE_SIDE_STYLE('',(#16755));
#16755 = SURFACE_STYLE_FILL_AREA(#16756);
#16756 = FILL_AREA_STYLE('',(#16757));
#16757 = FILL_AREA_STYLE_COLOUR('',#16540);
#16758 = STYLED_ITEM('color',(#16759),#4901);
#16759 = PRESENTATION_STYLE_ASSIGNMENT((#16760));
#16760 = SURFACE_STYLE_USAGE(.BOTH.,#16761);
#16761 = SURFACE_SIDE_STYLE('',(#16762));
#16762 = SURFACE_STYLE_FILL_AREA(#16763);
#16763 = FILL_AREA_STYLE('',(#16764));
#16764 = FILL_AREA_STYLE_COLOUR('',#15783);
#16765 = STYLED_ITEM('color',(#16766),#4947);
#16766 = PRESENTATION_STYLE_ASSIGNMENT((#16767));
#16767 = SURFACE_STYLE_USAGE(.BOTH.,#16768);
#16768 = SURFACE_SIDE_STYLE('',(#16769));
#16769 = SURFACE_STYLE_FILL_AREA(#16770);
#16770 = FILL_AREA_STYLE('',(#16771));
#16771 = FILL_AREA_STYLE_COLOUR('',#15783);
#16772 = STYLED_ITEM('color',(#16773),#4993);
#16773 = PRESENTATION_STYLE_ASSIGNMENT((#16774));
#16774 = SURFACE_STYLE_USAGE(.BOTH.,#16775);
#16775 = SURFACE_SIDE_STYLE('',(#16776));
#16776 = SURFACE_STYLE_FILL_AREA(#16777);
#16777 = FILL_AREA_STYLE('',(#16778));
#16778 = FILL_AREA_STYLE_COLOUR('',#15783);
#16779 = STYLED_ITEM('color',(#16780),#5039);
#16780 = PRESENTATION_STYLE_ASSIGNMENT((#16781));
#16781 = SURFACE_STYLE_USAGE(.BOTH.,#16782);
#16782 = SURFACE_SIDE_STYLE('',(#16783));
#16783 = SURFACE_STYLE_FILL_AREA(#16784);
#16784 = FILL_AREA_STYLE('',(#16785));
#16785 = FILL_AREA_STYLE_COLOUR('',#15783);
#16786 = STYLED_ITEM('color',(#16787),#5085);
#16787 = PRESENTATION_STYLE_ASSIGNMENT((#16788));
#16788 = SURFACE_STYLE_USAGE(.BOTH.,#16789);
#16789 = SURFACE_SIDE_STYLE('',(#16790));
#16790 = SURFACE_STYLE_FILL_AREA(#16791);
#16791 = FILL_AREA_STYLE('',(#16792));
#16792 = FILL_AREA_STYLE_COLOUR('',#15783);
#16793 = STYLED_ITEM('color',(#16794),#5131);
#16794 = PRESENTATION_STYLE_ASSIGNMENT((#16795));
#16795 = SURFACE_STYLE_USAGE(.BOTH.,#16796);
#16796 = SURFACE_SIDE_STYLE('',(#16797));
#16797 = SURFACE_STYLE_FILL_AREA(#16798);
#16798 = FILL_AREA_STYLE('',(#16799));
#16799 = FILL_AREA_STYLE_COLOUR('',#15783);
#16800 = STYLED_ITEM('color',(#16801),#5177);
#16801 = PRESENTATION_STYLE_ASSIGNMENT((#16802));
#16802 = SURFACE_STYLE_USAGE(.BOTH.,#16803);
#16803 = SURFACE_SIDE_STYLE('',(#16804));
#16804 = SURFACE_STYLE_FILL_AREA(#16805);
#16805 = FILL_AREA_STYLE('',(#16806));
#16806 = FILL_AREA_STYLE_COLOUR('',#15783);
#16807 = STYLED_ITEM('color',(#16808),#5223);
#16808 = PRESENTATION_STYLE_ASSIGNMENT((#16809));
#16809 = SURFACE_STYLE_USAGE(.BOTH.,#16810);
#16810 = SURFACE_SIDE_STYLE('',(#16811));
#16811 = SURFACE_STYLE_FILL_AREA(#16812);
#16812 = FILL_AREA_STYLE('',(#16813));
#16813 = FILL_AREA_STYLE_COLOUR('',#15783);
#16814 = STYLED_ITEM('color',(#16815),#5269);
#16815 = PRESENTATION_STYLE_ASSIGNMENT((#16816));
#16816 = SURFACE_STYLE_USAGE(.BOTH.,#16817);
#16817 = SURFACE_SIDE_STYLE('',(#16818));
#16818 = SURFACE_STYLE_FILL_AREA(#16819);
#16819 = FILL_AREA_STYLE('',(#16820));
#16820 = FILL_AREA_STYLE_COLOUR('',#15783);
#16821 = STYLED_ITEM('color',(#16822),#5286);
#16822 = PRESENTATION_STYLE_ASSIGNMENT((#16823));
#16823 = SURFACE_STYLE_USAGE(.BOTH.,#16824);
#16824 = SURFACE_SIDE_STYLE('',(#16825));
#16825 = SURFACE_STYLE_FILL_AREA(#16826);
#16826 = FILL_AREA_STYLE('',(#16827));
#16827 = FILL_AREA_STYLE_COLOUR('',#15783);
#16828 = STYLED_ITEM('color',(#16829),#5298);
#16829 = PRESENTATION_STYLE_ASSIGNMENT((#16830));
#16830 = SURFACE_STYLE_USAGE(.BOTH.,#16831);
#16831 = SURFACE_SIDE_STYLE('',(#16832));
#16832 = SURFACE_STYLE_FILL_AREA(#16833);
#16833 = FILL_AREA_STYLE('',(#16834));
#16834 = FILL_AREA_STYLE_COLOUR('',#16540);
#16835 = STYLED_ITEM('color',(#16836),#5329);
#16836 = PRESENTATION_STYLE_ASSIGNMENT((#16837));
#16837 = SURFACE_STYLE_USAGE(.BOTH.,#16838);
#16838 = SURFACE_SIDE_STYLE('',(#16839));
#16839 = SURFACE_STYLE_FILL_AREA(#16840);
#16840 = FILL_AREA_STYLE('',(#16841));
#16841 = FILL_AREA_STYLE_COLOUR('',#16540);
#16842 = STYLED_ITEM('color',(#16843),#5353);
#16843 = PRESENTATION_STYLE_ASSIGNMENT((#16844));
#16844 = SURFACE_STYLE_USAGE(.BOTH.,#16845);
#16845 = SURFACE_SIDE_STYLE('',(#16846));
#16846 = SURFACE_STYLE_FILL_AREA(#16847);
#16847 = FILL_AREA_STYLE('',(#16848));
#16848 = FILL_AREA_STYLE_COLOUR('',#16540);
#16849 = STYLED_ITEM('color',(#16850),#5377);
#16850 = PRESENTATION_STYLE_ASSIGNMENT((#16851));
#16851 = SURFACE_STYLE_USAGE(.BOTH.,#16852);
#16852 = SURFACE_SIDE_STYLE('',(#16853));
#16853 = SURFACE_STYLE_FILL_AREA(#16854);
#16854 = FILL_AREA_STYLE('',(#16855));
#16855 = FILL_AREA_STYLE_COLOUR('',#16540);
#16856 = STYLED_ITEM('color',(#16857),#5394);
#16857 = PRESENTATION_STYLE_ASSIGNMENT((#16858));
#16858 = SURFACE_STYLE_USAGE(.BOTH.,#16859);
#16859 = SURFACE_SIDE_STYLE('',(#16860));
#16860 = SURFACE_STYLE_FILL_AREA(#16861);
#16861 = FILL_AREA_STYLE('',(#16862));
#16862 = FILL_AREA_STYLE_COLOUR('',#16540);
#16863 = STYLED_ITEM('color',(#16864),#5425);
#16864 = PRESENTATION_STYLE_ASSIGNMENT((#16865));
#16865 = SURFACE_STYLE_USAGE(.BOTH.,#16866);
#16866 = SURFACE_SIDE_STYLE('',(#16867));
#16867 = SURFACE_STYLE_FILL_AREA(#16868);
#16868 = FILL_AREA_STYLE('',(#16869));
#16869 = FILL_AREA_STYLE_COLOUR('',#16540);
#16870 = STYLED_ITEM('color',(#16871),#5449);
#16871 = PRESENTATION_STYLE_ASSIGNMENT((#16872));
#16872 = SURFACE_STYLE_USAGE(.BOTH.,#16873);
#16873 = SURFACE_SIDE_STYLE('',(#16874));
#16874 = SURFACE_STYLE_FILL_AREA(#16875);
#16875 = FILL_AREA_STYLE('',(#16876));
#16876 = FILL_AREA_STYLE_COLOUR('',#16540);
#16877 = STYLED_ITEM('color',(#16878),#5473);
#16878 = PRESENTATION_STYLE_ASSIGNMENT((#16879));
#16879 = SURFACE_STYLE_USAGE(.BOTH.,#16880);
#16880 = SURFACE_SIDE_STYLE('',(#16881));
#16881 = SURFACE_STYLE_FILL_AREA(#16882);
#16882 = FILL_AREA_STYLE('',(#16883));
#16883 = FILL_AREA_STYLE_COLOUR('',#16540);
#16884 = STYLED_ITEM('color',(#16885),#5490);
#16885 = PRESENTATION_STYLE_ASSIGNMENT((#16886));
#16886 = SURFACE_STYLE_USAGE(.BOTH.,#16887);
#16887 = SURFACE_SIDE_STYLE('',(#16888));
#16888 = SURFACE_STYLE_FILL_AREA(#16889);
#16889 = FILL_AREA_STYLE('',(#16890));
#16890 = FILL_AREA_STYLE_COLOUR('',#16540);
#16891 = STYLED_ITEM('color',(#16892),#5521);
#16892 = PRESENTATION_STYLE_ASSIGNMENT((#16893));
#16893 = SURFACE_STYLE_USAGE(.BOTH.,#16894);
#16894 = SURFACE_SIDE_STYLE('',(#16895));
#16895 = SURFACE_STYLE_FILL_AREA(#16896);
#16896 = FILL_AREA_STYLE('',(#16897));
#16897 = FILL_AREA_STYLE_COLOUR('',#16540);
#16898 = STYLED_ITEM('color',(#16899),#5545);
#16899 = PRESENTATION_STYLE_ASSIGNMENT((#16900));
#16900 = SURFACE_STYLE_USAGE(.BOTH.,#16901);
#16901 = SURFACE_SIDE_STYLE('',(#16902));
#16902 = SURFACE_STYLE_FILL_AREA(#16903);
#16903 = FILL_AREA_STYLE('',(#16904));
#16904 = FILL_AREA_STYLE_COLOUR('',#16540);
#16905 = STYLED_ITEM('color',(#16906),#5569);
#16906 = PRESENTATION_STYLE_ASSIGNMENT((#16907));
#16907 = SURFACE_STYLE_USAGE(.BOTH.,#16908);
#16908 = SURFACE_SIDE_STYLE('',(#16909));
#16909 = SURFACE_STYLE_FILL_AREA(#16910);
#16910 = FILL_AREA_STYLE('',(#16911));
#16911 = FILL_AREA_STYLE_COLOUR('',#16540);
#16912 = STYLED_ITEM('color',(#16913),#5586);
#16913 = PRESENTATION_STYLE_ASSIGNMENT((#16914));
#16914 = SURFACE_STYLE_USAGE(.BOTH.,#16915);
#16915 = SURFACE_SIDE_STYLE('',(#16916));
#16916 = SURFACE_STYLE_FILL_AREA(#16917);
#16917 = FILL_AREA_STYLE('',(#16918));
#16918 = FILL_AREA_STYLE_COLOUR('',#16540);
#16919 = STYLED_ITEM('color',(#16920),#5617);
#16920 = PRESENTATION_STYLE_ASSIGNMENT((#16921));
#16921 = SURFACE_STYLE_USAGE(.BOTH.,#16922);
#16922 = SURFACE_SIDE_STYLE('',(#16923));
#16923 = SURFACE_STYLE_FILL_AREA(#16924);
#16924 = FILL_AREA_STYLE('',(#16925));
#16925 = FILL_AREA_STYLE_COLOUR('',#16540);
#16926 = STYLED_ITEM('color',(#16927),#5641);
#16927 = PRESENTATION_STYLE_ASSIGNMENT((#16928));
#16928 = SURFACE_STYLE_USAGE(.BOTH.,#16929);
#16929 = SURFACE_SIDE_STYLE('',(#16930));
#16930 = SURFACE_STYLE_FILL_AREA(#16931);
#16931 = FILL_AREA_STYLE('',(#16932));
#16932 = FILL_AREA_STYLE_COLOUR('',#16540);
#16933 = STYLED_ITEM('color',(#16934),#5665);
#16934 = PRESENTATION_STYLE_ASSIGNMENT((#16935));
#16935 = SURFACE_STYLE_USAGE(.BOTH.,#16936);
#16936 = SURFACE_SIDE_STYLE('',(#16937));
#16937 = SURFACE_STYLE_FILL_AREA(#16938);
#16938 = FILL_AREA_STYLE('',(#16939));
#16939 = FILL_AREA_STYLE_COLOUR('',#16540);
#16940 = STYLED_ITEM('color',(#16941),#5682);
#16941 = PRESENTATION_STYLE_ASSIGNMENT((#16942));
#16942 = SURFACE_STYLE_USAGE(.BOTH.,#16943);
#16943 = SURFACE_SIDE_STYLE('',(#16944));
#16944 = SURFACE_STYLE_FILL_AREA(#16945);
#16945 = FILL_AREA_STYLE('',(#16946));
#16946 = FILL_AREA_STYLE_COLOUR('',#16540);
#16947 = STYLED_ITEM('color',(#16948),#5713);
#16948 = PRESENTATION_STYLE_ASSIGNMENT((#16949));
#16949 = SURFACE_STYLE_USAGE(.BOTH.,#16950);
#16950 = SURFACE_SIDE_STYLE('',(#16951));
#16951 = SURFACE_STYLE_FILL_AREA(#16952);
#16952 = FILL_AREA_STYLE('',(#16953));
#16953 = FILL_AREA_STYLE_COLOUR('',#16540);
#16954 = STYLED_ITEM('color',(#16955),#5737);
#16955 = PRESENTATION_STYLE_ASSIGNMENT((#16956));
#16956 = SURFACE_STYLE_USAGE(.BOTH.,#16957);
#16957 = SURFACE_SIDE_STYLE('',(#16958));
#16958 = SURFACE_STYLE_FILL_AREA(#16959);
#16959 = FILL_AREA_STYLE('',(#16960));
#16960 = FILL_AREA_STYLE_COLOUR('',#16540);
#16961 = STYLED_ITEM('color',(#16962),#5761);
#16962 = PRESENTATION_STYLE_ASSIGNMENT((#16963));
#16963 = SURFACE_STYLE_USAGE(.BOTH.,#16964);
#16964 = SURFACE_SIDE_STYLE('',(#16965));
#16965 = SURFACE_STYLE_FILL_AREA(#16966);
#16966 = FILL_AREA_STYLE('',(#16967));
#16967 = FILL_AREA_STYLE_COLOUR('',#16540);
#16968 = STYLED_ITEM('color',(#16969),#5778);
#16969 = PRESENTATION_STYLE_ASSIGNMENT((#16970));
#16970 = SURFACE_STYLE_USAGE(.BOTH.,#16971);
#16971 = SURFACE_SIDE_STYLE('',(#16972));
#16972 = SURFACE_STYLE_FILL_AREA(#16973);
#16973 = FILL_AREA_STYLE('',(#16974));
#16974 = FILL_AREA_STYLE_COLOUR('',#16540);
#16975 = STYLED_ITEM('color',(#16976),#5809);
#16976 = PRESENTATION_STYLE_ASSIGNMENT((#16977));
#16977 = SURFACE_STYLE_USAGE(.BOTH.,#16978);
#16978 = SURFACE_SIDE_STYLE('',(#16979));
#16979 = SURFACE_STYLE_FILL_AREA(#16980);
#16980 = FILL_AREA_STYLE('',(#16981));
#16981 = FILL_AREA_STYLE_COLOUR('',#16540);
#16982 = STYLED_ITEM('color',(#16983),#5833);
#16983 = PRESENTATION_STYLE_ASSIGNMENT((#16984));
#16984 = SURFACE_STYLE_USAGE(.BOTH.,#16985);
#16985 = SURFACE_SIDE_STYLE('',(#16986));
#16986 = SURFACE_STYLE_FILL_AREA(#16987);
#16987 = FILL_AREA_STYLE('',(#16988));
#16988 = FILL_AREA_STYLE_COLOUR('',#16540);
#16989 = STYLED_ITEM('color',(#16990),#5857);
#16990 = PRESENTATION_STYLE_ASSIGNMENT((#16991));
#16991 = SURFACE_STYLE_USAGE(.BOTH.,#16992);
#16992 = SURFACE_SIDE_STYLE('',(#16993));
#16993 = SURFACE_STYLE_FILL_AREA(#16994);
#16994 = FILL_AREA_STYLE('',(#16995));
#16995 = FILL_AREA_STYLE_COLOUR('',#16540);
#16996 = STYLED_ITEM('color',(#16997),#5874);
#16997 = PRESENTATION_STYLE_ASSIGNMENT((#16998));
#16998 = SURFACE_STYLE_USAGE(.BOTH.,#16999);
#16999 = SURFACE_SIDE_STYLE('',(#17000));
#17000 = SURFACE_STYLE_FILL_AREA(#17001);
#17001 = FILL_AREA_STYLE('',(#17002));
#17002 = FILL_AREA_STYLE_COLOUR('',#16540);
#17003 = STYLED_ITEM('color',(#17004),#5905);
#17004 = PRESENTATION_STYLE_ASSIGNMENT((#17005));
#17005 = SURFACE_STYLE_USAGE(.BOTH.,#17006);
#17006 = SURFACE_SIDE_STYLE('',(#17007));
#17007 = SURFACE_STYLE_FILL_AREA(#17008);
#17008 = FILL_AREA_STYLE('',(#17009));
#17009 = FILL_AREA_STYLE_COLOUR('',#16540);
#17010 = STYLED_ITEM('color',(#17011),#5929);
#17011 = PRESENTATION_STYLE_ASSIGNMENT((#17012));
#17012 = SURFACE_STYLE_USAGE(.BOTH.,#17013);
#17013 = SURFACE_SIDE_STYLE('',(#17014));
#17014 = SURFACE_STYLE_FILL_AREA(#17015);
#17015 = FILL_AREA_STYLE('',(#17016));
#17016 = FILL_AREA_STYLE_COLOUR('',#16540);
#17017 = STYLED_ITEM('color',(#17018),#5953);
#17018 = PRESENTATION_STYLE_ASSIGNMENT((#17019));
#17019 = SURFACE_STYLE_USAGE(.BOTH.,#17020);
#17020 = SURFACE_SIDE_STYLE('',(#17021));
#17021 = SURFACE_STYLE_FILL_AREA(#17022);
#17022 = FILL_AREA_STYLE('',(#17023));
#17023 = FILL_AREA_STYLE_COLOUR('',#16540);
#17024 = STYLED_ITEM('color',(#17025),#5970);
#17025 = PRESENTATION_STYLE_ASSIGNMENT((#17026));
#17026 = SURFACE_STYLE_USAGE(.BOTH.,#17027);
#17027 = SURFACE_SIDE_STYLE('',(#17028));
#17028 = SURFACE_STYLE_FILL_AREA(#17029);
#17029 = FILL_AREA_STYLE('',(#17030));
#17030 = FILL_AREA_STYLE_COLOUR('',#16540);
#17031 = STYLED_ITEM('color',(#17032),#6001);
#17032 = PRESENTATION_STYLE_ASSIGNMENT((#17033));
#17033 = SURFACE_STYLE_USAGE(.BOTH.,#17034);
#17034 = SURFACE_SIDE_STYLE('',(#17035));
#17035 = SURFACE_STYLE_FILL_AREA(#17036);
#17036 = FILL_AREA_STYLE('',(#17037));
#17037 = FILL_AREA_STYLE_COLOUR('',#16540);
#17038 = STYLED_ITEM('color',(#17039),#6025);
#17039 = PRESENTATION_STYLE_ASSIGNMENT((#17040));
#17040 = SURFACE_STYLE_USAGE(.BOTH.,#17041);
#17041 = SURFACE_SIDE_STYLE('',(#17042));
#17042 = SURFACE_STYLE_FILL_AREA(#17043);
#17043 = FILL_AREA_STYLE('',(#17044));
#17044 = FILL_AREA_STYLE_COLOUR('',#16540);
#17045 = STYLED_ITEM('color',(#17046),#6049);
#17046 = PRESENTATION_STYLE_ASSIGNMENT((#17047));
#17047 = SURFACE_STYLE_USAGE(.BOTH.,#17048);
#17048 = SURFACE_SIDE_STYLE('',(#17049));
#17049 = SURFACE_STYLE_FILL_AREA(#17050);
#17050 = FILL_AREA_STYLE('',(#17051));
#17051 = FILL_AREA_STYLE_COLOUR('',#16540);
#17052 = STYLED_ITEM('color',(#17053),#6066);
#17053 = PRESENTATION_STYLE_ASSIGNMENT((#17054));
#17054 = SURFACE_STYLE_USAGE(.BOTH.,#17055);
#17055 = SURFACE_SIDE_STYLE('',(#17056));
#17056 = SURFACE_STYLE_FILL_AREA(#17057);
#17057 = FILL_AREA_STYLE('',(#17058));
#17058 = FILL_AREA_STYLE_COLOUR('',#16540);
#17059 = STYLED_ITEM('color',(#17060),#6163);
#17060 = PRESENTATION_STYLE_ASSIGNMENT((#17061));
#17061 = SURFACE_STYLE_USAGE(.BOTH.,#17062);
#17062 = SURFACE_SIDE_STYLE('',(#17063));
#17063 = SURFACE_STYLE_FILL_AREA(#17064);
#17064 = FILL_AREA_STYLE('',(#17065));
#17065 = FILL_AREA_STYLE_COLOUR('',#16540);
#17066 = STYLED_ITEM('color',(#17067),#6187);
#17067 = PRESENTATION_STYLE_ASSIGNMENT((#17068));
#17068 = SURFACE_STYLE_USAGE(.BOTH.,#17069);
#17069 = SURFACE_SIDE_STYLE('',(#17070));
#17070 = SURFACE_STYLE_FILL_AREA(#17071);
#17071 = FILL_AREA_STYLE('',(#17072));
#17072 = FILL_AREA_STYLE_COLOUR('',#16540);
#17073 = STYLED_ITEM('color',(#17074),#6277);
#17074 = PRESENTATION_STYLE_ASSIGNMENT((#17075));
#17075 = SURFACE_STYLE_USAGE(.BOTH.,#17076);
#17076 = SURFACE_SIDE_STYLE('',(#17077));
#17077 = SURFACE_STYLE_FILL_AREA(#17078);
#17078 = FILL_AREA_STYLE('',(#17079));
#17079 = FILL_AREA_STYLE_COLOUR('',#16540);
#17080 = STYLED_ITEM('color',(#17081),#6294);
#17081 = PRESENTATION_STYLE_ASSIGNMENT((#17082));
#17082 = SURFACE_STYLE_USAGE(.BOTH.,#17083);
#17083 = SURFACE_SIDE_STYLE('',(#17084));
#17084 = SURFACE_STYLE_FILL_AREA(#17085);
#17085 = FILL_AREA_STYLE('',(#17086));
#17086 = FILL_AREA_STYLE_COLOUR('',#16540);
#17087 = STYLED_ITEM('color',(#17088),#6359);
#17088 = PRESENTATION_STYLE_ASSIGNMENT((#17089));
#17089 = SURFACE_STYLE_USAGE(.BOTH.,#17090);
#17090 = SURFACE_SIDE_STYLE('',(#17091));
#17091 = SURFACE_STYLE_FILL_AREA(#17092);
#17092 = FILL_AREA_STYLE('',(#17093));
#17093 = FILL_AREA_STYLE_COLOUR('',#16540);
#17094 = STYLED_ITEM('color',(#17095),#6383);
#17095 = PRESENTATION_STYLE_ASSIGNMENT((#17096));
#17096 = SURFACE_STYLE_USAGE(.BOTH.,#17097);
#17097 = SURFACE_SIDE_STYLE('',(#17098));
#17098 = SURFACE_STYLE_FILL_AREA(#17099);
#17099 = FILL_AREA_STYLE('',(#17100));
#17100 = FILL_AREA_STYLE_COLOUR('',#16540);
#17101 = STYLED_ITEM('color',(#17102),#6441);
#17102 = PRESENTATION_STYLE_ASSIGNMENT((#17103));
#17103 = SURFACE_STYLE_USAGE(.BOTH.,#17104);
#17104 = SURFACE_SIDE_STYLE('',(#17105));
#17105 = SURFACE_STYLE_FILL_AREA(#17106);
#17106 = FILL_AREA_STYLE('',(#17107));
#17107 = FILL_AREA_STYLE_COLOUR('',#16540);
#17108 = STYLED_ITEM('color',(#17109),#6458);
#17109 = PRESENTATION_STYLE_ASSIGNMENT((#17110));
#17110 = SURFACE_STYLE_USAGE(.BOTH.,#17111);
#17111 = SURFACE_SIDE_STYLE('',(#17112));
#17112 = SURFACE_STYLE_FILL_AREA(#17113);
#17113 = FILL_AREA_STYLE('',(#17114));
#17114 = FILL_AREA_STYLE_COLOUR('',#16540);
#17115 = STYLED_ITEM('color',(#17116),#6523);
#17116 = PRESENTATION_STYLE_ASSIGNMENT((#17117));
#17117 = SURFACE_STYLE_USAGE(.BOTH.,#17118);
#17118 = SURFACE_SIDE_STYLE('',(#17119));
#17119 = SURFACE_STYLE_FILL_AREA(#17120);
#17120 = FILL_AREA_STYLE('',(#17121));
#17121 = FILL_AREA_STYLE_COLOUR('',#16540);
#17122 = STYLED_ITEM('color',(#17123),#6547);
#17123 = PRESENTATION_STYLE_ASSIGNMENT((#17124));
#17124 = SURFACE_STYLE_USAGE(.BOTH.,#17125);
#17125 = SURFACE_SIDE_STYLE('',(#17126));
#17126 = SURFACE_STYLE_FILL_AREA(#17127);
#17127 = FILL_AREA_STYLE('',(#17128));
#17128 = FILL_AREA_STYLE_COLOUR('',#16540);
#17129 = STYLED_ITEM('color',(#17130),#6605);
#17130 = PRESENTATION_STYLE_ASSIGNMENT((#17131));
#17131 = SURFACE_STYLE_USAGE(.BOTH.,#17132);
#17132 = SURFACE_SIDE_STYLE('',(#17133));
#17133 = SURFACE_STYLE_FILL_AREA(#17134);
#17134 = FILL_AREA_STYLE('',(#17135));
#17135 = FILL_AREA_STYLE_COLOUR('',#16540);
#17136 = STYLED_ITEM('color',(#17137),#6622);
#17137 = PRESENTATION_STYLE_ASSIGNMENT((#17138));
#17138 = SURFACE_STYLE_USAGE(.BOTH.,#17139);
#17139 = SURFACE_SIDE_STYLE('',(#17140));
#17140 = SURFACE_STYLE_FILL_AREA(#17141);
#17141 = FILL_AREA_STYLE('',(#17142));
#17142 = FILL_AREA_STYLE_COLOUR('',#16540);
#17143 = STYLED_ITEM('color',(#17144),#6653);
#17144 = PRESENTATION_STYLE_ASSIGNMENT((#17145));
#17145 = SURFACE_STYLE_USAGE(.BOTH.,#17146);
#17146 = SURFACE_SIDE_STYLE('',(#17147));
#17147 = SURFACE_STYLE_FILL_AREA(#17148);
#17148 = FILL_AREA_STYLE('',(#17149));
#17149 = FILL_AREA_STYLE_COLOUR('',#16540);
#17150 = STYLED_ITEM('color',(#17151),#6711);
#17151 = PRESENTATION_STYLE_ASSIGNMENT((#17152));
#17152 = SURFACE_STYLE_USAGE(.BOTH.,#17153);
#17153 = SURFACE_SIDE_STYLE('',(#17154));
#17154 = SURFACE_STYLE_FILL_AREA(#17155);
#17155 = FILL_AREA_STYLE('',(#17156));
#17156 = FILL_AREA_STYLE_COLOUR('',#16540);
#17157 = STYLED_ITEM('color',(#17158),#6735);
#17158 = PRESENTATION_STYLE_ASSIGNMENT((#17159));
#17159 = SURFACE_STYLE_USAGE(.BOTH.,#17160);
#17160 = SURFACE_SIDE_STYLE('',(#17161));
#17161 = SURFACE_STYLE_FILL_AREA(#17162);
#17162 = FILL_AREA_STYLE('',(#17163));
#17163 = FILL_AREA_STYLE_COLOUR('',#16540);
#17164 = STYLED_ITEM('color',(#17165),#6786);
#17165 = PRESENTATION_STYLE_ASSIGNMENT((#17166));
#17166 = SURFACE_STYLE_USAGE(.BOTH.,#17167);
#17167 = SURFACE_SIDE_STYLE('',(#17168));
#17168 = SURFACE_STYLE_FILL_AREA(#17169);
#17169 = FILL_AREA_STYLE('',(#17170));
#17170 = FILL_AREA_STYLE_COLOUR('',#16540);
#17171 = STYLED_ITEM('color',(#17172),#6851);
#17172 = PRESENTATION_STYLE_ASSIGNMENT((#17173));
#17173 = SURFACE_STYLE_USAGE(.BOTH.,#17174);
#17174 = SURFACE_SIDE_STYLE('',(#17175));
#17175 = SURFACE_STYLE_FILL_AREA(#17176);
#17176 = FILL_AREA_STYLE('',(#17177));
#17177 = FILL_AREA_STYLE_COLOUR('',#16540);
#17178 = STYLED_ITEM('color',(#17179),#6875);
#17179 = PRESENTATION_STYLE_ASSIGNMENT((#17180));
#17180 = SURFACE_STYLE_USAGE(.BOTH.,#17181);
#17181 = SURFACE_SIDE_STYLE('',(#17182));
#17182 = SURFACE_STYLE_FILL_AREA(#17183);
#17183 = FILL_AREA_STYLE('',(#17184));
#17184 = FILL_AREA_STYLE_COLOUR('',#16540);
#17185 = STYLED_ITEM('color',(#17186),#6933);
#17186 = PRESENTATION_STYLE_ASSIGNMENT((#17187));
#17187 = SURFACE_STYLE_USAGE(.BOTH.,#17188);
#17188 = SURFACE_SIDE_STYLE('',(#17189));
#17189 = SURFACE_STYLE_FILL_AREA(#17190);
#17190 = FILL_AREA_STYLE('',(#17191));
#17191 = FILL_AREA_STYLE_COLOUR('',#16540);
#17192 = STYLED_ITEM('color',(#17193),#6950);
#17193 = PRESENTATION_STYLE_ASSIGNMENT((#17194));
#17194 = SURFACE_STYLE_USAGE(.BOTH.,#17195);
#17195 = SURFACE_SIDE_STYLE('',(#17196));
#17196 = SURFACE_STYLE_FILL_AREA(#17197);
#17197 = FILL_AREA_STYLE('',(#17198));
#17198 = FILL_AREA_STYLE_COLOUR('',#16540);
#17199 = STYLED_ITEM('color',(#17200),#7015);
#17200 = PRESENTATION_STYLE_ASSIGNMENT((#17201));
#17201 = SURFACE_STYLE_USAGE(.BOTH.,#17202);
#17202 = SURFACE_SIDE_STYLE('',(#17203));
#17203 = SURFACE_STYLE_FILL_AREA(#17204);
#17204 = FILL_AREA_STYLE('',(#17205));
#17205 = FILL_AREA_STYLE_COLOUR('',#16540);
#17206 = STYLED_ITEM('color',(#17207),#7039);
#17207 = PRESENTATION_STYLE_ASSIGNMENT((#17208));
#17208 = SURFACE_STYLE_USAGE(.BOTH.,#17209);
#17209 = SURFACE_SIDE_STYLE('',(#17210));
#17210 = SURFACE_STYLE_FILL_AREA(#17211);
#17211 = FILL_AREA_STYLE('',(#17212));
#17212 = FILL_AREA_STYLE_COLOUR('',#16540);
#17213 = STYLED_ITEM('color',(#17214),#7097);
#17214 = PRESENTATION_STYLE_ASSIGNMENT((#17215));
#17215 = SURFACE_STYLE_USAGE(.BOTH.,#17216);
#17216 = SURFACE_SIDE_STYLE('',(#17217));
#17217 = SURFACE_STYLE_FILL_AREA(#17218);
#17218 = FILL_AREA_STYLE('',(#17219));
#17219 = FILL_AREA_STYLE_COLOUR('',#16540);
#17220 = STYLED_ITEM('color',(#17221),#7114);
#17221 = PRESENTATION_STYLE_ASSIGNMENT((#17222));
#17222 = SURFACE_STYLE_USAGE(.BOTH.,#17223);
#17223 = SURFACE_SIDE_STYLE('',(#17224));
#17224 = SURFACE_STYLE_FILL_AREA(#17225);
#17225 = FILL_AREA_STYLE('',(#17226));
#17226 = FILL_AREA_STYLE_COLOUR('',#16540);
#17227 = STYLED_ITEM('color',(#17228),#7179);
#17228 = PRESENTATION_STYLE_ASSIGNMENT((#17229));
#17229 = SURFACE_STYLE_USAGE(.BOTH.,#17230);
#17230 = SURFACE_SIDE_STYLE('',(#17231));
#17231 = SURFACE_STYLE_FILL_AREA(#17232);
#17232 = FILL_AREA_STYLE('',(#17233));
#17233 = FILL_AREA_STYLE_COLOUR('',#16540);
#17234 = STYLED_ITEM('color',(#17235),#7203);
#17235 = PRESENTATION_STYLE_ASSIGNMENT((#17236));
#17236 = SURFACE_STYLE_USAGE(.BOTH.,#17237);
#17237 = SURFACE_SIDE_STYLE('',(#17238));
#17238 = SURFACE_STYLE_FILL_AREA(#17239);
#17239 = FILL_AREA_STYLE('',(#17240));
#17240 = FILL_AREA_STYLE_COLOUR('',#16540);
#17241 = STYLED_ITEM('color',(#17242),#7261);
#17242 = PRESENTATION_STYLE_ASSIGNMENT((#17243));
#17243 = SURFACE_STYLE_USAGE(.BOTH.,#17244);
#17244 = SURFACE_SIDE_STYLE('',(#17245));
#17245 = SURFACE_STYLE_FILL_AREA(#17246);
#17246 = FILL_AREA_STYLE('',(#17247));
#17247 = FILL_AREA_STYLE_COLOUR('',#16540);
#17248 = STYLED_ITEM('color',(#17249),#7278);
#17249 = PRESENTATION_STYLE_ASSIGNMENT((#17250));
#17250 = SURFACE_STYLE_USAGE(.BOTH.,#17251);
#17251 = SURFACE_SIDE_STYLE('',(#17252));
#17252 = SURFACE_STYLE_FILL_AREA(#17253);
#17253 = FILL_AREA_STYLE('',(#17254));
#17254 = FILL_AREA_STYLE_COLOUR('',#16540);
#17255 = STYLED_ITEM('color',(#17256),#7309);
#17256 = PRESENTATION_STYLE_ASSIGNMENT((#17257));
#17257 = SURFACE_STYLE_USAGE(.BOTH.,#17258);
#17258 = SURFACE_SIDE_STYLE('',(#17259));
#17259 = SURFACE_STYLE_FILL_AREA(#17260);
#17260 = FILL_AREA_STYLE('',(#17261));
#17261 = FILL_AREA_STYLE_COLOUR('',#16540);
#17262 = STYLED_ITEM('color',(#17263),#7399);
#17263 = PRESENTATION_STYLE_ASSIGNMENT((#17264));
#17264 = SURFACE_STYLE_USAGE(.BOTH.,#17265);
#17265 = SURFACE_SIDE_STYLE('',(#17266));
#17266 = SURFACE_STYLE_FILL_AREA(#17267);
#17267 = FILL_AREA_STYLE('',(#17268));
#17268 = FILL_AREA_STYLE_COLOUR('',#16540);
#17269 = STYLED_ITEM('color',(#17270),#7423);
#17270 = PRESENTATION_STYLE_ASSIGNMENT((#17271));
#17271 = SURFACE_STYLE_USAGE(.BOTH.,#17272);
#17272 = SURFACE_SIDE_STYLE('',(#17273));
#17273 = SURFACE_STYLE_FILL_AREA(#17274);
#17274 = FILL_AREA_STYLE('',(#17275));
#17275 = FILL_AREA_STYLE_COLOUR('',#16540);
#17276 = STYLED_ITEM('color',(#17277),#7506);
#17277 = PRESENTATION_STYLE_ASSIGNMENT((#17278));
#17278 = SURFACE_STYLE_USAGE(.BOTH.,#17279);
#17279 = SURFACE_SIDE_STYLE('',(#17280));
#17280 = SURFACE_STYLE_FILL_AREA(#17281);
#17281 = FILL_AREA_STYLE('',(#17282));
#17282 = FILL_AREA_STYLE_COLOUR('',#16540);
#17283 = STYLED_ITEM('color',(#17284),#7518);
#17284 = PRESENTATION_STYLE_ASSIGNMENT((#17285));
#17285 = SURFACE_STYLE_USAGE(.BOTH.,#17286);
#17286 = SURFACE_SIDE_STYLE('',(#17287));
#17287 = SURFACE_STYLE_FILL_AREA(#17288);
#17288 = FILL_AREA_STYLE('',(#17289));
#17289 = FILL_AREA_STYLE_COLOUR('',#16540);
#17290 = STYLED_ITEM('color',(#17291),#7530);
#17291 = PRESENTATION_STYLE_ASSIGNMENT((#17292));
#17292 = SURFACE_STYLE_USAGE(.BOTH.,#17293);
#17293 = SURFACE_SIDE_STYLE('',(#17294));
#17294 = SURFACE_STYLE_FILL_AREA(#17295);
#17295 = FILL_AREA_STYLE('',(#17296));
#17296 = FILL_AREA_STYLE_COLOUR('',#16540);
#17297 = STYLED_ITEM('color',(#17298),#7542);
#17298 = PRESENTATION_STYLE_ASSIGNMENT((#17299));
#17299 = SURFACE_STYLE_USAGE(.BOTH.,#17300);
#17300 = SURFACE_SIDE_STYLE('',(#17301));
#17301 = SURFACE_STYLE_FILL_AREA(#17302);
#17302 = FILL_AREA_STYLE('',(#17303));
#17303 = FILL_AREA_STYLE_COLOUR('',#16540);
#17304 = STYLED_ITEM('color',(#17305),#7554);
#17305 = PRESENTATION_STYLE_ASSIGNMENT((#17306));
#17306 = SURFACE_STYLE_USAGE(.BOTH.,#17307);
#17307 = SURFACE_SIDE_STYLE('',(#17308));
#17308 = SURFACE_STYLE_FILL_AREA(#17309);
#17309 = FILL_AREA_STYLE('',(#17310));
#17310 = FILL_AREA_STYLE_COLOUR('',#16540);
#17311 = STYLED_ITEM('color',(#17312),#7566);
#17312 = PRESENTATION_STYLE_ASSIGNMENT((#17313));
#17313 = SURFACE_STYLE_USAGE(.BOTH.,#17314);
#17314 = SURFACE_SIDE_STYLE('',(#17315));
#17315 = SURFACE_STYLE_FILL_AREA(#17316);
#17316 = FILL_AREA_STYLE('',(#17317));
#17317 = FILL_AREA_STYLE_COLOUR('',#16540);
#17318 = STYLED_ITEM('color',(#17319),#7578);
#17319 = PRESENTATION_STYLE_ASSIGNMENT((#17320));
#17320 = SURFACE_STYLE_USAGE(.BOTH.,#17321);
#17321 = SURFACE_SIDE_STYLE('',(#17322));
#17322 = SURFACE_STYLE_FILL_AREA(#17323);
#17323 = FILL_AREA_STYLE('',(#17324));
#17324 = FILL_AREA_STYLE_COLOUR('',#16540);
#17325 = STYLED_ITEM('color',(#17326),#7590);
#17326 = PRESENTATION_STYLE_ASSIGNMENT((#17327));
#17327 = SURFACE_STYLE_USAGE(.BOTH.,#17328);
#17328 = SURFACE_SIDE_STYLE('',(#17329));
#17329 = SURFACE_STYLE_FILL_AREA(#17330);
#17330 = FILL_AREA_STYLE('',(#17331));
#17331 = FILL_AREA_STYLE_COLOUR('',#16540);
#17332 = STYLED_ITEM('color',(#17333),#7602);
#17333 = PRESENTATION_STYLE_ASSIGNMENT((#17334));
#17334 = SURFACE_STYLE_USAGE(.BOTH.,#17335);
#17335 = SURFACE_SIDE_STYLE('',(#17336));
#17336 = SURFACE_STYLE_FILL_AREA(#17337);
#17337 = FILL_AREA_STYLE('',(#17338));
#17338 = FILL_AREA_STYLE_COLOUR('',#16540);
#17339 = STYLED_ITEM('color',(#17340),#7619);
#17340 = PRESENTATION_STYLE_ASSIGNMENT((#17341));
#17341 = SURFACE_STYLE_USAGE(.BOTH.,#17342);
#17342 = SURFACE_SIDE_STYLE('',(#17343));
#17343 = SURFACE_STYLE_FILL_AREA(#17344);
#17344 = FILL_AREA_STYLE('',(#17345));
#17345 = FILL_AREA_STYLE_COLOUR('',#16540);
#17346 = STYLED_ITEM('color',(#17347),#7636);
#17347 = PRESENTATION_STYLE_ASSIGNMENT((#17348));
#17348 = SURFACE_STYLE_USAGE(.BOTH.,#17349);
#17349 = SURFACE_SIDE_STYLE('',(#17350));
#17350 = SURFACE_STYLE_FILL_AREA(#17351);
#17351 = FILL_AREA_STYLE('',(#17352));
#17352 = FILL_AREA_STYLE_COLOUR('',#16540);
#17353 = STYLED_ITEM('color',(#17354),#7653);
#17354 = PRESENTATION_STYLE_ASSIGNMENT((#17355));
#17355 = SURFACE_STYLE_USAGE(.BOTH.,#17356);
#17356 = SURFACE_SIDE_STYLE('',(#17357));
#17357 = SURFACE_STYLE_FILL_AREA(#17358);
#17358 = FILL_AREA_STYLE('',(#17359));
#17359 = FILL_AREA_STYLE_COLOUR('',#16540);
#17360 = STYLED_ITEM('color',(#17361),#7686);
#17361 = PRESENTATION_STYLE_ASSIGNMENT((#17362));
#17362 = SURFACE_STYLE_USAGE(.BOTH.,#17363);
#17363 = SURFACE_SIDE_STYLE('',(#17364));
#17364 = SURFACE_STYLE_FILL_AREA(#17365);
#17365 = FILL_AREA_STYLE('',(#17366));
#17366 = FILL_AREA_STYLE_COLOUR('',#16540);
#17367 = STYLED_ITEM('color',(#17368),#7726);
#17368 = PRESENTATION_STYLE_ASSIGNMENT((#17369));
#17369 = SURFACE_STYLE_USAGE(.BOTH.,#17370);
#17370 = SURFACE_SIDE_STYLE('',(#17371));
#17371 = SURFACE_STYLE_FILL_AREA(#17372);
#17372 = FILL_AREA_STYLE('',(#17373));
#17373 = FILL_AREA_STYLE_COLOUR('',#16540);
#17374 = STYLED_ITEM('color',(#17375),#7757);
#17375 = PRESENTATION_STYLE_ASSIGNMENT((#17376));
#17376 = SURFACE_STYLE_USAGE(.BOTH.,#17377);
#17377 = SURFACE_SIDE_STYLE('',(#17378));
#17378 = SURFACE_STYLE_FILL_AREA(#17379);
#17379 = FILL_AREA_STYLE('',(#17380));
#17380 = FILL_AREA_STYLE_COLOUR('',#16540);
#17381 = STYLED_ITEM('color',(#17382),#7774);
#17382 = PRESENTATION_STYLE_ASSIGNMENT((#17383));
#17383 = SURFACE_STYLE_USAGE(.BOTH.,#17384);
#17384 = SURFACE_SIDE_STYLE('',(#17385));
#17385 = SURFACE_STYLE_FILL_AREA(#17386);
#17386 = FILL_AREA_STYLE('',(#17387));
#17387 = FILL_AREA_STYLE_COLOUR('',#16540);
#17388 = STYLED_ITEM('color',(#17389),#7791);
#17389 = PRESENTATION_STYLE_ASSIGNMENT((#17390));
#17390 = SURFACE_STYLE_USAGE(.BOTH.,#17391);
#17391 = SURFACE_SIDE_STYLE('',(#17392));
#17392 = SURFACE_STYLE_FILL_AREA(#17393);
#17393 = FILL_AREA_STYLE('',(#17394));
#17394 = FILL_AREA_STYLE_COLOUR('',#16540);
#17395 = STYLED_ITEM('color',(#17396),#7803);
#17396 = PRESENTATION_STYLE_ASSIGNMENT((#17397));
#17397 = SURFACE_STYLE_USAGE(.BOTH.,#17398);
#17398 = SURFACE_SIDE_STYLE('',(#17399));
#17399 = SURFACE_STYLE_FILL_AREA(#17400);
#17400 = FILL_AREA_STYLE('',(#17401));
#17401 = FILL_AREA_STYLE_COLOUR('',#16540);
#17402 = STYLED_ITEM('color',(#17403),#7836);
#17403 = PRESENTATION_STYLE_ASSIGNMENT((#17404));
#17404 = SURFACE_STYLE_USAGE(.BOTH.,#17405);
#17405 = SURFACE_SIDE_STYLE('',(#17406));
#17406 = SURFACE_STYLE_FILL_AREA(#17407);
#17407 = FILL_AREA_STYLE('',(#17408));
#17408 = FILL_AREA_STYLE_COLOUR('',#16540);
#17409 = STYLED_ITEM('color',(#17410),#7853);
#17410 = PRESENTATION_STYLE_ASSIGNMENT((#17411));
#17411 = SURFACE_STYLE_USAGE(.BOTH.,#17412);
#17412 = SURFACE_SIDE_STYLE('',(#17413));
#17413 = SURFACE_STYLE_FILL_AREA(#17414);
#17414 = FILL_AREA_STYLE('',(#17415));
#17415 = FILL_AREA_STYLE_COLOUR('',#16540);
#17416 = STYLED_ITEM('color',(#17417),#7870);
#17417 = PRESENTATION_STYLE_ASSIGNMENT((#17418));
#17418 = SURFACE_STYLE_USAGE(.BOTH.,#17419);
#17419 = SURFACE_SIDE_STYLE('',(#17420));
#17420 = SURFACE_STYLE_FILL_AREA(#17421);
#17421 = FILL_AREA_STYLE('',(#17422));
#17422 = FILL_AREA_STYLE_COLOUR('',#16540);
#17423 = STYLED_ITEM('color',(#17424),#7901);
#17424 = PRESENTATION_STYLE_ASSIGNMENT((#17425));
#17425 = SURFACE_STYLE_USAGE(.BOTH.,#17426);
#17426 = SURFACE_SIDE_STYLE('',(#17427));
#17427 = SURFACE_STYLE_FILL_AREA(#17428);
#17428 = FILL_AREA_STYLE('',(#17429));
#17429 = FILL_AREA_STYLE_COLOUR('',#16540);
#17430 = STYLED_ITEM('color',(#17431),#7923);
#17431 = PRESENTATION_STYLE_ASSIGNMENT((#17432));
#17432 = SURFACE_STYLE_USAGE(.BOTH.,#17433);
#17433 = SURFACE_SIDE_STYLE('',(#17434));
#17434 = SURFACE_STYLE_FILL_AREA(#17435);
#17435 = FILL_AREA_STYLE('',(#17436));
#17436 = FILL_AREA_STYLE_COLOUR('',#16540);
#17437 = STYLED_ITEM('color',(#17438),#7935);
#17438 = PRESENTATION_STYLE_ASSIGNMENT((#17439));
#17439 = SURFACE_STYLE_USAGE(.BOTH.,#17440);
#17440 = SURFACE_SIDE_STYLE('',(#17441));
#17441 = SURFACE_STYLE_FILL_AREA(#17442);
#17442 = FILL_AREA_STYLE('',(#17443));
#17443 = FILL_AREA_STYLE_COLOUR('',#16540);
#17444 = STYLED_ITEM('color',(#17445),#7966);
#17445 = PRESENTATION_STYLE_ASSIGNMENT((#17446));
#17446 = SURFACE_STYLE_USAGE(.BOTH.,#17447);
#17447 = SURFACE_SIDE_STYLE('',(#17448));
#17448 = SURFACE_STYLE_FILL_AREA(#17449);
#17449 = FILL_AREA_STYLE('',(#17450));
#17450 = FILL_AREA_STYLE_COLOUR('',#16540);
#17451 = STYLED_ITEM('color',(#17452),#7983);
#17452 = PRESENTATION_STYLE_ASSIGNMENT((#17453));
#17453 = SURFACE_STYLE_USAGE(.BOTH.,#17454);
#17454 = SURFACE_SIDE_STYLE('',(#17455));
#17455 = SURFACE_STYLE_FILL_AREA(#17456);
#17456 = FILL_AREA_STYLE('',(#17457));
#17457 = FILL_AREA_STYLE_COLOUR('',#16540);
#17458 = STYLED_ITEM('color',(#17459),#8000);
#17459 = PRESENTATION_STYLE_ASSIGNMENT((#17460));
#17460 = SURFACE_STYLE_USAGE(.BOTH.,#17461);
#17461 = SURFACE_SIDE_STYLE('',(#17462));
#17462 = SURFACE_STYLE_FILL_AREA(#17463);
#17463 = FILL_AREA_STYLE('',(#17464));
#17464 = FILL_AREA_STYLE_COLOUR('',#16540);
#17465 = STYLED_ITEM('color',(#17466),#8031);
#17466 = PRESENTATION_STYLE_ASSIGNMENT((#17467));
#17467 = SURFACE_STYLE_USAGE(.BOTH.,#17468);
#17468 = SURFACE_SIDE_STYLE('',(#17469));
#17469 = SURFACE_STYLE_FILL_AREA(#17470);
#17470 = FILL_AREA_STYLE('',(#17471));
#17471 = FILL_AREA_STYLE_COLOUR('',#16540);
#17472 = STYLED_ITEM('color',(#17473),#8053);
#17473 = PRESENTATION_STYLE_ASSIGNMENT((#17474));
#17474 = SURFACE_STYLE_USAGE(.BOTH.,#17475);
#17475 = SURFACE_SIDE_STYLE('',(#17476));
#17476 = SURFACE_STYLE_FILL_AREA(#17477);
#17477 = FILL_AREA_STYLE('',(#17478));
#17478 = FILL_AREA_STYLE_COLOUR('',#16540);
#17479 = STYLED_ITEM('color',(#17480),#8065);
#17480 = PRESENTATION_STYLE_ASSIGNMENT((#17481));
#17481 = SURFACE_STYLE_USAGE(.BOTH.,#17482);
#17482 = SURFACE_SIDE_STYLE('',(#17483));
#17483 = SURFACE_STYLE_FILL_AREA(#17484);
#17484 = FILL_AREA_STYLE('',(#17485));
#17485 = FILL_AREA_STYLE_COLOUR('',#16540);
#17486 = STYLED_ITEM('color',(#17487),#8096);
#17487 = PRESENTATION_STYLE_ASSIGNMENT((#17488));
#17488 = SURFACE_STYLE_USAGE(.BOTH.,#17489);
#17489 = SURFACE_SIDE_STYLE('',(#17490));
#17490 = SURFACE_STYLE_FILL_AREA(#17491);
#17491 = FILL_AREA_STYLE('',(#17492));
#17492 = FILL_AREA_STYLE_COLOUR('',#16540);
#17493 = STYLED_ITEM('color',(#17494),#8113);
#17494 = PRESENTATION_STYLE_ASSIGNMENT((#17495));
#17495 = SURFACE_STYLE_USAGE(.BOTH.,#17496);
#17496 = SURFACE_SIDE_STYLE('',(#17497));
#17497 = SURFACE_STYLE_FILL_AREA(#17498);
#17498 = FILL_AREA_STYLE('',(#17499));
#17499 = FILL_AREA_STYLE_COLOUR('',#16540);
#17500 = STYLED_ITEM('color',(#17501),#8130);
#17501 = PRESENTATION_STYLE_ASSIGNMENT((#17502));
#17502 = SURFACE_STYLE_USAGE(.BOTH.,#17503);
#17503 = SURFACE_SIDE_STYLE('',(#17504));
#17504 = SURFACE_STYLE_FILL_AREA(#17505);
#17505 = FILL_AREA_STYLE('',(#17506));
#17506 = FILL_AREA_STYLE_COLOUR('',#16540);
#17507 = STYLED_ITEM('color',(#17508),#8147);
#17508 = PRESENTATION_STYLE_ASSIGNMENT((#17509));
#17509 = SURFACE_STYLE_USAGE(.BOTH.,#17510);
#17510 = SURFACE_SIDE_STYLE('',(#17511));
#17511 = SURFACE_STYLE_FILL_AREA(#17512);
#17512 = FILL_AREA_STYLE('',(#17513));
#17513 = FILL_AREA_STYLE_COLOUR('',#16540);
#17514 = STYLED_ITEM('color',(#17515),#8178);
#17515 = PRESENTATION_STYLE_ASSIGNMENT((#17516));
#17516 = SURFACE_STYLE_USAGE(.BOTH.,#17517);
#17517 = SURFACE_SIDE_STYLE('',(#17518));
#17518 = SURFACE_STYLE_FILL_AREA(#17519);
#17519 = FILL_AREA_STYLE('',(#17520));
#17520 = FILL_AREA_STYLE_COLOUR('',#16540);
#17521 = STYLED_ITEM('color',(#17522),#8195);
#17522 = PRESENTATION_STYLE_ASSIGNMENT((#17523));
#17523 = SURFACE_STYLE_USAGE(.BOTH.,#17524);
#17524 = SURFACE_SIDE_STYLE('',(#17525));
#17525 = SURFACE_STYLE_FILL_AREA(#17526);
#17526 = FILL_AREA_STYLE('',(#17527));
#17527 = FILL_AREA_STYLE_COLOUR('',#16540);
#17528 = STYLED_ITEM('color',(#17529),#8226);
#17529 = PRESENTATION_STYLE_ASSIGNMENT((#17530));
#17530 = SURFACE_STYLE_USAGE(.BOTH.,#17531);
#17531 = SURFACE_SIDE_STYLE('',(#17532));
#17532 = SURFACE_STYLE_FILL_AREA(#17533);
#17533 = FILL_AREA_STYLE('',(#17534));
#17534 = FILL_AREA_STYLE_COLOUR('',#16540);
#17535 = STYLED_ITEM('color',(#17536),#8243);
#17536 = PRESENTATION_STYLE_ASSIGNMENT((#17537));
#17537 = SURFACE_STYLE_USAGE(.BOTH.,#17538);
#17538 = SURFACE_SIDE_STYLE('',(#17539));
#17539 = SURFACE_STYLE_FILL_AREA(#17540);
#17540 = FILL_AREA_STYLE('',(#17541));
#17541 = FILL_AREA_STYLE_COLOUR('',#16540);
#17542 = STYLED_ITEM('color',(#17543),#8260);
#17543 = PRESENTATION_STYLE_ASSIGNMENT((#17544));
#17544 = SURFACE_STYLE_USAGE(.BOTH.,#17545);
#17545 = SURFACE_SIDE_STYLE('',(#17546));
#17546 = SURFACE_STYLE_FILL_AREA(#17547);
#17547 = FILL_AREA_STYLE('',(#17548));
#17548 = FILL_AREA_STYLE_COLOUR('',#16540);
#17549 = STYLED_ITEM('color',(#17550),#8291);
#17550 = PRESENTATION_STYLE_ASSIGNMENT((#17551));
#17551 = SURFACE_STYLE_USAGE(.BOTH.,#17552);
#17552 = SURFACE_SIDE_STYLE('',(#17553));
#17553 = SURFACE_STYLE_FILL_AREA(#17554);
#17554 = FILL_AREA_STYLE('',(#17555));
#17555 = FILL_AREA_STYLE_COLOUR('',#16540);
#17556 = STYLED_ITEM('color',(#17557),#8313);
#17557 = PRESENTATION_STYLE_ASSIGNMENT((#17558));
#17558 = SURFACE_STYLE_USAGE(.BOTH.,#17559);
#17559 = SURFACE_SIDE_STYLE('',(#17560));
#17560 = SURFACE_STYLE_FILL_AREA(#17561);
#17561 = FILL_AREA_STYLE('',(#17562));
#17562 = FILL_AREA_STYLE_COLOUR('',#16540);
#17563 = STYLED_ITEM('color',(#17564),#8325);
#17564 = PRESENTATION_STYLE_ASSIGNMENT((#17565));
#17565 = SURFACE_STYLE_USAGE(.BOTH.,#17566);
#17566 = SURFACE_SIDE_STYLE('',(#17567));
#17567 = SURFACE_STYLE_FILL_AREA(#17568);
#17568 = FILL_AREA_STYLE('',(#17569));
#17569 = FILL_AREA_STYLE_COLOUR('',#16540);
#17570 = STYLED_ITEM('color',(#17571),#8356);
#17571 = PRESENTATION_STYLE_ASSIGNMENT((#17572));
#17572 = SURFACE_STYLE_USAGE(.BOTH.,#17573);
#17573 = SURFACE_SIDE_STYLE('',(#17574));
#17574 = SURFACE_STYLE_FILL_AREA(#17575);
#17575 = FILL_AREA_STYLE('',(#17576));
#17576 = FILL_AREA_STYLE_COLOUR('',#16540);
#17577 = STYLED_ITEM('color',(#17578),#8373);
#17578 = PRESENTATION_STYLE_ASSIGNMENT((#17579));
#17579 = SURFACE_STYLE_USAGE(.BOTH.,#17580);
#17580 = SURFACE_SIDE_STYLE('',(#17581));
#17581 = SURFACE_STYLE_FILL_AREA(#17582);
#17582 = FILL_AREA_STYLE('',(#17583));
#17583 = FILL_AREA_STYLE_COLOUR('',#16540);
#17584 = STYLED_ITEM('color',(#17585),#8390);
#17585 = PRESENTATION_STYLE_ASSIGNMENT((#17586));
#17586 = SURFACE_STYLE_USAGE(.BOTH.,#17587);
#17587 = SURFACE_SIDE_STYLE('',(#17588));
#17588 = SURFACE_STYLE_FILL_AREA(#17589);
#17589 = FILL_AREA_STYLE('',(#17590));
#17590 = FILL_AREA_STYLE_COLOUR('',#16540);
#17591 = STYLED_ITEM('color',(#17592),#8421);
#17592 = PRESENTATION_STYLE_ASSIGNMENT((#17593));
#17593 = SURFACE_STYLE_USAGE(.BOTH.,#17594);
#17594 = SURFACE_SIDE_STYLE('',(#17595));
#17595 = SURFACE_STYLE_FILL_AREA(#17596);
#17596 = FILL_AREA_STYLE('',(#17597));
#17597 = FILL_AREA_STYLE_COLOUR('',#16540);
#17598 = STYLED_ITEM('color',(#17599),#8443);
#17599 = PRESENTATION_STYLE_ASSIGNMENT((#17600));
#17600 = SURFACE_STYLE_USAGE(.BOTH.,#17601);
#17601 = SURFACE_SIDE_STYLE('',(#17602));
#17602 = SURFACE_STYLE_FILL_AREA(#17603);
#17603 = FILL_AREA_STYLE('',(#17604));
#17604 = FILL_AREA_STYLE_COLOUR('',#16540);
#17605 = STYLED_ITEM('color',(#17606),#8455);
#17606 = PRESENTATION_STYLE_ASSIGNMENT((#17607));
#17607 = SURFACE_STYLE_USAGE(.BOTH.,#17608);
#17608 = SURFACE_SIDE_STYLE('',(#17609));
#17609 = SURFACE_STYLE_FILL_AREA(#17610);
#17610 = FILL_AREA_STYLE('',(#17611));
#17611 = FILL_AREA_STYLE_COLOUR('',#16540);
#17612 = STYLED_ITEM('color',(#17613),#8486);
#17613 = PRESENTATION_STYLE_ASSIGNMENT((#17614));
#17614 = SURFACE_STYLE_USAGE(.BOTH.,#17615);
#17615 = SURFACE_SIDE_STYLE('',(#17616));
#17616 = SURFACE_STYLE_FILL_AREA(#17617);
#17617 = FILL_AREA_STYLE('',(#17618));
#17618 = FILL_AREA_STYLE_COLOUR('',#16540);
#17619 = STYLED_ITEM('color',(#17620),#8503);
#17620 = PRESENTATION_STYLE_ASSIGNMENT((#17621));
#17621 = SURFACE_STYLE_USAGE(.BOTH.,#17622);
#17622 = SURFACE_SIDE_STYLE('',(#17623));
#17623 = SURFACE_STYLE_FILL_AREA(#17624);
#17624 = FILL_AREA_STYLE('',(#17625));
#17625 = FILL_AREA_STYLE_COLOUR('',#16540);
#17626 = STYLED_ITEM('color',(#17627),#8520);
#17627 = PRESENTATION_STYLE_ASSIGNMENT((#17628));
#17628 = SURFACE_STYLE_USAGE(.BOTH.,#17629);
#17629 = SURFACE_SIDE_STYLE('',(#17630));
#17630 = SURFACE_STYLE_FILL_AREA(#17631);
#17631 = FILL_AREA_STYLE('',(#17632));
#17632 = FILL_AREA_STYLE_COLOUR('',#16540);
#17633 = STYLED_ITEM('color',(#17634),#8551);
#17634 = PRESENTATION_STYLE_ASSIGNMENT((#17635));
#17635 = SURFACE_STYLE_USAGE(.BOTH.,#17636);
#17636 = SURFACE_SIDE_STYLE('',(#17637));
#17637 = SURFACE_STYLE_FILL_AREA(#17638);
#17638 = FILL_AREA_STYLE('',(#17639));
#17639 = FILL_AREA_STYLE_COLOUR('',#16540);
#17640 = STYLED_ITEM('color',(#17641),#8573);
#17641 = PRESENTATION_STYLE_ASSIGNMENT((#17642));
#17642 = SURFACE_STYLE_USAGE(.BOTH.,#17643);
#17643 = SURFACE_SIDE_STYLE('',(#17644));
#17644 = SURFACE_STYLE_FILL_AREA(#17645);
#17645 = FILL_AREA_STYLE('',(#17646));
#17646 = FILL_AREA_STYLE_COLOUR('',#16540);
#17647 = STYLED_ITEM('color',(#17648),#8585);
#17648 = PRESENTATION_STYLE_ASSIGNMENT((#17649));
#17649 = SURFACE_STYLE_USAGE(.BOTH.,#17650);
#17650 = SURFACE_SIDE_STYLE('',(#17651));
#17651 = SURFACE_STYLE_FILL_AREA(#17652);
#17652 = FILL_AREA_STYLE('',(#17653));
#17653 = FILL_AREA_STYLE_COLOUR('',#16540);
#17654 = STYLED_ITEM('color',(#17655),#8616);
#17655 = PRESENTATION_STYLE_ASSIGNMENT((#17656));
#17656 = SURFACE_STYLE_USAGE(.BOTH.,#17657);
#17657 = SURFACE_SIDE_STYLE('',(#17658));
#17658 = SURFACE_STYLE_FILL_AREA(#17659);
#17659 = FILL_AREA_STYLE('',(#17660));
#17660 = FILL_AREA_STYLE_COLOUR('',#16540);
#17661 = STYLED_ITEM('color',(#17662),#8633);
#17662 = PRESENTATION_STYLE_ASSIGNMENT((#17663));
#17663 = SURFACE_STYLE_USAGE(.BOTH.,#17664);
#17664 = SURFACE_SIDE_STYLE('',(#17665));
#17665 = SURFACE_STYLE_FILL_AREA(#17666);
#17666 = FILL_AREA_STYLE('',(#17667));
#17667 = FILL_AREA_STYLE_COLOUR('',#16540);
#17668 = STYLED_ITEM('color',(#17669),#8650);
#17669 = PRESENTATION_STYLE_ASSIGNMENT((#17670));
#17670 = SURFACE_STYLE_USAGE(.BOTH.,#17671);
#17671 = SURFACE_SIDE_STYLE('',(#17672));
#17672 = SURFACE_STYLE_FILL_AREA(#17673);
#17673 = FILL_AREA_STYLE('',(#17674));
#17674 = FILL_AREA_STYLE_COLOUR('',#16540);
#17675 = STYLED_ITEM('color',(#17676),#8667);
#17676 = PRESENTATION_STYLE_ASSIGNMENT((#17677));
#17677 = SURFACE_STYLE_USAGE(.BOTH.,#17678);
#17678 = SURFACE_SIDE_STYLE('',(#17679));
#17679 = SURFACE_STYLE_FILL_AREA(#17680);
#17680 = FILL_AREA_STYLE('',(#17681));
#17681 = FILL_AREA_STYLE_COLOUR('',#16540);
#17682 = STYLED_ITEM('color',(#17683),#8684);
#17683 = PRESENTATION_STYLE_ASSIGNMENT((#17684));
#17684 = SURFACE_STYLE_USAGE(.BOTH.,#17685);
#17685 = SURFACE_SIDE_STYLE('',(#17686));
#17686 = SURFACE_STYLE_FILL_AREA(#17687);
#17687 = FILL_AREA_STYLE('',(#17688));
#17688 = FILL_AREA_STYLE_COLOUR('',#16540);
#17689 = STYLED_ITEM('color',(#17690),#8717);
#17690 = PRESENTATION_STYLE_ASSIGNMENT((#17691));
#17691 = SURFACE_STYLE_USAGE(.BOTH.,#17692);
#17692 = SURFACE_SIDE_STYLE('',(#17693));
#17693 = SURFACE_STYLE_FILL_AREA(#17694);
#17694 = FILL_AREA_STYLE('',(#17695));
#17695 = FILL_AREA_STYLE_COLOUR('',#16540);
#17696 = STYLED_ITEM('color',(#17697),#8757);
#17697 = PRESENTATION_STYLE_ASSIGNMENT((#17698));
#17698 = SURFACE_STYLE_USAGE(.BOTH.,#17699);
#17699 = SURFACE_SIDE_STYLE('',(#17700));
#17700 = SURFACE_STYLE_FILL_AREA(#17701);
#17701 = FILL_AREA_STYLE('',(#17702));
#17702 = FILL_AREA_STYLE_COLOUR('',#16540);
#17703 = STYLED_ITEM('color',(#17704),#8788);
#17704 = PRESENTATION_STYLE_ASSIGNMENT((#17705));
#17705 = SURFACE_STYLE_USAGE(.BOTH.,#17706);
#17706 = SURFACE_SIDE_STYLE('',(#17707));
#17707 = SURFACE_STYLE_FILL_AREA(#17708);
#17708 = FILL_AREA_STYLE('',(#17709));
#17709 = FILL_AREA_STYLE_COLOUR('',#16540);
#17710 = STYLED_ITEM('color',(#17711),#8805);
#17711 = PRESENTATION_STYLE_ASSIGNMENT((#17712));
#17712 = SURFACE_STYLE_USAGE(.BOTH.,#17713);
#17713 = SURFACE_SIDE_STYLE('',(#17714));
#17714 = SURFACE_STYLE_FILL_AREA(#17715);
#17715 = FILL_AREA_STYLE('',(#17716));
#17716 = FILL_AREA_STYLE_COLOUR('',#16540);
#17717 = STYLED_ITEM('color',(#17718),#8817);
#17718 = PRESENTATION_STYLE_ASSIGNMENT((#17719));
#17719 = SURFACE_STYLE_USAGE(.BOTH.,#17720);
#17720 = SURFACE_SIDE_STYLE('',(#17721));
#17721 = SURFACE_STYLE_FILL_AREA(#17722);
#17722 = FILL_AREA_STYLE('',(#17723));
#17723 = FILL_AREA_STYLE_COLOUR('',#16540);
#17724 = STYLED_ITEM('color',(#17725),#8850);
#17725 = PRESENTATION_STYLE_ASSIGNMENT((#17726));
#17726 = SURFACE_STYLE_USAGE(.BOTH.,#17727);
#17727 = SURFACE_SIDE_STYLE('',(#17728));
#17728 = SURFACE_STYLE_FILL_AREA(#17729);
#17729 = FILL_AREA_STYLE('',(#17730));
#17730 = FILL_AREA_STYLE_COLOUR('',#16540);
#17731 = STYLED_ITEM('color',(#17732),#8867);
#17732 = PRESENTATION_STYLE_ASSIGNMENT((#17733));
#17733 = SURFACE_STYLE_USAGE(.BOTH.,#17734);
#17734 = SURFACE_SIDE_STYLE('',(#17735));
#17735 = SURFACE_STYLE_FILL_AREA(#17736);
#17736 = FILL_AREA_STYLE('',(#17737));
#17737 = FILL_AREA_STYLE_COLOUR('',#16540);
#17738 = STYLED_ITEM('color',(#17739),#8884);
#17739 = PRESENTATION_STYLE_ASSIGNMENT((#17740));
#17740 = SURFACE_STYLE_USAGE(.BOTH.,#17741);
#17741 = SURFACE_SIDE_STYLE('',(#17742));
#17742 = SURFACE_STYLE_FILL_AREA(#17743);
#17743 = FILL_AREA_STYLE('',(#17744));
#17744 = FILL_AREA_STYLE_COLOUR('',#16540);
#17745 = STYLED_ITEM('color',(#17746),#8896);
#17746 = PRESENTATION_STYLE_ASSIGNMENT((#17747));
#17747 = SURFACE_STYLE_USAGE(.BOTH.,#17748);
#17748 = SURFACE_SIDE_STYLE('',(#17749));
#17749 = SURFACE_STYLE_FILL_AREA(#17750);
#17750 = FILL_AREA_STYLE('',(#17751));
#17751 = FILL_AREA_STYLE_COLOUR('',#16540);
#17752 = STYLED_ITEM('color',(#17753),#8913);
#17753 = PRESENTATION_STYLE_ASSIGNMENT((#17754));
#17754 = SURFACE_STYLE_USAGE(.BOTH.,#17755);
#17755 = SURFACE_SIDE_STYLE('',(#17756));
#17756 = SURFACE_STYLE_FILL_AREA(#17757);
#17757 = FILL_AREA_STYLE('',(#17758));
#17758 = FILL_AREA_STYLE_COLOUR('',#16540);
#17759 = STYLED_ITEM('color',(#17760),#8930);
#17760 = PRESENTATION_STYLE_ASSIGNMENT((#17761));
#17761 = SURFACE_STYLE_USAGE(.BOTH.,#17762);
#17762 = SURFACE_SIDE_STYLE('',(#17763));
#17763 = SURFACE_STYLE_FILL_AREA(#17764);
#17764 = FILL_AREA_STYLE('',(#17765));
#17765 = FILL_AREA_STYLE_COLOUR('',#16540);
#17766 = STYLED_ITEM('color',(#17767),#8942);
#17767 = PRESENTATION_STYLE_ASSIGNMENT((#17768));
#17768 = SURFACE_STYLE_USAGE(.BOTH.,#17769);
#17769 = SURFACE_SIDE_STYLE('',(#17770));
#17770 = SURFACE_STYLE_FILL_AREA(#17771);
#17771 = FILL_AREA_STYLE('',(#17772));
#17772 = FILL_AREA_STYLE_COLOUR('',#16540);
#17773 = STYLED_ITEM('color',(#17774),#8959);
#17774 = PRESENTATION_STYLE_ASSIGNMENT((#17775));
#17775 = SURFACE_STYLE_USAGE(.BOTH.,#17776);
#17776 = SURFACE_SIDE_STYLE('',(#17777));
#17777 = SURFACE_STYLE_FILL_AREA(#17778);
#17778 = FILL_AREA_STYLE('',(#17779));
#17779 = FILL_AREA_STYLE_COLOUR('',#16540);
#17780 = STYLED_ITEM('color',(#17781),#8976);
#17781 = PRESENTATION_STYLE_ASSIGNMENT((#17782));
#17782 = SURFACE_STYLE_USAGE(.BOTH.,#17783);
#17783 = SURFACE_SIDE_STYLE('',(#17784));
#17784 = SURFACE_STYLE_FILL_AREA(#17785);
#17785 = FILL_AREA_STYLE('',(#17786));
#17786 = FILL_AREA_STYLE_COLOUR('',#16540);
#17787 = STYLED_ITEM('color',(#17788),#8988);
#17788 = PRESENTATION_STYLE_ASSIGNMENT((#17789));
#17789 = SURFACE_STYLE_USAGE(.BOTH.,#17790);
#17790 = SURFACE_SIDE_STYLE('',(#17791));
#17791 = SURFACE_STYLE_FILL_AREA(#17792);
#17792 = FILL_AREA_STYLE('',(#17793));
#17793 = FILL_AREA_STYLE_COLOUR('',#16540);
#17794 = STYLED_ITEM('color',(#17795),#9005);
#17795 = PRESENTATION_STYLE_ASSIGNMENT((#17796));
#17796 = SURFACE_STYLE_USAGE(.BOTH.,#17797);
#17797 = SURFACE_SIDE_STYLE('',(#17798));
#17798 = SURFACE_STYLE_FILL_AREA(#17799);
#17799 = FILL_AREA_STYLE('',(#17800));
#17800 = FILL_AREA_STYLE_COLOUR('',#16540);
#17801 = STYLED_ITEM('color',(#17802),#9022);
#17802 = PRESENTATION_STYLE_ASSIGNMENT((#17803));
#17803 = SURFACE_STYLE_USAGE(.BOTH.,#17804);
#17804 = SURFACE_SIDE_STYLE('',(#17805));
#17805 = SURFACE_STYLE_FILL_AREA(#17806);
#17806 = FILL_AREA_STYLE('',(#17807));
#17807 = FILL_AREA_STYLE_COLOUR('',#16540);
#17808 = STYLED_ITEM('color',(#17809),#9034);
#17809 = PRESENTATION_STYLE_ASSIGNMENT((#17810));
#17810 = SURFACE_STYLE_USAGE(.BOTH.,#17811);
#17811 = SURFACE_SIDE_STYLE('',(#17812));
#17812 = SURFACE_STYLE_FILL_AREA(#17813);
#17813 = FILL_AREA_STYLE('',(#17814));
#17814 = FILL_AREA_STYLE_COLOUR('',#16540);
#17815 = STYLED_ITEM('color',(#17816),#9051);
#17816 = PRESENTATION_STYLE_ASSIGNMENT((#17817));
#17817 = SURFACE_STYLE_USAGE(.BOTH.,#17818);
#17818 = SURFACE_SIDE_STYLE('',(#17819));
#17819 = SURFACE_STYLE_FILL_AREA(#17820);
#17820 = FILL_AREA_STYLE('',(#17821));
#17821 = FILL_AREA_STYLE_COLOUR('',#16540);
#17822 = STYLED_ITEM('color',(#17823),#9068);
#17823 = PRESENTATION_STYLE_ASSIGNMENT((#17824));
#17824 = SURFACE_STYLE_USAGE(.BOTH.,#17825);
#17825 = SURFACE_SIDE_STYLE('',(#17826));
#17826 = SURFACE_STYLE_FILL_AREA(#17827);
#17827 = FILL_AREA_STYLE('',(#17828));
#17828 = FILL_AREA_STYLE_COLOUR('',#16540);
#17829 = STYLED_ITEM('color',(#17830),#9080);
#17830 = PRESENTATION_STYLE_ASSIGNMENT((#17831));
#17831 = SURFACE_STYLE_USAGE(.BOTH.,#17832);
#17832 = SURFACE_SIDE_STYLE('',(#17833));
#17833 = SURFACE_STYLE_FILL_AREA(#17834);
#17834 = FILL_AREA_STYLE('',(#17835));
#17835 = FILL_AREA_STYLE_COLOUR('',#16540);
#17836 = STYLED_ITEM('color',(#17837),#9097);
#17837 = PRESENTATION_STYLE_ASSIGNMENT((#17838));
#17838 = SURFACE_STYLE_USAGE(.BOTH.,#17839);
#17839 = SURFACE_SIDE_STYLE('',(#17840));
#17840 = SURFACE_STYLE_FILL_AREA(#17841);
#17841 = FILL_AREA_STYLE('',(#17842));
#17842 = FILL_AREA_STYLE_COLOUR('',#16540);
#17843 = STYLED_ITEM('color',(#17844),#9114);
#17844 = PRESENTATION_STYLE_ASSIGNMENT((#17845));
#17845 = SURFACE_STYLE_USAGE(.BOTH.,#17846);
#17846 = SURFACE_SIDE_STYLE('',(#17847));
#17847 = SURFACE_STYLE_FILL_AREA(#17848);
#17848 = FILL_AREA_STYLE('',(#17849));
#17849 = FILL_AREA_STYLE_COLOUR('',#16540);
#17850 = STYLED_ITEM('color',(#17851),#9126);
#17851 = PRESENTATION_STYLE_ASSIGNMENT((#17852));
#17852 = SURFACE_STYLE_USAGE(.BOTH.,#17853);
#17853 = SURFACE_SIDE_STYLE('',(#17854));
#17854 = SURFACE_STYLE_FILL_AREA(#17855);
#17855 = FILL_AREA_STYLE('',(#17856));
#17856 = FILL_AREA_STYLE_COLOUR('',#16540);
#17857 = STYLED_ITEM('color',(#17858),#9143);
#17858 = PRESENTATION_STYLE_ASSIGNMENT((#17859));
#17859 = SURFACE_STYLE_USAGE(.BOTH.,#17860);
#17860 = SURFACE_SIDE_STYLE('',(#17861));
#17861 = SURFACE_STYLE_FILL_AREA(#17862);
#17862 = FILL_AREA_STYLE('',(#17863));
#17863 = FILL_AREA_STYLE_COLOUR('',#16540);
#17864 = STYLED_ITEM('color',(#17865),#9160);
#17865 = PRESENTATION_STYLE_ASSIGNMENT((#17866));
#17866 = SURFACE_STYLE_USAGE(.BOTH.,#17867);
#17867 = SURFACE_SIDE_STYLE('',(#17868));
#17868 = SURFACE_STYLE_FILL_AREA(#17869);
#17869 = FILL_AREA_STYLE('',(#17870));
#17870 = FILL_AREA_STYLE_COLOUR('',#16540);
#17871 = STYLED_ITEM('color',(#17872),#9172);
#17872 = PRESENTATION_STYLE_ASSIGNMENT((#17873));
#17873 = SURFACE_STYLE_USAGE(.BOTH.,#17874);
#17874 = SURFACE_SIDE_STYLE('',(#17875));
#17875 = SURFACE_STYLE_FILL_AREA(#17876);
#17876 = FILL_AREA_STYLE('',(#17877));
#17877 = FILL_AREA_STYLE_COLOUR('',#16540);
#17878 = STYLED_ITEM('color',(#17879),#9189);
#17879 = PRESENTATION_STYLE_ASSIGNMENT((#17880));
#17880 = SURFACE_STYLE_USAGE(.BOTH.,#17881);
#17881 = SURFACE_SIDE_STYLE('',(#17882));
#17882 = SURFACE_STYLE_FILL_AREA(#17883);
#17883 = FILL_AREA_STYLE('',(#17884));
#17884 = FILL_AREA_STYLE_COLOUR('',#16540);
#17885 = STYLED_ITEM('color',(#17886),#9206);
#17886 = PRESENTATION_STYLE_ASSIGNMENT((#17887));
#17887 = SURFACE_STYLE_USAGE(.BOTH.,#17888);
#17888 = SURFACE_SIDE_STYLE('',(#17889));
#17889 = SURFACE_STYLE_FILL_AREA(#17890);
#17890 = FILL_AREA_STYLE('',(#17891));
#17891 = FILL_AREA_STYLE_COLOUR('',#16540);
#17892 = MECHANICAL_DESIGN_GEOMETRIC_PRESENTATION_REPRESENTATION('',(
    #17893,#17900,#17907,#17914,#17921,#17928,#17935,#17942,#17949,
    #17956,#17963,#17970,#17977,#17984,#17991,#17998,#18005,#18012,
    #18019,#18026,#18033,#18040,#18047,#18054,#18061,#18068,#18075,
    #18082,#18089,#18096,#18103,#18110,#18117,#18124,#18131,#18138,
    #18145,#18152,#18159,#18166,#18173,#18180,#18187,#18194,#18201,
    #18208,#18215,#18222,#18229,#18236,#18243,#18250,#18257,#18264,
    #18271,#18278,#18285,#18292,#18299,#18306,#18313,#18320,#18327,
    #18334,#18341,#18348,#18355,#18362,#18369,#18376,#18383,#18390,
    #18397,#18404,#18411,#18418,#18425,#18432,#18439,#18446,#18453,
    #18460,#18467,#18474,#18481,#18488,#18495,#18502,#18509,#18516,
    #18523,#18530,#18537,#18544,#18551,#18558,#18565,#18572,#18579,
    #18586,#18593,#18600,#18607,#18614,#18621,#18628,#18635,#18642,
    #18649,#18656),#12754);
#17893 = STYLED_ITEM('color',(#17894),#9262);
#17894 = PRESENTATION_STYLE_ASSIGNMENT((#17895));
#17895 = SURFACE_STYLE_USAGE(.BOTH.,#17896);
#17896 = SURFACE_SIDE_STYLE('',(#17897));
#17897 = SURFACE_STYLE_FILL_AREA(#17898);
#17898 = FILL_AREA_STYLE('',(#17899));
#17899 = FILL_AREA_STYLE_COLOUR('',#15783);
#17900 = STYLED_ITEM('color',(#17901),#9302);
#17901 = PRESENTATION_STYLE_ASSIGNMENT((#17902));
#17902 = SURFACE_STYLE_USAGE(.BOTH.,#17903);
#17903 = SURFACE_SIDE_STYLE('',(#17904));
#17904 = SURFACE_STYLE_FILL_AREA(#17905);
#17905 = FILL_AREA_STYLE('',(#17906));
#17906 = FILL_AREA_STYLE_COLOUR('',#15783);
#17907 = STYLED_ITEM('color',(#17908),#9382);
#17908 = PRESENTATION_STYLE_ASSIGNMENT((#17909));
#17909 = SURFACE_STYLE_USAGE(.BOTH.,#17910);
#17910 = SURFACE_SIDE_STYLE('',(#17911));
#17911 = SURFACE_STYLE_FILL_AREA(#17912);
#17912 = FILL_AREA_STYLE('',(#17913));
#17913 = FILL_AREA_STYLE_COLOUR('',#15783);
#17914 = STYLED_ITEM('color',(#17915),#9470);
#17915 = PRESENTATION_STYLE_ASSIGNMENT((#17916));
#17916 = SURFACE_STYLE_USAGE(.BOTH.,#17917);
#17917 = SURFACE_SIDE_STYLE('',(#17918));
#17918 = SURFACE_STYLE_FILL_AREA(#17919);
#17919 = FILL_AREA_STYLE('',(#17920));
#17920 = FILL_AREA_STYLE_COLOUR('',#15783);
#17921 = STYLED_ITEM('color',(#17922),#9527);
#17922 = PRESENTATION_STYLE_ASSIGNMENT((#17923));
#17923 = SURFACE_STYLE_USAGE(.BOTH.,#17924);
#17924 = SURFACE_SIDE_STYLE('',(#17925));
#17925 = SURFACE_STYLE_FILL_AREA(#17926);
#17926 = FILL_AREA_STYLE('',(#17927));
#17927 = FILL_AREA_STYLE_COLOUR('',#15783);
#17928 = STYLED_ITEM('color',(#17929),#9544);
#17929 = PRESENTATION_STYLE_ASSIGNMENT((#17930));
#17930 = SURFACE_STYLE_USAGE(.BOTH.,#17931);
#17931 = SURFACE_SIDE_STYLE('',(#17932));
#17932 = SURFACE_STYLE_FILL_AREA(#17933);
#17933 = FILL_AREA_STYLE('',(#17934));
#17934 = FILL_AREA_STYLE_COLOUR('',#15783);
#17935 = STYLED_ITEM('color',(#17936),#9568);
#17936 = PRESENTATION_STYLE_ASSIGNMENT((#17937));
#17937 = SURFACE_STYLE_USAGE(.BOTH.,#17938);
#17938 = SURFACE_SIDE_STYLE('',(#17939));
#17939 = SURFACE_STYLE_FILL_AREA(#17940);
#17940 = FILL_AREA_STYLE('',(#17941));
#17941 = FILL_AREA_STYLE_COLOUR('',#15783);
#17942 = STYLED_ITEM('color',(#17943),#9592);
#17943 = PRESENTATION_STYLE_ASSIGNMENT((#17944));
#17944 = SURFACE_STYLE_USAGE(.BOTH.,#17945);
#17945 = SURFACE_SIDE_STYLE('',(#17946));
#17946 = SURFACE_STYLE_FILL_AREA(#17947);
#17947 = FILL_AREA_STYLE('',(#17948));
#17948 = FILL_AREA_STYLE_COLOUR('',#15783);
#17949 = STYLED_ITEM('color',(#17950),#9616);
#17950 = PRESENTATION_STYLE_ASSIGNMENT((#17951));
#17951 = SURFACE_STYLE_USAGE(.BOTH.,#17952);
#17952 = SURFACE_SIDE_STYLE('',(#17953));
#17953 = SURFACE_STYLE_FILL_AREA(#17954);
#17954 = FILL_AREA_STYLE('',(#17955));
#17955 = FILL_AREA_STYLE_COLOUR('',#15783);
#17956 = STYLED_ITEM('color',(#17957),#9672);
#17957 = PRESENTATION_STYLE_ASSIGNMENT((#17958));
#17958 = SURFACE_STYLE_USAGE(.BOTH.,#17959);
#17959 = SURFACE_SIDE_STYLE('',(#17960));
#17960 = SURFACE_STYLE_FILL_AREA(#17961);
#17961 = FILL_AREA_STYLE('',(#17962));
#17962 = FILL_AREA_STYLE_COLOUR('',#15783);
#17963 = STYLED_ITEM('color',(#17964),#9808);
#17964 = PRESENTATION_STYLE_ASSIGNMENT((#17965));
#17965 = SURFACE_STYLE_USAGE(.BOTH.,#17966);
#17966 = SURFACE_SIDE_STYLE('',(#17967));
#17967 = SURFACE_STYLE_FILL_AREA(#17968);
#17968 = FILL_AREA_STYLE('',(#17969));
#17969 = FILL_AREA_STYLE_COLOUR('',#15783);
#17970 = STYLED_ITEM('color',(#17971),#9839);
#17971 = PRESENTATION_STYLE_ASSIGNMENT((#17972));
#17972 = SURFACE_STYLE_USAGE(.BOTH.,#17973);
#17973 = SURFACE_SIDE_STYLE('',(#17974));
#17974 = SURFACE_STYLE_FILL_AREA(#17975);
#17975 = FILL_AREA_STYLE('',(#17976));
#17976 = FILL_AREA_STYLE_COLOUR('',#15783);
#17977 = STYLED_ITEM('color',(#17978),#9851);
#17978 = PRESENTATION_STYLE_ASSIGNMENT((#17979));
#17979 = SURFACE_STYLE_USAGE(.BOTH.,#17980);
#17980 = SURFACE_SIDE_STYLE('',(#17981));
#17981 = SURFACE_STYLE_FILL_AREA(#17982);
#17982 = FILL_AREA_STYLE('',(#17983));
#17983 = FILL_AREA_STYLE_COLOUR('',#15783);
#17984 = STYLED_ITEM('color',(#17985),#9937);
#17985 = PRESENTATION_STYLE_ASSIGNMENT((#17986));
#17986 = SURFACE_STYLE_USAGE(.BOTH.,#17987);
#17987 = SURFACE_SIDE_STYLE('',(#17988));
#17988 = SURFACE_STYLE_FILL_AREA(#17989);
#17989 = FILL_AREA_STYLE('',(#17990));
#17990 = FILL_AREA_STYLE_COLOUR('',#15783);
#17991 = STYLED_ITEM('color',(#17992),#9951);
#17992 = PRESENTATION_STYLE_ASSIGNMENT((#17993));
#17993 = SURFACE_STYLE_USAGE(.BOTH.,#17994);
#17994 = SURFACE_SIDE_STYLE('',(#17995));
#17995 = SURFACE_STYLE_FILL_AREA(#17996);
#17996 = FILL_AREA_STYLE('',(#17997));
#17997 = FILL_AREA_STYLE_COLOUR('',#15783);
#17998 = STYLED_ITEM('color',(#17999),#10007);
#17999 = PRESENTATION_STYLE_ASSIGNMENT((#18000));
#18000 = SURFACE_STYLE_USAGE(.BOTH.,#18001);
#18001 = SURFACE_SIDE_STYLE('',(#18002));
#18002 = SURFACE_STYLE_FILL_AREA(#18003);
#18003 = FILL_AREA_STYLE('',(#18004));
#18004 = FILL_AREA_STYLE_COLOUR('',#15783);
#18005 = STYLED_ITEM('color',(#18006),#10064);
#18006 = PRESENTATION_STYLE_ASSIGNMENT((#18007));
#18007 = SURFACE_STYLE_USAGE(.BOTH.,#18008);
#18008 = SURFACE_SIDE_STYLE('',(#18009));
#18009 = SURFACE_STYLE_FILL_AREA(#18010);
#18010 = FILL_AREA_STYLE('',(#18011));
#18011 = FILL_AREA_STYLE_COLOUR('',#15783);
#18012 = STYLED_ITEM('color',(#18013),#10088);
#18013 = PRESENTATION_STYLE_ASSIGNMENT((#18014));
#18014 = SURFACE_STYLE_USAGE(.BOTH.,#18015);
#18015 = SURFACE_SIDE_STYLE('',(#18016));
#18016 = SURFACE_STYLE_FILL_AREA(#18017);
#18017 = FILL_AREA_STYLE('',(#18018));
#18018 = FILL_AREA_STYLE_COLOUR('',#15783);
#18019 = STYLED_ITEM('color',(#18020),#10161);
#18020 = PRESENTATION_STYLE_ASSIGNMENT((#18021));
#18021 = SURFACE_STYLE_USAGE(.BOTH.,#18022);
#18022 = SURFACE_SIDE_STYLE('',(#18023));
#18023 = SURFACE_STYLE_FILL_AREA(#18024);
#18024 = FILL_AREA_STYLE('',(#18025));
#18025 = FILL_AREA_STYLE_COLOUR('',#15783);
#18026 = STYLED_ITEM('color',(#18027),#10185);
#18027 = PRESENTATION_STYLE_ASSIGNMENT((#18028));
#18028 = SURFACE_STYLE_USAGE(.BOTH.,#18029);
#18029 = SURFACE_SIDE_STYLE('',(#18030));
#18030 = SURFACE_STYLE_FILL_AREA(#18031);
#18031 = FILL_AREA_STYLE('',(#18032));
#18032 = FILL_AREA_STYLE_COLOUR('',#15783);
#18033 = STYLED_ITEM('color',(#18034),#10218);
#18034 = PRESENTATION_STYLE_ASSIGNMENT((#18035));
#18035 = SURFACE_STYLE_USAGE(.BOTH.,#18036);
#18036 = SURFACE_SIDE_STYLE('',(#18037));
#18037 = SURFACE_STYLE_FILL_AREA(#18038);
#18038 = FILL_AREA_STYLE('',(#18039));
#18039 = FILL_AREA_STYLE_COLOUR('',#15783);
#18040 = STYLED_ITEM('color',(#18041),#10329);
#18041 = PRESENTATION_STYLE_ASSIGNMENT((#18042));
#18042 = SURFACE_STYLE_USAGE(.BOTH.,#18043);
#18043 = SURFACE_SIDE_STYLE('',(#18044));
#18044 = SURFACE_STYLE_FILL_AREA(#18045);
#18045 = FILL_AREA_STYLE('',(#18046));
#18046 = FILL_AREA_STYLE_COLOUR('',#15783);
#18047 = STYLED_ITEM('color',(#18048),#10446);
#18048 = PRESENTATION_STYLE_ASSIGNMENT((#18049));
#18049 = SURFACE_STYLE_USAGE(.BOTH.,#18050);
#18050 = SURFACE_SIDE_STYLE('',(#18051));
#18051 = SURFACE_STYLE_FILL_AREA(#18052);
#18052 = FILL_AREA_STYLE('',(#18053));
#18053 = FILL_AREA_STYLE_COLOUR('',#15783);
#18054 = STYLED_ITEM('color',(#18055),#10486);
#18055 = PRESENTATION_STYLE_ASSIGNMENT((#18056));
#18056 = SURFACE_STYLE_USAGE(.BOTH.,#18057);
#18057 = SURFACE_SIDE_STYLE('',(#18058));
#18058 = SURFACE_STYLE_FILL_AREA(#18059);
#18059 = FILL_AREA_STYLE('',(#18060));
#18060 = FILL_AREA_STYLE_COLOUR('',#15783);
#18061 = STYLED_ITEM('color',(#18062),#10517);
#18062 = PRESENTATION_STYLE_ASSIGNMENT((#18063));
#18063 = SURFACE_STYLE_USAGE(.BOTH.,#18064);
#18064 = SURFACE_SIDE_STYLE('',(#18065));
#18065 = SURFACE_STYLE_FILL_AREA(#18066);
#18066 = FILL_AREA_STYLE('',(#18067));
#18067 = FILL_AREA_STYLE_COLOUR('',#15783);
#18068 = STYLED_ITEM('color',(#18069),#10535);
#18069 = PRESENTATION_STYLE_ASSIGNMENT((#18070));
#18070 = SURFACE_STYLE_USAGE(.BOTH.,#18071);
#18071 = SURFACE_SIDE_STYLE('',(#18072));
#18072 = SURFACE_STYLE_FILL_AREA(#18073);
#18073 = FILL_AREA_STYLE('',(#18074));
#18074 = FILL_AREA_STYLE_COLOUR('',#15783);
#18075 = STYLED_ITEM('color',(#18076),#10552);
#18076 = PRESENTATION_STYLE_ASSIGNMENT((#18077));
#18077 = SURFACE_STYLE_USAGE(.BOTH.,#18078);
#18078 = SURFACE_SIDE_STYLE('',(#18079));
#18079 = SURFACE_STYLE_FILL_AREA(#18080);
#18080 = FILL_AREA_STYLE('',(#18081));
#18081 = FILL_AREA_STYLE_COLOUR('',#15783);
#18082 = STYLED_ITEM('color',(#18083),#10570);
#18083 = PRESENTATION_STYLE_ASSIGNMENT((#18084));
#18084 = SURFACE_STYLE_USAGE(.BOTH.,#18085);
#18085 = SURFACE_SIDE_STYLE('',(#18086));
#18086 = SURFACE_STYLE_FILL_AREA(#18087);
#18087 = FILL_AREA_STYLE('',(#18088));
#18088 = FILL_AREA_STYLE_COLOUR('',#15783);
#18089 = STYLED_ITEM('color',(#18090),#10596);
#18090 = PRESENTATION_STYLE_ASSIGNMENT((#18091));
#18091 = SURFACE_STYLE_USAGE(.BOTH.,#18092);
#18092 = SURFACE_SIDE_STYLE('',(#18093));
#18093 = SURFACE_STYLE_FILL_AREA(#18094);
#18094 = FILL_AREA_STYLE('',(#18095));
#18095 = FILL_AREA_STYLE_COLOUR('',#15783);
#18096 = STYLED_ITEM('color',(#18097),#10627);
#18097 = PRESENTATION_STYLE_ASSIGNMENT((#18098));
#18098 = SURFACE_STYLE_USAGE(.BOTH.,#18099);
#18099 = SURFACE_SIDE_STYLE('',(#18100));
#18100 = SURFACE_STYLE_FILL_AREA(#18101);
#18101 = FILL_AREA_STYLE('',(#18102));
#18102 = FILL_AREA_STYLE_COLOUR('',#15783);
#18103 = STYLED_ITEM('color',(#18104),#10644);
#18104 = PRESENTATION_STYLE_ASSIGNMENT((#18105));
#18105 = SURFACE_STYLE_USAGE(.BOTH.,#18106);
#18106 = SURFACE_SIDE_STYLE('',(#18107));
#18107 = SURFACE_STYLE_FILL_AREA(#18108);
#18108 = FILL_AREA_STYLE('',(#18109));
#18109 = FILL_AREA_STYLE_COLOUR('',#15783);
#18110 = STYLED_ITEM('color',(#18111),#10677);
#18111 = PRESENTATION_STYLE_ASSIGNMENT((#18112));
#18112 = SURFACE_STYLE_USAGE(.BOTH.,#18113);
#18113 = SURFACE_SIDE_STYLE('',(#18114));
#18114 = SURFACE_STYLE_FILL_AREA(#18115);
#18115 = FILL_AREA_STYLE('',(#18116));
#18116 = FILL_AREA_STYLE_COLOUR('',#15783);
#18117 = STYLED_ITEM('color',(#18118),#10717);
#18118 = PRESENTATION_STYLE_ASSIGNMENT((#18119));
#18119 = SURFACE_STYLE_USAGE(.BOTH.,#18120);
#18120 = SURFACE_SIDE_STYLE('',(#18121));
#18121 = SURFACE_STYLE_FILL_AREA(#18122);
#18122 = FILL_AREA_STYLE('',(#18123));
#18123 = FILL_AREA_STYLE_COLOUR('',#15783);
#18124 = STYLED_ITEM('color',(#18125),#10740);
#18125 = PRESENTATION_STYLE_ASSIGNMENT((#18126));
#18126 = SURFACE_STYLE_USAGE(.BOTH.,#18127);
#18127 = SURFACE_SIDE_STYLE('',(#18128));
#18128 = SURFACE_STYLE_FILL_AREA(#18129);
#18129 = FILL_AREA_STYLE('',(#18130));
#18130 = FILL_AREA_STYLE_COLOUR('',#15783);
#18131 = STYLED_ITEM('color',(#18132),#10789);
#18132 = PRESENTATION_STYLE_ASSIGNMENT((#18133));
#18133 = SURFACE_STYLE_USAGE(.BOTH.,#18134);
#18134 = SURFACE_SIDE_STYLE('',(#18135));
#18135 = SURFACE_STYLE_FILL_AREA(#18136);
#18136 = FILL_AREA_STYLE('',(#18137));
#18137 = FILL_AREA_STYLE_COLOUR('',#15783);
#18138 = STYLED_ITEM('color',(#18139),#10813);
#18139 = PRESENTATION_STYLE_ASSIGNMENT((#18140));
#18140 = SURFACE_STYLE_USAGE(.BOTH.,#18141);
#18141 = SURFACE_SIDE_STYLE('',(#18142));
#18142 = SURFACE_STYLE_FILL_AREA(#18143);
#18143 = FILL_AREA_STYLE('',(#18144));
#18144 = FILL_AREA_STYLE_COLOUR('',#15783);
#18145 = STYLED_ITEM('color',(#18146),#10860);
#18146 = PRESENTATION_STYLE_ASSIGNMENT((#18147));
#18147 = SURFACE_STYLE_USAGE(.BOTH.,#18148);
#18148 = SURFACE_SIDE_STYLE('',(#18149));
#18149 = SURFACE_STYLE_FILL_AREA(#18150);
#18150 = FILL_AREA_STYLE('',(#18151));
#18151 = FILL_AREA_STYLE_COLOUR('',#15783);
#18152 = STYLED_ITEM('color',(#18153),#10877);
#18153 = PRESENTATION_STYLE_ASSIGNMENT((#18154));
#18154 = SURFACE_STYLE_USAGE(.BOTH.,#18155);
#18155 = SURFACE_SIDE_STYLE('',(#18156));
#18156 = SURFACE_STYLE_FILL_AREA(#18157);
#18157 = FILL_AREA_STYLE('',(#18158));
#18158 = FILL_AREA_STYLE_COLOUR('',#15783);
#18159 = STYLED_ITEM('color',(#18160),#10894);
#18160 = PRESENTATION_STYLE_ASSIGNMENT((#18161));
#18161 = SURFACE_STYLE_USAGE(.BOTH.,#18162);
#18162 = SURFACE_SIDE_STYLE('',(#18163));
#18163 = SURFACE_STYLE_FILL_AREA(#18164);
#18164 = FILL_AREA_STYLE('',(#18165));
#18165 = FILL_AREA_STYLE_COLOUR('',#15783);
#18166 = STYLED_ITEM('color',(#18167),#10906);
#18167 = PRESENTATION_STYLE_ASSIGNMENT((#18168));
#18168 = SURFACE_STYLE_USAGE(.BOTH.,#18169);
#18169 = SURFACE_SIDE_STYLE('',(#18170));
#18170 = SURFACE_STYLE_FILL_AREA(#18171);
#18171 = FILL_AREA_STYLE('',(#18172));
#18172 = FILL_AREA_STYLE_COLOUR('',#15783);
#18173 = STYLED_ITEM('color',(#18174),#10953);
#18174 = PRESENTATION_STYLE_ASSIGNMENT((#18175));
#18175 = SURFACE_STYLE_USAGE(.BOTH.,#18176);
#18176 = SURFACE_SIDE_STYLE('',(#18177));
#18177 = SURFACE_STYLE_FILL_AREA(#18178);
#18178 = FILL_AREA_STYLE('',(#18179));
#18179 = FILL_AREA_STYLE_COLOUR('',#15783);
#18180 = STYLED_ITEM('color',(#18181),#10984);
#18181 = PRESENTATION_STYLE_ASSIGNMENT((#18182));
#18182 = SURFACE_STYLE_USAGE(.BOTH.,#18183);
#18183 = SURFACE_SIDE_STYLE('',(#18184));
#18184 = SURFACE_STYLE_FILL_AREA(#18185);
#18185 = FILL_AREA_STYLE('',(#18186));
#18186 = FILL_AREA_STYLE_COLOUR('',#15783);
#18187 = STYLED_ITEM('color',(#18188),#11001);
#18188 = PRESENTATION_STYLE_ASSIGNMENT((#18189));
#18189 = SURFACE_STYLE_USAGE(.BOTH.,#18190);
#18190 = SURFACE_SIDE_STYLE('',(#18191));
#18191 = SURFACE_STYLE_FILL_AREA(#18192);
#18192 = FILL_AREA_STYLE('',(#18193));
#18193 = FILL_AREA_STYLE_COLOUR('',#15783);
#18194 = STYLED_ITEM('color',(#18195),#11018);
#18195 = PRESENTATION_STYLE_ASSIGNMENT((#18196));
#18196 = SURFACE_STYLE_USAGE(.BOTH.,#18197);
#18197 = SURFACE_SIDE_STYLE('',(#18198));
#18198 = SURFACE_STYLE_FILL_AREA(#18199);
#18199 = FILL_AREA_STYLE('',(#18200));
#18200 = FILL_AREA_STYLE_COLOUR('',#15783);
#18201 = STYLED_ITEM('color',(#18202),#11042);
#18202 = PRESENTATION_STYLE_ASSIGNMENT((#18203));
#18203 = SURFACE_STYLE_USAGE(.BOTH.,#18204);
#18204 = SURFACE_SIDE_STYLE('',(#18205));
#18205 = SURFACE_STYLE_FILL_AREA(#18206);
#18206 = FILL_AREA_STYLE('',(#18207));
#18207 = FILL_AREA_STYLE_COLOUR('',#15783);
#18208 = STYLED_ITEM('color',(#18209),#11066);
#18209 = PRESENTATION_STYLE_ASSIGNMENT((#18210));
#18210 = SURFACE_STYLE_USAGE(.BOTH.,#18211);
#18211 = SURFACE_SIDE_STYLE('',(#18212));
#18212 = SURFACE_STYLE_FILL_AREA(#18213);
#18213 = FILL_AREA_STYLE('',(#18214));
#18214 = FILL_AREA_STYLE_COLOUR('',#15783);
#18215 = STYLED_ITEM('color',(#18216),#11083);
#18216 = PRESENTATION_STYLE_ASSIGNMENT((#18217));
#18217 = SURFACE_STYLE_USAGE(.BOTH.,#18218);
#18218 = SURFACE_SIDE_STYLE('',(#18219));
#18219 = SURFACE_STYLE_FILL_AREA(#18220);
#18220 = FILL_AREA_STYLE('',(#18221));
#18221 = FILL_AREA_STYLE_COLOUR('',#15783);
#18222 = STYLED_ITEM('color',(#18223),#11100);
#18223 = PRESENTATION_STYLE_ASSIGNMENT((#18224));
#18224 = SURFACE_STYLE_USAGE(.BOTH.,#18225);
#18225 = SURFACE_SIDE_STYLE('',(#18226));
#18226 = SURFACE_STYLE_FILL_AREA(#18227);
#18227 = FILL_AREA_STYLE('',(#18228));
#18228 = FILL_AREA_STYLE_COLOUR('',#15783);
#18229 = STYLED_ITEM('color',(#18230),#11112);
#18230 = PRESENTATION_STYLE_ASSIGNMENT((#18231));
#18231 = SURFACE_STYLE_USAGE(.BOTH.,#18232);
#18232 = SURFACE_SIDE_STYLE('',(#18233));
#18233 = SURFACE_STYLE_FILL_AREA(#18234);
#18234 = FILL_AREA_STYLE('',(#18235));
#18235 = FILL_AREA_STYLE_COLOUR('',#15783);
#18236 = STYLED_ITEM('color',(#18237),#11129);
#18237 = PRESENTATION_STYLE_ASSIGNMENT((#18238));
#18238 = SURFACE_STYLE_USAGE(.BOTH.,#18239);
#18239 = SURFACE_SIDE_STYLE('',(#18240));
#18240 = SURFACE_STYLE_FILL_AREA(#18241);
#18241 = FILL_AREA_STYLE('',(#18242));
#18242 = FILL_AREA_STYLE_COLOUR('',#15783);
#18243 = STYLED_ITEM('color',(#18244),#11141);
#18244 = PRESENTATION_STYLE_ASSIGNMENT((#18245));
#18245 = SURFACE_STYLE_USAGE(.BOTH.,#18246);
#18246 = SURFACE_SIDE_STYLE('',(#18247));
#18247 = SURFACE_STYLE_FILL_AREA(#18248);
#18248 = FILL_AREA_STYLE('',(#18249));
#18249 = FILL_AREA_STYLE_COLOUR('',#15783);
#18250 = STYLED_ITEM('color',(#18251),#11165);
#18251 = PRESENTATION_STYLE_ASSIGNMENT((#18252));
#18252 = SURFACE_STYLE_USAGE(.BOTH.,#18253);
#18253 = SURFACE_SIDE_STYLE('',(#18254));
#18254 = SURFACE_STYLE_FILL_AREA(#18255);
#18255 = FILL_AREA_STYLE('',(#18256));
#18256 = FILL_AREA_STYLE_COLOUR('',#15783);
#18257 = STYLED_ITEM('color',(#18258),#11183);
#18258 = PRESENTATION_STYLE_ASSIGNMENT((#18259));
#18259 = SURFACE_STYLE_USAGE(.BOTH.,#18260);
#18260 = SURFACE_SIDE_STYLE('',(#18261));
#18261 = SURFACE_STYLE_FILL_AREA(#18262);
#18262 = FILL_AREA_STYLE('',(#18263));
#18263 = FILL_AREA_STYLE_COLOUR('',#15783);
#18264 = STYLED_ITEM('color',(#18265),#11195);
#18265 = PRESENTATION_STYLE_ASSIGNMENT((#18266));
#18266 = SURFACE_STYLE_USAGE(.BOTH.,#18267);
#18267 = SURFACE_SIDE_STYLE('',(#18268));
#18268 = SURFACE_STYLE_FILL_AREA(#18269);
#18269 = FILL_AREA_STYLE('',(#18270));
#18270 = FILL_AREA_STYLE_COLOUR('',#15783);
#18271 = STYLED_ITEM('color',(#18272),#11209);
#18272 = PRESENTATION_STYLE_ASSIGNMENT((#18273));
#18273 = SURFACE_STYLE_USAGE(.BOTH.,#18274);
#18274 = SURFACE_SIDE_STYLE('',(#18275));
#18275 = SURFACE_STYLE_FILL_AREA(#18276);
#18276 = FILL_AREA_STYLE('',(#18277));
#18277 = FILL_AREA_STYLE_COLOUR('',#16540);
#18278 = STYLED_ITEM('color',(#18279),#11240);
#18279 = PRESENTATION_STYLE_ASSIGNMENT((#18280));
#18280 = SURFACE_STYLE_USAGE(.BOTH.,#18281);
#18281 = SURFACE_SIDE_STYLE('',(#18282));
#18282 = SURFACE_STYLE_FILL_AREA(#18283);
#18283 = FILL_AREA_STYLE('',(#18284));
#18284 = FILL_AREA_STYLE_COLOUR('',#16540);
#18285 = STYLED_ITEM('color',(#18286),#11264);
#18286 = PRESENTATION_STYLE_ASSIGNMENT((#18287));
#18287 = SURFACE_STYLE_USAGE(.BOTH.,#18288);
#18288 = SURFACE_SIDE_STYLE('',(#18289));
#18289 = SURFACE_STYLE_FILL_AREA(#18290);
#18290 = FILL_AREA_STYLE('',(#18291));
#18291 = FILL_AREA_STYLE_COLOUR('',#16540);
#18292 = STYLED_ITEM('color',(#18293),#11288);
#18293 = PRESENTATION_STYLE_ASSIGNMENT((#18294));
#18294 = SURFACE_STYLE_USAGE(.BOTH.,#18295);
#18295 = SURFACE_SIDE_STYLE('',(#18296));
#18296 = SURFACE_STYLE_FILL_AREA(#18297);
#18297 = FILL_AREA_STYLE('',(#18298));
#18298 = FILL_AREA_STYLE_COLOUR('',#16540);
#18299 = STYLED_ITEM('color',(#18300),#11305);
#18300 = PRESENTATION_STYLE_ASSIGNMENT((#18301));
#18301 = SURFACE_STYLE_USAGE(.BOTH.,#18302);
#18302 = SURFACE_SIDE_STYLE('',(#18303));
#18303 = SURFACE_STYLE_FILL_AREA(#18304);
#18304 = FILL_AREA_STYLE('',(#18305));
#18305 = FILL_AREA_STYLE_COLOUR('',#16540);
#18306 = STYLED_ITEM('color',(#18307),#11336);
#18307 = PRESENTATION_STYLE_ASSIGNMENT((#18308));
#18308 = SURFACE_STYLE_USAGE(.BOTH.,#18309);
#18309 = SURFACE_SIDE_STYLE('',(#18310));
#18310 = SURFACE_STYLE_FILL_AREA(#18311);
#18311 = FILL_AREA_STYLE('',(#18312));
#18312 = FILL_AREA_STYLE_COLOUR('',#16540);
#18313 = STYLED_ITEM('color',(#18314),#11360);
#18314 = PRESENTATION_STYLE_ASSIGNMENT((#18315));
#18315 = SURFACE_STYLE_USAGE(.BOTH.,#18316);
#18316 = SURFACE_SIDE_STYLE('',(#18317));
#18317 = SURFACE_STYLE_FILL_AREA(#18318);
#18318 = FILL_AREA_STYLE('',(#18319));
#18319 = FILL_AREA_STYLE_COLOUR('',#16540);
#18320 = STYLED_ITEM('color',(#18321),#11384);
#18321 = PRESENTATION_STYLE_ASSIGNMENT((#18322));
#18322 = SURFACE_STYLE_USAGE(.BOTH.,#18323);
#18323 = SURFACE_SIDE_STYLE('',(#18324));
#18324 = SURFACE_STYLE_FILL_AREA(#18325);
#18325 = FILL_AREA_STYLE('',(#18326));
#18326 = FILL_AREA_STYLE_COLOUR('',#16540);
#18327 = STYLED_ITEM('color',(#18328),#11401);
#18328 = PRESENTATION_STYLE_ASSIGNMENT((#18329));
#18329 = SURFACE_STYLE_USAGE(.BOTH.,#18330);
#18330 = SURFACE_SIDE_STYLE('',(#18331));
#18331 = SURFACE_STYLE_FILL_AREA(#18332);
#18332 = FILL_AREA_STYLE('',(#18333));
#18333 = FILL_AREA_STYLE_COLOUR('',#15783);
#18334 = STYLED_ITEM('color',(#18335),#11447);
#18335 = PRESENTATION_STYLE_ASSIGNMENT((#18336));
#18336 = SURFACE_STYLE_USAGE(.BOTH.,#18337);
#18337 = SURFACE_SIDE_STYLE('',(#18338));
#18338 = SURFACE_STYLE_FILL_AREA(#18339);
#18339 = FILL_AREA_STYLE('',(#18340));
#18340 = FILL_AREA_STYLE_COLOUR('',#15783);
#18341 = STYLED_ITEM('color',(#18342),#11493);
#18342 = PRESENTATION_STYLE_ASSIGNMENT((#18343));
#18343 = SURFACE_STYLE_USAGE(.BOTH.,#18344);
#18344 = SURFACE_SIDE_STYLE('',(#18345));
#18345 = SURFACE_STYLE_FILL_AREA(#18346);
#18346 = FILL_AREA_STYLE('',(#18347));
#18347 = FILL_AREA_STYLE_COLOUR('',#15783);
#18348 = STYLED_ITEM('color',(#18349),#11510);
#18349 = PRESENTATION_STYLE_ASSIGNMENT((#18350));
#18350 = SURFACE_STYLE_USAGE(.BOTH.,#18351);
#18351 = SURFACE_SIDE_STYLE('',(#18352));
#18352 = SURFACE_STYLE_FILL_AREA(#18353);
#18353 = FILL_AREA_STYLE('',(#18354));
#18354 = FILL_AREA_STYLE_COLOUR('',#15783);
#18355 = STYLED_ITEM('color',(#18356),#11522);
#18356 = PRESENTATION_STYLE_ASSIGNMENT((#18357));
#18357 = SURFACE_STYLE_USAGE(.BOTH.,#18358);
#18358 = SURFACE_SIDE_STYLE('',(#18359));
#18359 = SURFACE_STYLE_FILL_AREA(#18360);
#18360 = FILL_AREA_STYLE('',(#18361));
#18361 = FILL_AREA_STYLE_COLOUR('',#16540);
#18362 = STYLED_ITEM('color',(#18363),#11553);
#18363 = PRESENTATION_STYLE_ASSIGNMENT((#18364));
#18364 = SURFACE_STYLE_USAGE(.BOTH.,#18365);
#18365 = SURFACE_SIDE_STYLE('',(#18366));
#18366 = SURFACE_STYLE_FILL_AREA(#18367);
#18367 = FILL_AREA_STYLE('',(#18368));
#18368 = FILL_AREA_STYLE_COLOUR('',#16540);
#18369 = STYLED_ITEM('color',(#18370),#11577);
#18370 = PRESENTATION_STYLE_ASSIGNMENT((#18371));
#18371 = SURFACE_STYLE_USAGE(.BOTH.,#18372);
#18372 = SURFACE_SIDE_STYLE('',(#18373));
#18373 = SURFACE_STYLE_FILL_AREA(#18374);
#18374 = FILL_AREA_STYLE('',(#18375));
#18375 = FILL_AREA_STYLE_COLOUR('',#16540);
#18376 = STYLED_ITEM('color',(#18377),#11601);
#18377 = PRESENTATION_STYLE_ASSIGNMENT((#18378));
#18378 = SURFACE_STYLE_USAGE(.BOTH.,#18379);
#18379 = SURFACE_SIDE_STYLE('',(#18380));
#18380 = SURFACE_STYLE_FILL_AREA(#18381);
#18381 = FILL_AREA_STYLE('',(#18382));
#18382 = FILL_AREA_STYLE_COLOUR('',#16540);
#18383 = STYLED_ITEM('color',(#18384),#11618);
#18384 = PRESENTATION_STYLE_ASSIGNMENT((#18385));
#18385 = SURFACE_STYLE_USAGE(.BOTH.,#18386);
#18386 = SURFACE_SIDE_STYLE('',(#18387));
#18387 = SURFACE_STYLE_FILL_AREA(#18388);
#18388 = FILL_AREA_STYLE('',(#18389));
#18389 = FILL_AREA_STYLE_COLOUR('',#16540);
#18390 = STYLED_ITEM('color',(#18391),#11649);
#18391 = PRESENTATION_STYLE_ASSIGNMENT((#18392));
#18392 = SURFACE_STYLE_USAGE(.BOTH.,#18393);
#18393 = SURFACE_SIDE_STYLE('',(#18394));
#18394 = SURFACE_STYLE_FILL_AREA(#18395);
#18395 = FILL_AREA_STYLE('',(#18396));
#18396 = FILL_AREA_STYLE_COLOUR('',#16540);
#18397 = STYLED_ITEM('color',(#18398),#11673);
#18398 = PRESENTATION_STYLE_ASSIGNMENT((#18399));
#18399 = SURFACE_STYLE_USAGE(.BOTH.,#18400);
#18400 = SURFACE_SIDE_STYLE('',(#18401));
#18401 = SURFACE_STYLE_FILL_AREA(#18402);
#18402 = FILL_AREA_STYLE('',(#18403));
#18403 = FILL_AREA_STYLE_COLOUR('',#16540);
#18404 = STYLED_ITEM('color',(#18405),#11697);
#18405 = PRESENTATION_STYLE_ASSIGNMENT((#18406));
#18406 = SURFACE_STYLE_USAGE(.BOTH.,#18407);
#18407 = SURFACE_SIDE_STYLE('',(#18408));
#18408 = SURFACE_STYLE_FILL_AREA(#18409);
#18409 = FILL_AREA_STYLE('',(#18410));
#18410 = FILL_AREA_STYLE_COLOUR('',#16540);
#18411 = STYLED_ITEM('color',(#18412),#11714);
#18412 = PRESENTATION_STYLE_ASSIGNMENT((#18413));
#18413 = SURFACE_STYLE_USAGE(.BOTH.,#18414);
#18414 = SURFACE_SIDE_STYLE('',(#18415));
#18415 = SURFACE_STYLE_FILL_AREA(#18416);
#18416 = FILL_AREA_STYLE('',(#18417));
#18417 = FILL_AREA_STYLE_COLOUR('',#16540);
#18418 = STYLED_ITEM('color',(#18419),#11811);
#18419 = PRESENTATION_STYLE_ASSIGNMENT((#18420));
#18420 = SURFACE_STYLE_USAGE(.BOTH.,#18421);
#18421 = SURFACE_SIDE_STYLE('',(#18422));
#18422 = SURFACE_STYLE_FILL_AREA(#18423);
#18423 = FILL_AREA_STYLE('',(#18424));
#18424 = FILL_AREA_STYLE_COLOUR('',#16540);
#18425 = STYLED_ITEM('color',(#18426),#11835);
#18426 = PRESENTATION_STYLE_ASSIGNMENT((#18427));
#18427 = SURFACE_STYLE_USAGE(.BOTH.,#18428);
#18428 = SURFACE_SIDE_STYLE('',(#18429));
#18429 = SURFACE_STYLE_FILL_AREA(#18430);
#18430 = FILL_AREA_STYLE('',(#18431));
#18431 = FILL_AREA_STYLE_COLOUR('',#16540);
#18432 = STYLED_ITEM('color',(#18433),#11925);
#18433 = PRESENTATION_STYLE_ASSIGNMENT((#18434));
#18434 = SURFACE_STYLE_USAGE(.BOTH.,#18435);
#18435 = SURFACE_SIDE_STYLE('',(#18436));
#18436 = SURFACE_STYLE_FILL_AREA(#18437);
#18437 = FILL_AREA_STYLE('',(#18438));
#18438 = FILL_AREA_STYLE_COLOUR('',#16540);
#18439 = STYLED_ITEM('color',(#18440),#11942);
#18440 = PRESENTATION_STYLE_ASSIGNMENT((#18441));
#18441 = SURFACE_STYLE_USAGE(.BOTH.,#18442);
#18442 = SURFACE_SIDE_STYLE('',(#18443));
#18443 = SURFACE_STYLE_FILL_AREA(#18444);
#18444 = FILL_AREA_STYLE('',(#18445));
#18445 = FILL_AREA_STYLE_COLOUR('',#16540);
#18446 = STYLED_ITEM('color',(#18447),#12039);
#18447 = PRESENTATION_STYLE_ASSIGNMENT((#18448));
#18448 = SURFACE_STYLE_USAGE(.BOTH.,#18449);
#18449 = SURFACE_SIDE_STYLE('',(#18450));
#18450 = SURFACE_STYLE_FILL_AREA(#18451);
#18451 = FILL_AREA_STYLE('',(#18452));
#18452 = FILL_AREA_STYLE_COLOUR('',#16540);
#18453 = STYLED_ITEM('color',(#18454),#12063);
#18454 = PRESENTATION_STYLE_ASSIGNMENT((#18455));
#18455 = SURFACE_STYLE_USAGE(.BOTH.,#18456);
#18456 = SURFACE_SIDE_STYLE('',(#18457));
#18457 = SURFACE_STYLE_FILL_AREA(#18458);
#18458 = FILL_AREA_STYLE('',(#18459));
#18459 = FILL_AREA_STYLE_COLOUR('',#16540);
#18460 = STYLED_ITEM('color',(#18461),#12153);
#18461 = PRESENTATION_STYLE_ASSIGNMENT((#18462));
#18462 = SURFACE_STYLE_USAGE(.BOTH.,#18463);
#18463 = SURFACE_SIDE_STYLE('',(#18464));
#18464 = SURFACE_STYLE_FILL_AREA(#18465);
#18465 = FILL_AREA_STYLE('',(#18466));
#18466 = FILL_AREA_STYLE_COLOUR('',#16540);
#18467 = STYLED_ITEM('color',(#18468),#12170);
#18468 = PRESENTATION_STYLE_ASSIGNMENT((#18469));
#18469 = SURFACE_STYLE_USAGE(.BOTH.,#18470);
#18470 = SURFACE_SIDE_STYLE('',(#18471));
#18471 = SURFACE_STYLE_FILL_AREA(#18472);
#18472 = FILL_AREA_STYLE('',(#18473));
#18473 = FILL_AREA_STYLE_COLOUR('',#16540);
#18474 = STYLED_ITEM('color',(#18475),#12182);
#18475 = PRESENTATION_STYLE_ASSIGNMENT((#18476));
#18476 = SURFACE_STYLE_USAGE(.BOTH.,#18477);
#18477 = SURFACE_SIDE_STYLE('',(#18478));
#18478 = SURFACE_STYLE_FILL_AREA(#18479);
#18479 = FILL_AREA_STYLE('',(#18480));
#18480 = FILL_AREA_STYLE_COLOUR('',#16540);
#18481 = STYLED_ITEM('color',(#18482),#12194);
#18482 = PRESENTATION_STYLE_ASSIGNMENT((#18483));
#18483 = SURFACE_STYLE_USAGE(.BOTH.,#18484);
#18484 = SURFACE_SIDE_STYLE('',(#18485));
#18485 = SURFACE_STYLE_FILL_AREA(#18486);
#18486 = FILL_AREA_STYLE('',(#18487));
#18487 = FILL_AREA_STYLE_COLOUR('',#16540);
#18488 = STYLED_ITEM('color',(#18489),#12211);
#18489 = PRESENTATION_STYLE_ASSIGNMENT((#18490));
#18490 = SURFACE_STYLE_USAGE(.BOTH.,#18491);
#18491 = SURFACE_SIDE_STYLE('',(#18492));
#18492 = SURFACE_STYLE_FILL_AREA(#18493);
#18493 = FILL_AREA_STYLE('',(#18494));
#18494 = FILL_AREA_STYLE_COLOUR('',#16540);
#18495 = STYLED_ITEM('color',(#18496),#12228);
#18496 = PRESENTATION_STYLE_ASSIGNMENT((#18497));
#18497 = SURFACE_STYLE_USAGE(.BOTH.,#18498);
#18498 = SURFACE_SIDE_STYLE('',(#18499));
#18499 = SURFACE_STYLE_FILL_AREA(#18500);
#18500 = FILL_AREA_STYLE('',(#18501));
#18501 = FILL_AREA_STYLE_COLOUR('',#16540);
#18502 = STYLED_ITEM('color',(#18503),#12245);
#18503 = PRESENTATION_STYLE_ASSIGNMENT((#18504));
#18504 = SURFACE_STYLE_USAGE(.BOTH.,#18505);
#18505 = SURFACE_SIDE_STYLE('',(#18506));
#18506 = SURFACE_STYLE_FILL_AREA(#18507);
#18507 = FILL_AREA_STYLE('',(#18508));
#18508 = FILL_AREA_STYLE_COLOUR('',#16540);
#18509 = STYLED_ITEM('color',(#18510),#12278);
#18510 = PRESENTATION_STYLE_ASSIGNMENT((#18511));
#18511 = SURFACE_STYLE_USAGE(.BOTH.,#18512);
#18512 = SURFACE_SIDE_STYLE('',(#18513));
#18513 = SURFACE_STYLE_FILL_AREA(#18514);
#18514 = FILL_AREA_STYLE('',(#18515));
#18515 = FILL_AREA_STYLE_COLOUR('',#16540);
#18516 = STYLED_ITEM('color',(#18517),#12318);
#18517 = PRESENTATION_STYLE_ASSIGNMENT((#18518));
#18518 = SURFACE_STYLE_USAGE(.BOTH.,#18519);
#18519 = SURFACE_SIDE_STYLE('',(#18520));
#18520 = SURFACE_STYLE_FILL_AREA(#18521);
#18521 = FILL_AREA_STYLE('',(#18522));
#18522 = FILL_AREA_STYLE_COLOUR('',#16540);
#18523 = STYLED_ITEM('color',(#18524),#12349);
#18524 = PRESENTATION_STYLE_ASSIGNMENT((#18525));
#18525 = SURFACE_STYLE_USAGE(.BOTH.,#18526);
#18526 = SURFACE_SIDE_STYLE('',(#18527));
#18527 = SURFACE_STYLE_FILL_AREA(#18528);
#18528 = FILL_AREA_STYLE('',(#18529));
#18529 = FILL_AREA_STYLE_COLOUR('',#16540);
#18530 = STYLED_ITEM('color',(#18531),#12366);
#18531 = PRESENTATION_STYLE_ASSIGNMENT((#18532));
#18532 = SURFACE_STYLE_USAGE(.BOTH.,#18533);
#18533 = SURFACE_SIDE_STYLE('',(#18534));
#18534 = SURFACE_STYLE_FILL_AREA(#18535);
#18535 = FILL_AREA_STYLE('',(#18536));
#18536 = FILL_AREA_STYLE_COLOUR('',#16540);
#18537 = STYLED_ITEM('color',(#18538),#12383);
#18538 = PRESENTATION_STYLE_ASSIGNMENT((#18539));
#18539 = SURFACE_STYLE_USAGE(.BOTH.,#18540);
#18540 = SURFACE_SIDE_STYLE('',(#18541));
#18541 = SURFACE_STYLE_FILL_AREA(#18542);
#18542 = FILL_AREA_STYLE('',(#18543));
#18543 = FILL_AREA_STYLE_COLOUR('',#16540);
#18544 = STYLED_ITEM('color',(#18545),#12395);
#18545 = PRESENTATION_STYLE_ASSIGNMENT((#18546));
#18546 = SURFACE_STYLE_USAGE(.BOTH.,#18547);
#18547 = SURFACE_SIDE_STYLE('',(#18548));
#18548 = SURFACE_STYLE_FILL_AREA(#18549);
#18549 = FILL_AREA_STYLE('',(#18550));
#18550 = FILL_AREA_STYLE_COLOUR('',#16540);
#18551 = STYLED_ITEM('color',(#18552),#12428);
#18552 = PRESENTATION_STYLE_ASSIGNMENT((#18553));
#18553 = SURFACE_STYLE_USAGE(.BOTH.,#18554);
#18554 = SURFACE_SIDE_STYLE('',(#18555));
#18555 = SURFACE_STYLE_FILL_AREA(#18556);
#18556 = FILL_AREA_STYLE('',(#18557));
#18557 = FILL_AREA_STYLE_COLOUR('',#16540);
#18558 = STYLED_ITEM('color',(#18559),#12445);
#18559 = PRESENTATION_STYLE_ASSIGNMENT((#18560));
#18560 = SURFACE_STYLE_USAGE(.BOTH.,#18561);
#18561 = SURFACE_SIDE_STYLE('',(#18562));
#18562 = SURFACE_STYLE_FILL_AREA(#18563);
#18563 = FILL_AREA_STYLE('',(#18564));
#18564 = FILL_AREA_STYLE_COLOUR('',#16540);
#18565 = STYLED_ITEM('color',(#18566),#12462);
#18566 = PRESENTATION_STYLE_ASSIGNMENT((#18567));
#18567 = SURFACE_STYLE_USAGE(.BOTH.,#18568);
#18568 = SURFACE_SIDE_STYLE('',(#18569));
#18569 = SURFACE_STYLE_FILL_AREA(#18570);
#18570 = FILL_AREA_STYLE('',(#18571));
#18571 = FILL_AREA_STYLE_COLOUR('',#16540);
#18572 = STYLED_ITEM('color',(#18573),#12479);
#18573 = PRESENTATION_STYLE_ASSIGNMENT((#18574));
#18574 = SURFACE_STYLE_USAGE(.BOTH.,#18575);
#18575 = SURFACE_SIDE_STYLE('',(#18576));
#18576 = SURFACE_STYLE_FILL_AREA(#18577);
#18577 = FILL_AREA_STYLE('',(#18578));
#18578 = FILL_AREA_STYLE_COLOUR('',#16540);
#18579 = STYLED_ITEM('color',(#18580),#12512);
#18580 = PRESENTATION_STYLE_ASSIGNMENT((#18581));
#18581 = SURFACE_STYLE_USAGE(.BOTH.,#18582);
#18582 = SURFACE_SIDE_STYLE('',(#18583));
#18583 = SURFACE_STYLE_FILL_AREA(#18584);
#18584 = FILL_AREA_STYLE('',(#18585));
#18585 = FILL_AREA_STYLE_COLOUR('',#16540);
#18586 = STYLED_ITEM('color',(#18587),#12552);
#18587 = PRESENTATION_STYLE_ASSIGNMENT((#18588));
#18588 = SURFACE_STYLE_USAGE(.BOTH.,#18589);
#18589 = SURFACE_SIDE_STYLE('',(#18590));
#18590 = SURFACE_STYLE_FILL_AREA(#18591);
#18591 = FILL_AREA_STYLE('',(#18592));
#18592 = FILL_AREA_STYLE_COLOUR('',#16540);
#18593 = STYLED_ITEM('color',(#18594),#12583);
#18594 = PRESENTATION_STYLE_ASSIGNMENT((#18595));
#18595 = SURFACE_STYLE_USAGE(.BOTH.,#18596);
#18596 = SURFACE_SIDE_STYLE('',(#18597));
#18597 = SURFACE_STYLE_FILL_AREA(#18598);
#18598 = FILL_AREA_STYLE('',(#18599));
#18599 = FILL_AREA_STYLE_COLOUR('',#16540);
#18600 = STYLED_ITEM('color',(#18601),#12600);
#18601 = PRESENTATION_STYLE_ASSIGNMENT((#18602));
#18602 = SURFACE_STYLE_USAGE(.BOTH.,#18603);
#18603 = SURFACE_SIDE_STYLE('',(#18604));
#18604 = SURFACE_STYLE_FILL_AREA(#18605);
#18605 = FILL_AREA_STYLE('',(#18606));
#18606 = FILL_AREA_STYLE_COLOUR('',#16540);
#18607 = STYLED_ITEM('color',(#18608),#12617);
#18608 = PRESENTATION_STYLE_ASSIGNMENT((#18609));
#18609 = SURFACE_STYLE_USAGE(.BOTH.,#18610);
#18610 = SURFACE_SIDE_STYLE('',(#18611));
#18611 = SURFACE_STYLE_FILL_AREA(#18612);
#18612 = FILL_AREA_STYLE('',(#18613));
#18613 = FILL_AREA_STYLE_COLOUR('',#16540);
#18614 = STYLED_ITEM('color',(#18615),#12629);
#18615 = PRESENTATION_STYLE_ASSIGNMENT((#18616));
#18616 = SURFACE_STYLE_USAGE(.BOTH.,#18617);
#18617 = SURFACE_SIDE_STYLE('',(#18618));
#18618 = SURFACE_STYLE_FILL_AREA(#18619);
#18619 = FILL_AREA_STYLE('',(#18620));
#18620 = FILL_AREA_STYLE_COLOUR('',#16540);
#18621 = STYLED_ITEM('color',(#18622),#12662);
#18622 = PRESENTATION_STYLE_ASSIGNMENT((#18623));
#18623 = SURFACE_STYLE_USAGE(.BOTH.,#18624);
#18624 = SURFACE_SIDE_STYLE('',(#18625));
#18625 = SURFACE_STYLE_FILL_AREA(#18626);
#18626 = FILL_AREA_STYLE('',(#18627));
#18627 = FILL_AREA_STYLE_COLOUR('',#16540);
#18628 = STYLED_ITEM('color',(#18629),#12679);
#18629 = PRESENTATION_STYLE_ASSIGNMENT((#18630));
#18630 = SURFACE_STYLE_USAGE(.BOTH.,#18631);
#18631 = SURFACE_SIDE_STYLE('',(#18632));
#18632 = SURFACE_STYLE_FILL_AREA(#18633);
#18633 = FILL_AREA_STYLE('',(#18634));
#18634 = FILL_AREA_STYLE_COLOUR('',#16540);
#18635 = STYLED_ITEM('color',(#18636),#12696);
#18636 = PRESENTATION_STYLE_ASSIGNMENT((#18637));
#18637 = SURFACE_STYLE_USAGE(.BOTH.,#18638);
#18638 = SURFACE_SIDE_STYLE('',(#18639));
#18639 = SURFACE_STYLE_FILL_AREA(#18640);
#18640 = FILL_AREA_STYLE('',(#18641));
#18641 = FILL_AREA_STYLE_COLOUR('',#16540);
#18642 = STYLED_ITEM('color',(#18643),#12708);
#18643 = PRESENTATION_STYLE_ASSIGNMENT((#18644));
#18644 = SURFACE_STYLE_USAGE(.BOTH.,#18645);
#18645 = SURFACE_SIDE_STYLE('',(#18646));
#18646 = SURFACE_STYLE_FILL_AREA(#18647);
#18647 = FILL_AREA_STYLE('',(#18648));
#18648 = FILL_AREA_STYLE_COLOUR('',#16540);
#18649 = STYLED_ITEM('color',(#18650),#12725);
#18650 = PRESENTATION_STYLE_ASSIGNMENT((#18651));
#18651 = SURFACE_STYLE_USAGE(.BOTH.,#18652);
#18652 = SURFACE_SIDE_STYLE('',(#18653));
#18653 = SURFACE_STYLE_FILL_AREA(#18654);
#18654 = FILL_AREA_STYLE('',(#18655));
#18655 = FILL_AREA_STYLE_COLOUR('',#16540);
#18656 = STYLED_ITEM('color',(#18657),#12742);
#18657 = PRESENTATION_STYLE_ASSIGNMENT((#18658));
#18658 = SURFACE_STYLE_USAGE(.BOTH.,#18659);
#18659 = SURFACE_SIDE_STYLE('',(#18660));
#18660 = SURFACE_STYLE_FILL_AREA(#18661);
#18661 = FILL_AREA_STYLE('',(#18662));
#18662 = FILL_AREA_STYLE_COLOUR('',#16540);
#18663 = MECHANICAL_DESIGN_GEOMETRIC_PRESENTATION_REPRESENTATION('',(
    #18664),#13934);
#18664 = STYLED_ITEM('color',(#18665),#13365);
#18665 = PRESENTATION_STYLE_ASSIGNMENT((#18666));
#18666 = SURFACE_STYLE_USAGE(.BOTH.,#18667);
#18667 = SURFACE_SIDE_STYLE('',(#18668,#18672));
#18668 = SURFACE_STYLE_FILL_AREA(#18669);
#18669 = FILL_AREA_STYLE('',(#18670));
#18670 = FILL_AREA_STYLE_COLOUR('',#18671);
#18671 = COLOUR_RGB('',0.313304153717,0.484529207832,0.410020903123);
#18672 = SURFACE_STYLE_RENDERING_WITH_PROPERTIES(.NORMAL_SHADING.,#18671
  ,(#18673));
#18673 = SURFACE_STYLE_TRANSPARENT(0.170000016689);
#18674 = MECHANICAL_DESIGN_GEOMETRIC_PRESENTATION_REPRESENTATION('',(
    #18675),#15764);
#18675 = STYLED_ITEM('color',(#18676),#13953);
#18676 = PRESENTATION_STYLE_ASSIGNMENT((#18677));
#18677 = SURFACE_STYLE_USAGE(.BOTH.,#18678);
#18678 = SURFACE_SIDE_STYLE('',(#18679,#18683));
#18679 = SURFACE_STYLE_FILL_AREA(#18680);
#18680 = FILL_AREA_STYLE('',(#18681));
#18681 = FILL_AREA_STYLE_COLOUR('',#18682);
#18682 = COLOUR_RGB('',0.679975718802,0.701410709185,0.574871009914);
#18683 = SURFACE_STYLE_RENDERING_WITH_PROPERTIES(.NORMAL_SHADING.,#18682
  ,(#18684));
#18684 = SURFACE_STYLE_TRANSPARENT(1.999998092651E-02);
#18685 = MECHANICAL_DESIGN_GEOMETRIC_PRESENTATION_REPRESENTATION('',(
    #18686),#13344);
#18686 = STYLED_ITEM('color',(#18687),#12775);
#18687 = PRESENTATION_STYLE_ASSIGNMENT((#18688));
#18688 = SURFACE_STYLE_USAGE(.BOTH.,#18689);
#18689 = SURFACE_SIDE_STYLE('',(#18690,#18693));
#18690 = SURFACE_STYLE_FILL_AREA(#18691);
#18691 = FILL_AREA_STYLE('',(#18692));
#18692 = FILL_AREA_STYLE_COLOUR('',#18671);
#18693 = SURFACE_STYLE_RENDERING_WITH_PROPERTIES(.NORMAL_SHADING.,#18671
  ,(#18694));
#18694 = SURFACE_STYLE_TRANSPARENT(0.170000016689);
ENDSEC;
END-ISO-10303-21;
